date,Boone,Boyle,Breathitt,Bullitt,Clinton,Crittenden,Elliott,Graves,Hancock,Hardin,Hart,Henderson,Jackson,Jefferson,Johnson,Knott,Laurel,Livingston,Lyon,Martin,McCreary,Metcalfe,Nicholas,Owsley,Rockcastle,Taylor,Trigg,Washington,Webster,Adair,Ballard,Bath,Bracken,Clay,Cumberland,Estill,Garrard,Grayson,Hickman,Larue,Leslie,Letcher,Madison,Marion,McLean,Menifee,Ohio,Oldham,Perry,Powell,Robertson,Russell,Simpson,Spencer,Todd,Wayne,Wolfe,Woodford,Boyd,Butler,Calloway,Campbell,Carter,Clark,Floyd,Franklin,Fulton,Gallatin,Greenup,Harlan,Harrison,Jessamine,Kenton,Knox,Lee,Lincoln,Magoffin,McCracken,Meade,Mercer,Morgan,Pulaski,Scott,Shelby,Trimble,Union,Allen,Anderson,Bourbon,Caldwell,Carlisle,Christian,Daviess,Edmonson,Fayette,Fleming,Grant,Henry,Hopkins,Lewis,Logan,Marshall,Mason,Montgomery,Muhlenberg,Nelson,Owen,Pendleton,Pike,Warren,Whitley,Breckinridge,Bell,Carroll,Rowan,Casey,Unknown,Monroe,Lawrence,Green,Barren
01/21/2020,0,0,0,0,0,0,0,0,0,0,0,0,0,0,0,0,0,0,0,0,0,0,0,0,0,0,0,0,0,0,0,0,0,0,0,0,0,0,0,0,0,0,0,0,0,0,0,0,0,0,0,0,0,0,0,0,0,0,0,0,0,0,0,0,0,0,0,0,0,0,0,0,0,0,0,0,0,0,0,0,0,0,0,0,0,0,0,0,0,0,0,0,0,0,0,0,0,0,0,0,0,0,0,0,0,0,0,0,0,0,0,0,0,0,0,0,0,0,0,0,0
01/22/2020,0,0,0,0,0,0,0,0,0,0,0,0,0,0,0,0,0,0,0,0,0,0,0,0,0,0,0,0,0,0,0,0,0,0,0,0,0,0,0,0,0,0,0,0,0,0,0,0,0,0,0,0,0,0,0,0,0,0,0,0,0,0,0,0,0,0,0,0,0,0,0,0,0,0,0,0,0,0,0,0,0,0,0,0,0,0,0,0,0,0,0,0,0,0,0,0,0,0,0,0,0,0,0,0,0,0,0,0,0,0,0,0,0,0,0,0,0,0,0,0,0
01/23/2020,0,0,0,0,0,0,0,0,0,0,0,0,0,0,0,0,0,0,0,0,0,0,0,0,0,0,0,0,0,0,0,0,0,0,0,0,0,0,0,0,0,0,0,0,0,0,0,0,0,0,0,0,0,0,0,0,0,0,0,0,0,0,0,0,0,0,0,0,0,0,0,0,0,0,0,0,0,0,0,0,0,0,0,0,0,0,0,0,0,0,0,0,0,0,0,0,0,0,0,0,0,0,0,0,0,0,0,0,0,0,0,0,0,0,0,0,0,0,0,0,0
01/24/2020,0,0,0,0,0,0,0,0,0,0,0,0,0,0,0,0,0,0,0,0,0,0,0,0,0,0,0,0,0,0,0,0,0,0,0,0,0,0,0,0,0,0,0,0,0,0,0,0,0,0,0,0,0,0,0,0,0,0,0,0,0,0,0,0,0,0,0,0,0,0,0,0,0,0,0,0,0,0,0,0,0,0,0,0,0,0,0,0,0,0,0,0,0,0,0,0,0,0,0,0,0,0,0,0,0,0,0,0,0,0,0,0,0,0,0,0,0,0,0,0,0
01/25/2020,0,0,0,0,0,0,0,0,0,0,0,0,0,0,0,0,0,0,0,0,0,0,0,0,0,0,0,0,0,0,0,0,0,0,0,0,0,0,0,0,0,0,0,0,0,0,0,0,0,0,0,0,0,0,0,0,0,0,0,0,0,0,0,0,0,0,0,0,0,0,0,0,0,0,0,0,0,0,0,0,0,0,0,0,0,0,0,0,0,0,0,0,0,0,0,0,0,0,0,0,0,0,0,0,0,0,0,0,0,0,0,0,0,0,0,0,0,0,0,0,0
01/26/2020,0,0,0,0,0,0,0,0,0,0,0,0,0,0,0,0,0,0,0,0,0,0,0,0,0,0,0,0,0,0,0,0,0,0,0,0,0,0,0,0,0,0,0,0,0,0,0,0,0,0,0,0,0,0,0,0,0,0,0,0,0,0,0,0,0,0,0,0,0,0,0,0,0,0,0,0,0,0,0,0,0,0,0,0,0,0,0,0,0,0,0,0,0,0,0,0,0,0,0,0,0,0,0,0,0,0,0,0,0,0,0,0,0,0,0,0,0,0,0,0,0
01/27/2020,0,0,0,0,0,0,0,0,0,0,0,0,0,0,0,0,0,0,0,0,0,0,0,0,0,0,0,0,0,0,0,0,0,0,0,0,0,0,0,0,0,0,0,0,0,0,0,0,0,0,0,0,0,0,0,0,0,0,0,0,0,0,0,0,0,0,0,0,0,0,0,0,0,0,0,0,0,0,0,0,0,0,0,0,0,0,0,0,0,0,0,0,0,0,0,0,0,0,0,0,0,0,0,0,0,0,0,0,0,0,0,0,0,0,0,0,0,0,0,0,0
01/28/2020,0,0,0,0,0,0,0,0,0,0,0,0,0,0,0,0,0,0,0,0,0,0,0,0,0,0,0,0,0,0,0,0,0,0,0,0,0,0,0,0,0,0,0,0,0,0,0,0,0,0,0,0,0,0,0,0,0,0,0,0,0,0,0,0,0,0,0,0,0,0,0,0,0,0,0,0,0,0,0,0,0,0,0,0,0,0,0,0,0,0,0,0,0,0,0,0,0,0,0,0,0,0,0,0,0,0,0,0,0,0,0,0,0,0,0,0,0,0,0,0,0
01/29/2020,0,0,0,0,0,0,0,0,0,0,0,0,0,0,0,0,0,0,0,0,0,0,0,0,0,0,0,0,0,0,0,0,0,0,0,0,0,0,0,0,0,0,0,0,0,0,0,0,0,0,0,0,0,0,0,0,0,0,0,0,0,0,0,0,0,0,0,0,0,0,0,0,0,0,0,0,0,0,0,0,0,0,0,0,0,0,0,0,0,0,0,0,0,0,0,0,0,0,0,0,0,0,0,0,0,0,0,0,0,0,0,0,0,0,0,0,0,0,0,0,0
01/30/2020,0,0,0,0,0,0,0,0,0,0,0,0,0,0,0,0,0,0,0,0,0,0,0,0,0,0,0,0,0,0,0,0,0,0,0,0,0,0,0,0,0,0,0,0,0,0,0,0,0,0,0,0,0,0,0,0,0,0,0,0,0,0,0,0,0,0,0,0,0,0,0,0,0,0,0,0,0,0,0,0,0,0,0,0,0,0,0,0,0,0,0,0,0,0,0,0,0,0,0,0,0,0,0,0,0,0,0,0,0,0,0,0,0,0,0,0,0,0,0,0,0
01/31/2020,0,0,0,0,0,0,0,0,0,0,0,0,0,0,0,0,0,0,0,0,0,0,0,0,0,0,0,0,0,0,0,0,0,0,0,0,0,0,0,0,0,0,0,0,0,0,0,0,0,0,0,0,0,0,0,0,0,0,0,0,0,0,0,0,0,0,0,0,0,0,0,0,0,0,0,0,0,0,0,0,0,0,0,0,0,0,0,0,0,0,0,0,0,0,0,0,0,0,0,0,0,0,0,0,0,0,0,0,0,0,0,0,0,0,0,0,0,0,0,0,0
02/01/2020,0,0,0,0,0,0,0,0,0,0,0,0,0,0,0,0,0,0,0,0,0,0,0,0,0,0,0,0,0,0,0,0,0,0,0,0,0,0,0,0,0,0,0,0,0,0,0,0,0,0,0,0,0,0,0,0,0,0,0,0,0,0,0,0,0,0,0,0,0,0,0,0,0,0,0,0,0,0,0,0,0,0,0,0,0,0,0,0,0,0,0,0,0,0,0,0,0,0,0,0,0,0,0,0,0,0,0,0,0,0,0,0,0,0,0,0,0,0,0,0,0
02/02/2020,0,0,0,0,0,0,0,0,0,0,0,0,0,0,0,0,0,0,0,0,0,0,0,0,0,0,0,0,0,0,0,0,0,0,0,0,0,0,0,0,0,0,0,0,0,0,0,0,0,0,0,0,0,0,0,0,0,0,0,0,0,0,0,0,0,0,0,0,0,0,0,0,0,0,0,0,0,0,0,0,0,0,0,0,0,0,0,0,0,0,0,0,0,0,0,0,0,0,0,0,0,0,0,0,0,0,0,0,0,0,0,0,0,0,0,0,0,0,0,0,0
02/03/2020,0,0,0,0,0,0,0,0,0,0,0,0,0,0,0,0,0,0,0,0,0,0,0,0,0,0,0,0,0,0,0,0,0,0,0,0,0,0,0,0,0,0,0,0,0,0,0,0,0,0,0,0,0,0,0,0,0,0,0,0,0,0,0,0,0,0,0,0,0,0,0,0,0,0,0,0,0,0,0,0,0,0,0,0,0,0,0,0,0,0,0,0,0,0,0,0,0,0,0,0,0,0,0,0,0,0,0,0,0,0,0,0,0,0,0,0,0,0,0,0,0
02/04/2020,0,0,0,0,0,0,0,0,0,0,0,0,0,0,0,0,0,0,0,0,0,0,0,0,0,0,0,0,0,0,0,0,0,0,0,0,0,0,0,0,0,0,0,0,0,0,0,0,0,0,0,0,0,0,0,0,0,0,0,0,0,0,0,0,0,0,0,0,0,0,0,0,0,0,0,0,0,0,0,0,0,0,0,0,0,0,0,0,0,0,0,0,0,0,0,0,0,0,0,0,0,0,0,0,0,0,0,0,0,0,0,0,0,0,0,0,0,0,0,0,0
02/05/2020,0,0,0,0,0,0,0,0,0,0,0,0,0,0,0,0,0,0,0,0,0,0,0,0,0,0,0,0,0,0,0,0,0,0,0,0,0,0,0,0,0,0,0,0,0,0,0,0,0,0,0,0,0,0,0,0,0,0,0,0,0,0,0,0,0,0,0,0,0,0,0,0,0,0,0,0,0,0,0,0,0,0,0,0,0,0,0,0,0,0,0,0,0,0,0,0,0,0,0,0,0,0,0,0,0,0,0,0,0,0,0,0,0,0,0,0,0,0,0,0,0
02/06/2020,0,0,0,0,0,0,0,0,0,0,0,0,0,0,0,0,0,0,0,0,0,0,0,0,0,0,0,0,0,0,0,0,0,0,0,0,0,0,0,0,0,0,0,0,0,0,0,0,0,0,0,0,0,0,0,0,0,0,0,0,0,0,0,0,0,0,0,0,0,0,0,0,0,0,0,0,0,0,0,0,0,0,0,0,0,0,0,0,0,0,0,0,0,0,0,0,0,0,0,0,0,0,0,0,0,0,0,0,0,0,0,0,0,0,0,0,0,0,0,0,0
02/07/2020,0,0,0,0,0,0,0,0,0,0,0,0,0,0,0,0,0,0,0,0,0,0,0,0,0,0,0,0,0,0,0,0,0,0,0,0,0,0,0,0,0,0,0,0,0,0,0,0,0,0,0,0,0,0,0,0,0,0,0,0,0,0,0,0,0,0,0,0,0,0,0,0,0,0,0,0,0,0,0,0,0,0,0,0,0,0,0,0,0,0,0,0,0,0,0,0,0,0,0,0,0,0,0,0,0,0,0,0,0,0,0,0,0,0,0,0,0,0,0,0,0
02/08/2020,0,0,0,0,0,0,0,0,0,0,0,0,0,0,0,0,0,0,0,0,0,0,0,0,0,0,0,0,0,0,0,0,0,0,0,0,0,0,0,0,0,0,0,0,0,0,0,0,0,0,0,0,0,0,0,0,0,0,0,0,0,0,0,0,0,0,0,0,0,0,0,0,0,0,0,0,0,0,0,0,0,0,0,0,0,0,0,0,0,0,0,0,0,0,0,0,0,0,0,0,0,0,0,0,0,0,0,0,0,0,0,0,0,0,0,0,0,0,0,0,0
02/09/2020,0,0,0,0,0,0,0,0,0,0,0,0,0,0,0,0,0,0,0,0,0,0,0,0,0,0,0,0,0,0,0,0,0,0,0,0,0,0,0,0,0,0,0,0,0,0,0,0,0,0,0,0,0,0,0,0,0,0,0,0,0,0,0,0,0,0,0,0,0,0,0,0,0,0,0,0,0,0,0,0,0,0,0,0,0,0,0,0,0,0,0,0,0,0,0,0,0,0,0,0,0,0,0,0,0,0,0,0,0,0,0,0,0,0,0,0,0,0,0,0,0
02/10/2020,0,0,0,0,0,0,0,0,0,0,0,0,0,0,0,0,0,0,0,0,0,0,0,0,0,0,0,0,0,0,0,0,0,0,0,0,0,0,0,0,0,0,0,0,0,0,0,0,0,0,0,0,0,0,0,0,0,0,0,0,0,0,0,0,0,0,0,0,0,0,0,0,0,0,0,0,0,0,0,0,0,0,0,0,0,0,0,0,0,0,0,0,0,0,0,0,0,0,0,0,0,0,0,0,0,0,0,0,0,0,0,0,0,0,0,0,0,0,0,0,0
02/11/2020,0,0,0,0,0,0,0,0,0,0,0,0,0,0,0,0,0,0,0,0,0,0,0,0,0,0,0,0,0,0,0,0,0,0,0,0,0,0,0,0,0,0,0,0,0,0,0,0,0,0,0,0,0,0,0,0,0,0,0,0,0,0,0,0,0,0,0,0,0,0,0,0,0,0,0,0,0,0,0,0,0,0,0,0,0,0,0,0,0,0,0,0,0,0,0,0,0,0,0,0,0,0,0,0,0,0,0,0,0,0,0,0,0,0,0,0,0,0,0,0,0
02/12/2020,0,0,0,0,0,0,0,0,0,0,0,0,0,0,0,0,0,0,0,0,0,0,0,0,0,0,0,0,0,0,0,0,0,0,0,0,0,0,0,0,0,0,0,0,0,0,0,0,0,0,0,0,0,0,0,0,0,0,0,0,0,0,0,0,0,0,0,0,0,0,0,0,0,0,0,0,0,0,0,0,0,0,0,0,0,0,0,0,0,0,0,0,0,0,0,0,0,0,0,0,0,0,0,0,0,0,0,0,0,0,0,0,0,0,0,0,0,0,0,0,0
02/13/2020,0,0,0,0,0,0,0,0,0,0,0,0,0,0,0,0,0,0,0,0,0,0,0,0,0,0,0,0,0,0,0,0,0,0,0,0,0,0,0,0,0,0,0,0,0,0,0,0,0,0,0,0,0,0,0,0,0,0,0,0,0,0,0,0,0,0,0,0,0,0,0,0,0,0,0,0,0,0,0,0,0,0,0,0,0,0,0,0,0,0,0,0,0,0,0,0,0,0,0,0,0,0,0,0,0,0,0,0,0,0,0,0,0,0,0,0,0,0,0,0,0
02/14/2020,0,0,0,0,0,0,0,0,0,0,0,0,0,0,0,0,0,0,0,0,0,0,0,0,0,0,0,0,0,0,0,0,0,0,0,0,0,0,0,0,0,0,0,0,0,0,0,0,0,0,0,0,0,0,0,0,0,0,0,0,0,0,0,0,0,0,0,0,0,0,0,0,0,0,0,0,0,0,0,0,0,0,0,0,0,0,0,0,0,0,0,0,0,0,0,0,0,0,0,0,0,0,0,0,0,0,0,0,0,0,0,0,0,0,0,0,0,0,0,0,0
02/15/2020,0,0,0,0,0,0,0,0,0,0,0,0,0,0,0,0,0,0,0,0,0,0,0,0,0,0,0,0,0,0,0,0,0,0,0,0,0,0,0,0,0,0,0,0,0,0,0,0,0,0,0,0,0,0,0,0,0,0,0,0,0,0,0,0,0,0,0,0,0,0,0,0,0,0,0,0,0,0,0,0,0,0,0,0,0,0,0,0,0,0,0,0,0,0,0,0,0,0,0,0,0,0,0,0,0,0,0,0,0,0,0,0,0,0,0,0,0,0,0,0,0
02/16/2020,0,0,0,0,0,0,0,0,0,0,0,0,0,0,0,0,0,0,0,0,0,0,0,0,0,0,0,0,0,0,0,0,0,0,0,0,0,0,0,0,0,0,0,0,0,0,0,0,0,0,0,0,0,0,0,0,0,0,0,0,0,0,0,0,0,0,0,0,0,0,0,0,0,0,0,0,0,0,0,0,0,0,0,0,0,0,0,0,0,0,0,0,0,0,0,0,0,0,0,0,0,0,0,0,0,0,0,0,0,0,0,0,0,0,0,0,0,0,0,0,0
02/17/2020,0,0,0,0,0,0,0,0,0,0,0,0,0,0,0,0,0,0,0,0,0,0,0,0,0,0,0,0,0,0,0,0,0,0,0,0,0,0,0,0,0,0,0,0,0,0,0,0,0,0,0,0,0,0,0,0,0,0,0,0,0,0,0,0,0,0,0,0,0,0,0,0,0,0,0,0,0,0,0,0,0,0,0,0,0,0,0,0,0,0,0,0,0,0,0,0,0,0,0,0,0,0,0,0,0,0,0,0,0,0,0,0,0,0,0,0,0,0,0,0,0
02/18/2020,0,0,0,0,0,0,0,0,0,0,0,0,0,0,0,0,0,0,0,0,0,0,0,0,0,0,0,0,0,0,0,0,0,0,0,0,0,0,0,0,0,0,0,0,0,0,0,0,0,0,0,0,0,0,0,0,0,0,0,0,0,0,0,0,0,0,0,0,0,0,0,0,0,0,0,0,0,0,0,0,0,0,0,0,0,0,0,0,0,0,0,0,0,0,0,0,0,0,0,0,0,0,0,0,0,0,0,0,0,0,0,0,0,0,0,0,0,0,0,0,0
02/19/2020,0,0,0,0,0,0,0,0,0,0,0,0,0,0,0,0,0,0,0,0,0,0,0,0,0,0,0,0,0,0,0,0,0,0,0,0,0,0,0,0,0,0,0,0,0,0,0,0,0,0,0,0,0,0,0,0,0,0,0,0,0,0,0,0,0,0,0,0,0,0,0,0,0,0,0,0,0,0,0,0,0,0,0,0,0,0,0,0,0,0,0,0,0,0,0,0,0,0,0,0,0,0,0,0,0,0,0,0,0,0,0,0,0,0,0,0,0,0,0,0,0
02/20/2020,0,0,0,0,0,0,0,0,0,0,0,0,0,0,0,0,0,0,0,0,0,0,0,0,0,0,0,0,0,0,0,0,0,0,0,0,0,0,0,0,0,0,0,0,0,0,0,0,0,0,0,0,0,0,0,0,0,0,0,0,0,0,0,0,0,0,0,0,0,0,0,0,0,0,0,0,0,0,0,0,0,0,0,0,0,0,0,0,0,0,0,0,0,0,0,0,0,0,0,0,0,0,0,0,0,0,0,0,0,0,0,0,0,0,0,0,0,0,0,0,0
02/21/2020,0,0,0,0,0,0,0,0,0,0,0,0,0,0,0,0,0,0,0,0,0,0,0,0,0,0,0,0,0,0,0,0,0,0,0,0,0,0,0,0,0,0,0,0,0,0,0,0,0,0,0,0,0,0,0,0,0,0,0,0,0,0,0,0,0,0,0,0,0,0,0,0,0,0,0,0,0,0,0,0,0,0,0,0,0,0,0,0,0,0,0,0,0,0,0,0,0,0,0,0,0,0,0,0,0,0,0,0,0,0,0,0,0,0,0,0,0,0,0,0,0
02/22/2020,0,0,0,0,0,0,0,0,0,0,0,0,0,0,0,0,0,0,0,0,0,0,0,0,0,0,0,0,0,0,0,0,0,0,0,0,0,0,0,0,0,0,0,0,0,0,0,0,0,0,0,0,0,0,0,0,0,0,0,0,0,0,0,0,0,0,0,0,0,0,0,0,0,0,0,0,0,0,0,0,0,0,0,0,0,0,0,0,0,0,0,0,0,0,0,0,0,0,0,0,0,0,0,0,0,0,0,0,0,0,0,0,0,0,0,0,0,0,0,0,0
02/23/2020,0,0,0,0,0,0,0,0,0,0,0,0,0,0,0,0,0,0,0,0,0,0,0,0,0,0,0,0,0,0,0,0,0,0,0,0,0,0,0,0,0,0,0,0,0,0,0,0,0,0,0,0,0,0,0,0,0,0,0,0,0,0,0,0,0,0,0,0,0,0,0,0,0,0,0,0,0,0,0,0,0,0,0,0,0,0,0,0,0,0,0,0,0,0,0,0,0,0,0,0,0,0,0,0,0,0,0,0,0,0,0,0,0,0,0,0,0,0,0,0,0
02/24/2020,0,0,0,0,0,0,0,0,0,0,0,0,0,0,0,0,0,0,0,0,0,0,0,0,0,0,0,0,0,0,0,0,0,0,0,0,0,0,0,0,0,0,0,0,0,0,0,0,0,0,0,0,0,0,0,0,0,0,0,0,0,0,0,0,0,0,0,0,0,0,0,0,0,0,0,0,0,0,0,0,0,0,0,0,0,0,0,0,0,0,0,0,0,0,0,0,0,0,0,0,0,0,0,0,0,0,0,0,0,0,0,0,0,0,0,0,0,0,0,0,0
02/25/2020,0,0,0,0,0,0,0,0,0,0,0,0,0,0,0,0,0,0,0,0,0,0,0,0,0,0,0,0,0,0,0,0,0,0,0,0,0,0,0,0,0,0,0,0,0,0,0,0,0,0,0,0,0,0,0,0,0,0,0,0,0,0,0,0,0,0,0,0,0,0,0,0,0,0,0,0,0,0,0,0,0,0,0,0,0,0,0,0,0,0,0,0,0,0,0,0,0,0,0,0,0,0,0,0,0,0,0,0,0,0,0,0,0,0,0,0,0,0,0,0,0
02/26/2020,0,0,0,0,0,0,0,0,0,0,0,0,0,0,0,0,0,0,0,0,0,0,0,0,0,0,0,0,0,0,0,0,0,0,0,0,0,0,0,0,0,0,0,0,0,0,0,0,0,0,0,0,0,0,0,0,0,0,0,0,0,0,0,0,0,0,0,0,0,0,0,0,0,0,0,0,0,0,0,0,0,0,0,0,0,0,0,0,0,0,0,0,0,0,0,0,0,0,0,0,0,0,0,0,0,0,0,0,0,0,0,0,0,0,0,0,0,0,0,0,0
02/27/2020,0,0,0,0,0,0,0,0,0,0,0,0,0,0,0,0,0,0,0,0,0,0,0,0,0,0,0,0,0,0,0,0,0,0,0,0,0,0,0,0,0,0,0,0,0,0,0,0,0,0,0,0,0,0,0,0,0,0,0,0,0,0,0,0,0,0,0,0,0,0,0,0,0,0,0,0,0,0,0,0,0,0,0,0,0,0,0,0,0,0,0,0,0,0,0,0,0,0,0,0,0,0,0,0,0,0,0,0,0,0,0,0,0,0,0,0,0,0,0,0,0
02/28/2020,0,0,0,0,0,0,0,0,0,0,0,0,0,0,0,0,0,0,0,0,0,0,0,0,0,0,0,0,0,0,0,0,0,0,0,0,0,0,0,0,0,0,0,0,0,0,0,0,0,0,0,0,0,0,0,0,0,0,0,0,0,0,0,0,0,0,0,0,0,0,0,0,0,0,0,0,0,0,0,0,0,0,0,0,0,0,0,0,0,0,0,0,0,0,0,0,0,0,0,0,0,0,0,0,0,0,0,0,0,0,0,0,0,0,0,0,0,0,0,0,0
02/29/2020,0,0,0,0,0,0,0,0,0,0,0,0,0,0,0,0,0,0,0,0,0,0,0,0,0,0,0,0,0,0,0,0,0,0,0,0,0,0,0,0,0,0,0,0,0,0,0,0,0,0,0,0,0,0,0,0,0,0,0,0,0,0,0,0,0,0,0,0,0,0,0,0,0,0,0,0,0,0,0,0,0,0,0,0,0,0,0,0,0,0,0,0,0,0,0,0,0,0,0,0,0,0,0,0,0,0,0,0,0,0,0,0,0,0,0,0,0,0,0,0,0
03/01/2020,0,0,0,0,0,0,0,0,0,0,0,0,0,0,0,0,0,0,0,0,0,0,0,0,0,0,0,0,0,0,0,0,0,0,0,0,0,0,0,0,0,0,0,0,0,0,0,0,0,0,0,0,0,0,0,0,0,0,0,0,0,0,0,0,0,0,0,0,0,0,0,0,0,0,0,0,0,0,0,0,0,0,0,0,0,0,0,0,0,0,0,0,0,0,0,0,0,0,0,0,0,0,0,0,0,0,0,0,0,0,0,0,0,0,0,0,0,0,0,0,0
03/02/2020,0,0,0,0,0,0,0,0,0,0,0,0,0,0,0,0,0,0,0,0,0,0,0,0,0,0,0,0,0,0,0,0,0,0,0,0,0,0,0,0,0,0,0,0,0,0,0,0,0,0,0,0,0,0,0,0,0,0,0,0,0,0,0,0,0,0,0,0,0,0,0,0,0,0,0,0,0,0,0,0,0,0,0,0,0,0,0,0,0,0,0,0,0,0,0,0,0,0,0,0,0,0,0,0,0,0,0,0,0,0,0,0,0,0,0,0,0,0,0,0,0
03/03/2020,0,0,0,0,0,0,0,0,0,0,0,0,0,0,0,0,0,0,0,0,0,0,0,0,0,0,0,0,0,0,0,0,0,0,0,0,0,0,0,0,0,0,0,0,0,0,0,0,0,0,0,0,0,0,0,0,0,0,0,0,0,0,0,0,0,0,0,0,0,0,0,0,0,0,0,0,0,0,0,0,0,0,0,0,0,0,0,0,0,0,0,0,0,0,0,0,0,0,0,0,0,0,0,0,0,0,0,0,0,0,0,0,0,0,0,0,0,0,0,0,0
03/04/2020,0,0,0,0,0,0,0,0,0,0,0,0,0,0,0,0,0,0,0,0,0,0,0,0,0,0,0,0,0,0,0,0,0,0,0,0,0,0,0,0,0,0,0,0,0,0,0,0,0,0,0,0,0,0,0,0,0,0,0,0,0,0,0,0,0,0,0,0,0,0,0,0,0,0,0,0,0,0,0,0,0,0,0,0,0,0,0,0,0,0,0,0,0,0,0,0,0,0,0,0,0,0,0,0,0,0,0,0,0,0,0,0,0,0,0,0,0,0,0,0,0
03/05/2020,0,0,0,0,0,0,0,0,0,0,0,0,0,0,0,0,0,0,0,0,0,0,0,0,0,0,0,0,0,0,0,0,0,0,0,0,0,0,0,0,0,0,0,0,0,0,0,0,0,0,0,0,0,0,0,0,0,0,0,0,0,0,0,0,0,0,0,0,0,0,0,0,0,0,0,0,0,0,0,0,0,0,0,0,0,0,0,0,0,0,0,0,0,0,0,0,0,0,0,0,0,0,0,0,0,0,0,0,0,0,0,0,0,0,0,0,0,0,0,0,0
03/06/2020,0,0,0,0,0,0,0,0,0,0,0,0,0,0,0,0,0,0,0,0,0,0,0,0,0,0,0,0,0,0,0,0,0,0,0,0,0,0,0,0,0,0,0,0,0,0,0,0,0,0,0,0,0,0,0,0,0,0,0,0,0,0,0,0,0,0,0,0,0,0,0,0,0,0,0,0,0,0,0,0,0,0,0,0,0,0,0,0,0,0,0,0,0,0,1,0,0,0,0,0,0,0,0,0,0,0,0,0,0,0,0,0,0,0,0,0,0,0,0,0,0
03/07/2020,0,0,0,0,0,0,0,0,0,0,0,0,0,0,0,0,0,0,0,0,0,0,0,0,0,0,0,0,0,0,0,0,0,0,0,0,0,0,0,0,0,0,0,0,0,0,0,0,0,0,0,0,0,0,0,0,0,0,0,0,0,0,0,0,0,0,0,0,0,0,0,0,0,0,0,0,0,0,0,0,0,0,0,0,0,0,0,0,0,0,0,0,0,0,1,0,0,0,0,0,0,0,0,0,0,0,0,0,0,0,0,0,0,0,0,0,0,0,0,0,0
03/08/2020,0,0,0,0,0,0,0,0,0,0,0,0,0,1,0,0,0,0,0,0,0,0,0,0,0,0,0,0,0,0,0,0,0,0,0,0,0,0,0,0,0,0,0,0,0,0,0,0,0,0,0,0,0,0,0,0,0,0,0,0,0,0,0,0,0,0,0,0,0,0,1,0,0,0,0,0,0,0,0,0,0,0,0,0,0,0,0,0,0,0,0,0,0,0,2,0,0,0,0,0,0,0,0,0,0,0,0,0,0,0,0,0,0,0,0,0,0,0,0,0,0
03/09/2020,0,0,0,0,0,0,0,0,0,0,0,0,0,1,0,0,0,0,0,0,0,0,0,0,0,0,0,0,0,0,0,0,0,0,0,0,0,0,0,0,0,0,0,0,0,0,0,0,0,0,0,0,0,0,0,0,0,0,0,0,0,0,0,0,0,0,0,0,0,0,1,0,0,0,0,0,0,0,0,0,0,0,0,0,0,0,0,0,0,0,0,0,0,0,3,0,0,0,0,0,0,0,0,0,0,0,0,0,0,0,0,0,0,0,0,0,0,0,0,0,0
03/10/2020,0,0,0,0,0,0,0,0,0,0,0,0,0,1,0,0,0,0,0,0,0,0,0,0,0,0,0,0,0,0,0,0,0,0,0,0,0,0,0,0,0,0,0,0,0,0,0,0,0,0,0,0,0,0,0,0,0,0,0,0,0,0,0,0,0,0,0,0,0,0,3,0,0,0,0,0,0,0,0,0,0,0,0,0,0,0,0,0,0,0,0,0,0,0,3,0,0,0,0,0,0,0,0,0,0,0,0,0,0,0,0,0,0,0,0,0,0,0,0,0,0
03/11/2020,0,0,0,0,0,0,0,0,0,0,0,0,0,1,0,0,0,0,0,0,0,0,0,0,0,0,0,0,0,0,0,0,0,0,0,0,0,0,0,0,0,0,0,0,0,0,0,0,0,0,0,0,0,0,0,0,0,0,0,0,0,0,0,0,0,0,0,0,0,0,3,0,0,0,0,0,0,0,0,0,0,0,0,0,0,0,0,0,0,0,0,0,0,0,3,0,0,0,0,0,0,0,0,0,0,0,0,0,0,0,0,0,0,0,0,0,0,0,0,0,0
03/12/2020,0,0,0,0,0,0,0,0,0,0,0,0,0,2,0,0,0,0,0,0,0,0,0,0,0,0,0,0,0,0,0,0,0,0,0,0,0,0,0,0,0,0,0,0,0,0,0,0,0,0,0,0,0,0,0,0,0,0,0,0,0,0,0,0,0,0,0,0,0,0,4,0,0,0,0,0,0,0,0,0,0,0,0,0,0,0,0,0,0,0,0,0,0,0,4,0,0,0,0,0,0,0,0,1,0,0,0,0,0,0,0,0,0,0,0,0,0,0,0,0,0
03/13/2020,0,0,0,0,0,0,0,0,0,0,0,0,0,2,0,0,0,0,0,0,0,0,0,0,0,0,0,0,0,0,0,0,0,0,0,0,0,0,0,0,0,0,0,0,0,0,0,0,0,0,0,0,0,0,0,0,0,0,0,0,0,0,0,0,0,0,0,0,0,0,4,0,0,0,0,0,0,0,0,0,0,0,0,0,0,0,0,0,0,0,0,0,0,0,4,0,0,0,0,0,0,0,0,1,0,0,0,0,0,0,0,0,0,0,0,0,0,0,0,0,0
03/14/2020,0,0,0,0,0,0,0,0,0,0,0,0,0,4,0,0,0,0,0,0,0,0,0,0,0,0,0,0,0,0,0,0,0,0,0,0,0,0,0,0,0,0,0,0,0,0,0,0,0,0,0,0,0,0,0,0,0,0,0,0,0,0,0,0,0,0,0,0,0,0,6,0,0,0,0,0,0,0,0,0,0,0,0,0,0,0,0,0,1,0,0,0,0,0,5,0,0,0,0,0,0,0,0,1,0,1,0,0,0,0,0,0,0,0,0,0,0,0,0,0,0
03/15/2020,0,0,0,0,0,0,0,0,0,0,0,0,0,6,0,0,0,0,0,0,0,0,0,0,0,0,0,0,0,0,0,0,0,0,0,0,0,0,0,0,0,0,0,0,0,0,0,0,0,0,0,0,0,0,0,0,0,0,0,0,0,0,0,1,0,0,0,0,0,0,6,0,0,0,0,0,0,0,0,0,0,0,0,0,0,0,0,0,1,0,0,0,0,0,5,0,0,0,0,0,0,0,0,1,0,1,0,0,0,0,0,0,0,0,0,0,0,0,0,0,0
03/16/2020,0,0,0,0,0,0,0,0,0,0,0,0,0,7,0,0,0,0,0,0,0,0,0,0,0,0,0,0,0,0,0,0,0,0,0,0,0,0,0,0,0,0,0,0,0,0,0,0,0,0,0,0,0,0,0,0,0,0,0,0,0,0,0,1,0,0,0,0,0,0,6,0,0,0,0,0,0,0,0,0,0,0,0,0,0,0,0,0,1,0,0,0,0,0,5,0,0,0,0,0,0,0,0,1,0,1,0,0,0,0,0,0,0,0,0,0,0,0,0,0,0
03/17/2020,0,0,0,0,0,0,0,0,0,0,0,0,0,9,0,0,0,0,1,0,0,0,0,0,0,0,0,0,0,0,0,0,0,0,0,0,0,0,0,0,0,0,0,0,0,0,0,0,0,0,0,0,0,0,0,0,0,0,0,0,0,0,0,1,0,0,0,0,0,0,6,0,0,0,0,0,0,0,0,0,0,0,0,0,0,0,0,0,1,0,0,0,0,0,5,0,0,0,0,0,0,0,0,2,0,1,0,0,0,0,0,0,0,0,0,0,0,0,0,0,0
03/18/2020,0,0,0,0,0,0,0,0,0,0,0,0,0,11,0,0,0,0,1,0,0,0,0,0,0,0,0,0,0,0,0,0,0,0,0,0,0,0,0,0,0,0,0,0,0,0,0,0,0,0,0,0,0,0,0,0,0,0,0,0,0,0,0,2,0,1,0,0,0,0,7,0,1,0,0,0,0,0,0,0,0,0,0,0,0,0,0,0,2,0,0,0,0,0,6,0,0,0,0,0,0,0,0,2,0,1,0,0,0,1,0,0,0,0,0,0,0,0,0,0,0
03/19/2020,0,0,0,0,0,0,0,0,0,0,0,1,0,14,0,0,0,0,1,0,0,0,0,0,0,0,0,0,0,0,0,0,0,0,0,0,0,0,0,0,0,0,0,0,0,0,0,0,0,0,0,0,0,0,0,0,0,0,0,0,0,0,0,2,0,1,0,0,0,0,9,0,1,0,0,0,0,0,0,0,0,1,1,0,0,0,0,0,2,0,0,1,1,0,7,0,0,0,0,0,0,0,0,2,0,1,0,0,0,1,0,0,0,0,0,0,1,0,0,0,0
03/20/2020,0,0,0,0,0,0,0,0,0,0,0,2,0,23,0,0,0,0,1,0,0,0,0,0,0,0,0,0,0,0,0,0,0,0,0,0,0,0,0,0,0,0,0,0,0,0,0,0,0,0,0,0,0,0,0,0,0,0,0,0,1,0,0,2,0,1,0,0,0,0,9,0,1,0,0,0,0,0,0,0,0,2,1,0,0,0,0,0,2,0,0,1,1,0,10,0,0,0,0,0,0,0,0,2,0,1,0,0,0,2,0,0,0,0,0,0,1,0,0,0,0
03/21/2020,0,0,0,0,0,0,0,0,0,0,0,3,0,25,0,0,0,0,1,0,0,0,0,0,0,0,0,0,0,0,0,0,0,0,0,0,0,0,0,0,0,0,1,0,0,0,0,0,0,0,0,0,0,1,0,0,0,0,0,0,1,0,0,2,0,1,0,0,0,0,10,0,3,0,0,0,0,0,0,0,0,2,1,0,0,0,0,1,2,0,0,1,4,0,13,0,0,0,0,0,0,0,0,2,0,1,0,0,0,4,0,0,0,0,0,0,5,0,0,0,0
03/22/2020,0,0,1,0,0,0,0,0,0,1,0,5,0,26,0,0,0,0,1,0,0,0,0,0,0,0,0,0,0,0,0,0,0,0,0,0,0,0,0,0,0,0,2,0,0,0,0,1,0,0,0,0,0,1,0,0,0,0,0,0,1,0,0,2,0,1,0,0,0,0,10,1,7,0,0,0,0,0,0,0,0,2,1,0,0,0,1,1,2,0,0,2,6,0,14,0,0,0,0,0,0,0,0,2,0,1,0,0,0,5,0,0,0,0,0,0,6,0,0,0,0
03/23/2020,0,0,2,0,0,0,0,0,0,2,0,5,0,31,0,0,0,0,1,0,0,0,0,0,0,0,0,0,0,0,0,0,0,0,0,0,0,0,0,0,0,0,2,0,0,0,0,1,0,0,0,0,0,1,0,0,0,0,0,0,1,0,0,3,0,2,0,0,0,0,11,1,7,0,0,0,0,0,0,0,0,3,1,0,0,0,1,2,2,0,0,2,10,0,14,0,0,0,0,0,1,0,0,2,0,1,0,0,0,6,0,0,0,0,0,0,9,0,0,0,0
03/24/2020,0,0,2,0,0,0,0,0,0,2,0,5,0,40,0,0,0,0,1,1,0,0,0,0,0,0,0,0,0,0,0,0,0,0,0,0,0,0,0,0,0,0,2,0,0,2,0,1,0,0,0,0,1,1,0,0,0,0,0,0,1,0,0,3,0,2,0,0,0,0,11,2,8,0,0,0,0,2,0,0,0,4,1,0,0,0,1,2,2,0,0,3,12,0,20,0,0,0,0,0,1,0,0,2,2,1,0,0,0,6,0,0,0,0,0,0,13,0,0,0,0
03/25/2020,0,0,2,0,0,0,0,0,0,2,0,5,0,43,0,0,1,0,1,1,1,0,0,0,0,0,0,0,0,0,0,0,0,0,0,0,0,2,0,0,0,0,3,0,0,2,0,2,0,0,0,0,1,1,0,1,0,0,0,0,1,0,0,3,0,3,0,0,0,0,11,3,12,0,0,0,0,2,0,0,0,4,1,0,0,0,1,2,2,0,0,3,13,0,24,0,0,0,0,0,1,0,0,2,2,2,0,0,0,7,0,0,0,0,0,0,31,0,0,0,0
03/26/2020,2,0,2,0,0,0,0,0,0,2,0,5,0,57,0,0,1,0,1,1,1,0,0,0,0,0,0,0,1,0,0,0,0,0,0,0,0,2,0,0,0,0,5,0,0,2,0,2,0,0,0,0,1,1,0,1,0,0,0,0,2,0,0,5,0,3,0,0,0,0,11,7,12,0,0,0,0,2,0,1,0,5,1,0,0,1,1,2,2,0,0,5,14,0,33,0,0,0,1,0,1,0,1,2,2,2,0,0,0,7,0,0,0,0,0,0,38,0,0,0,0
03/27/2020,3,0,2,2,0,0,0,0,0,5,0,5,0,76,0,0,1,0,1,1,1,0,0,0,0,0,0,0,1,0,0,0,0,0,0,0,0,2,0,1,0,0,5,0,0,2,0,3,0,0,0,0,2,1,0,1,0,3,0,0,2,2,0,5,0,3,0,0,0,0,11,10,15,0,0,0,0,2,0,1,0,7,3,0,0,1,1,2,2,0,0,6,15,0,37,0,0,0,1,0,2,0,1,2,2,2,0,0,0,8,0,0,0,0,0,0,41,0,0,0,0
03/28/2020,4,1,2,2,0,0,0,0,0,5,0,5,0,99,0,0,1,0,1,1,1,0,1,0,0,0,0,2,1,0,0,0,1,0,0,0,0,2,0,1,0,0,7,0,0,2,0,3,0,0,0,0,2,1,0,1,0,3,0,1,2,3,0,6,1,2,0,0,0,0,11,10,18,0,0,0,0,3,0,2,0,7,5,1,0,1,1,2,2,0,0,6,20,0,60,0,1,0,2,0,2,0,1,2,2,2,0,0,0,10,0,2,0,1,0,0,56,0,0,0,0
03/29/2020,4,1,2,2,0,0,0,0,0,5,0,5,0,108,0,0,1,0,1,1,1,0,1,0,0,2,0,2,1,0,0,0,1,0,0,0,0,2,0,1,0,0,7,0,0,2,0,3,0,0,0,0,2,1,0,1,0,3,4,1,3,4,0,6,1,3,0,0,0,0,11,10,19,0,0,0,0,5,0,2,0,7,6,1,0,1,1,2,2,0,0,6,20,0,75,0,1,0,7,1,2,0,1,2,2,3,0,0,0,10,0,2,0,1,0,0,57,0,0,0,0
03/30/2020,5,1,2,5,0,0,0,0,0,5,0,5,0,125,0,0,1,0,1,1,1,0,1,0,0,2,0,2,1,0,0,0,1,0,0,0,0,2,0,1,0,0,7,1,0,2,0,3,0,0,0,0,2,1,0,1,0,5,4,1,3,5,0,7,1,3,0,0,0,0,11,11,20,0,0,0,0,5,0,2,0,7,6,1,0,1,1,2,2,0,0,7,20,0,83,0,1,0,11,1,2,1,1,2,2,3,0,0,0,11,0,2,0,1,0,0,55,0,0,0,0
03/31/2020,5,1,2,6,0,0,0,1,1,6,0,5,0,190,0,0,2,0,1,1,1,0,1,0,1,2,0,2,2,0,0,0,1,0,0,0,0,2,0,2,0,0,9,1,0,2,0,3,0,1,0,1,5,2,0,3,0,6,4,1,3,6,0,8,1,6,0,0,0,0,11,14,21,0,0,0,0,6,0,2,0,8,7,4,0,2,1,2,4,0,0,8,34,2,106,0,1,1,21,1,2,1,1,3,8,3,0,0,0,13,0,2,0,2,0,0,9,0,1,0,1
04/01/2020,5,1,3,6,0,0,0,1,1,7,0,7,0,221,0,0,2,0,2,1,1,0,1,0,1,2,0,2,2,0,0,0,1,0,0,0,0,2,0,2,0,0,11,1,0,3,0,4,0,1,0,1,5,3,0,3,0,6,4,1,4,6,0,10,1,7,0,0,0,0,11,15,26,0,0,0,0,6,0,2,0,10,7,4,0,2,1,3,6,0,0,9,42,2,118,0,1,1,21,1,2,1,1,5,8,4,0,0,0,17,0,2,0,2,0,0,9,0,1,0,1
04/02/2020,5,2,3,6,0,1,0,1,1,7,0,7,0,249,0,0,2,0,2,1,1,0,1,0,1,2,0,2,2,0,0,1,1,0,1,0,0,2,0,2,0,0,12,1,0,4,0,4,0,1,0,1,5,4,0,3,0,7,5,1,5,7,0,11,1,7,0,0,0,0,11,15,31,0,0,1,0,8,1,2,0,11,8,5,0,2,1,3,6,0,0,15,44,4,124,0,2,1,21,1,2,1,1,6,8,4,0,1,0,18,0,2,0,2,0,0,0,0,1,0,2
04/03/2020,5,2,3,6,0,1,0,1,1,7,0,7,0,249,0,0,2,0,2,1,1,0,1,0,1,2,0,2,2,0,0,1,1,0,1,0,0,2,0,2,0,0,12,1,0,4,0,4,0,1,0,1,5,4,0,3,0,7,5,1,5,7,0,11,1,7,0,0,0,0,11,15,31,0,0,1,0,8,1,2,0,11,8,5,0,2,1,3,6,0,0,15,44,4,124,0,2,1,21,1,2,1,1,6,8,4,0,1,0,18,0,2,0,2,0,0,15,0,1,0,2
04/04/2020,6,2,3,7,1,1,0,1,1,10,0,9,0,294,0,0,2,0,4,1,1,0,1,0,1,2,0,3,3,0,0,1,1,0,1,0,0,2,0,2,0,0,12,3,0,4,1,4,2,1,0,1,5,4,0,4,0,8,5,1,5,7,0,11,1,8,0,0,0,0,11,15,32,0,0,1,0,8,2,3,0,11,8,7,0,2,1,3,6,1,0,18,47,4,125,0,2,1,26,2,2,1,1,6,8,4,0,1,0,19,0,2,0,2,0,0,77,0,1,0,2
04/05/2020,27,8,2,12,1,1,0,2,2,10,0,15,0,304,1,0,2,0,4,1,1,0,1,0,1,2,0,3,3,3,0,1,1,0,1,0,0,2,0,3,1,1,11,5,3,3,5,6,3,1,0,1,13,2,0,4,0,8,20,1,5,27,1,11,1,8,0,0,1,0,13,15,54,0,0,1,0,10,2,3,0,12,21,7,0,4,3,3,4,3,0,23,58,5,153,0,5,2,33,2,4,1,2,7,8,4,0,2,1,20,0,2,0,2,0,0,0,1,1,0,1
04/06/2020,27,8,2,12,1,1,0,2,2,10,0,15,0,313,1,0,2,0,4,1,1,0,1,0,1,2,0,3,3,3,0,1,1,0,1,0,0,2,0,3,1,1,11,5,3,3,5,6,3,1,0,1,13,2,0,4,0,8,20,1,5,27,1,11,1,8,0,0,1,0,13,15,54,0,0,1,0,10,2,3,0,12,21,7,0,4,3,3,4,3,0,23,58,5,153,0,5,2,33,2,4,1,2,7,8,4,0,2,1,20,0,2,0,2,0,0,0,1,1,0,1
04/07/2020,34,8,2,13,1,2,0,3,2,10,1,20,0,402,1,0,3,0,4,1,2,0,1,0,4,2,0,3,3,4,0,1,1,0,1,0,0,2,0,3,1,1,12,5,3,3,6,9,3,1,0,2,14,3,2,4,0,8,20,2,8,37,1,11,1,9,0,0,2,0,13,16,75,0,0,1,0,13,2,4,0,14,21,9,0,4,3,3,4,4,0,33,63,6,170,0,9,2,38,2,4,6,2,7,8,5,0,2,1,32,0,3,0,2,0,0,0,2,1,1,2
04/08/2020,34,8,2,14,1,3,0,5,2,11,1,20,3,402,1,0,3,0,6,4,3,0,1,0,6,3,0,3,3,4,1,1,1,0,1,0,0,2,0,3,1,1,14,5,3,3,6,11,3,1,0,4,14,3,3,4,0,9,20,2,8,37,1,11,1,10,0,0,2,0,14,18,75,0,0,1,0,13,2,4,0,26,21,11,0,4,3,3,4,5,0,45,63,6,170,0,9,3,57,2,5,8,3,7,26,7,0,3,1,32,1,3,0,2,0,0,0,2,1,2,2
04/09/2020,46,13,2,21,1,3,0,5,2,11,1,23,3,436,1,0,3,0,6,4,3,0,1,0,6,3,0,3,7,9,1,1,1,0,1,0,0,2,0,3,1,1,14,5,4,3,7,11,3,1,0,4,14,4,3,4,0,13,22,2,8,41,1,11,1,10,0,0,2,0,14,18,80,1,0,1,0,13,2,4,0,26,21,13,0,3,4,3,4,6,0,45,72,6,174,0,11,3,78,2,5,8,3,7,26,7,0,3,1,35,1,3,0,2,0,0,0,2,1,2,3
04/10/2020,48,13,2,21,3,3,0,5,2,17,1,23,3,495,1,0,6,0,11,4,6,0,1,0,6,3,0,3,7,10,1,1,3,0,3,0,0,3,0,3,1,1,17,10,4,3,8,13,3,2,0,8,15,5,5,4,0,13,22,8,11,42,1,14,1,10,0,0,2,0,14,23,80,1,0,1,0,18,2,7,0,32,21,14,1,3,4,3,4,6,0,54,79,6,174,0,11,3,84,2,5,10,4,8,36,8,0,3,1,35,1,3,0,2,0,0,0,2,1,2,3
04/11/2020,48,13,2,27,3,3,0,9,2,21,1,29,5,495,1,1,9,0,12,4,8,0,1,0,8,3,0,3,8,11,1,2,6,0,3,0,0,4,0,3,1,1,18,11,6,3,8,16,3,2,0,8,17,6,6,4,0,17,26,11,14,47,1,17,1,10,0,1,5,0,14,26,91,1,0,1,0,21,2,9,0,33,22,18,2,5,4,3,4,10,0,62,81,6,179,1,13,4,88,2,5,11,5,8,28,10,0,3,4,49,4,3,0,2,1,0,0,2,1,2,5
04/12/2020,54,13,3,28,2,3,0,10,2,24,1,23,12,503,1,1,8,0,12,1,7,0,1,2,9,3,4,3,7,43,2,3,5,0,2,0,0,4,0,3,1,1,19,10,5,3,8,16,3,1,0,6,16,6,7,4,0,14,23,11,15,45,3,18,1,10,0,1,5,0,15,27,95,1,0,1,0,21,2,9,1,31,26,18,1,5,2,3,4,9,0,67,86,6,194,2,12,4,86,2,5,11,5,8,43,13,0,3,4,46,5,3,0,2,1,0,24,2,1,1,5
04/13/2020,58,14,3,34,2,3,0,13,2,24,1,23,12,531,1,1,9,0,12,1,7,0,1,2,9,4,4,3,7,43,2,3,5,0,2,0,0,5,0,3,1,1,20,10,5,3,8,18,4,1,0,7,16,6,7,4,0,16,23,22,16,45,3,18,1,11,0,1,5,0,15,28,99,1,0,1,0,23,2,9,1,31,26,18,1,5,2,3,4,9,0,69,87,6,197,2,14,4,88,2,5,11,5,8,45,13,0,3,5,47,5,3,0,2,1,0,23,2,1,1,5
04/14/2020,61,13,3,34,2,3,0,16,2,26,1,24,23,573,1,1,11,1,13,1,9,0,1,2,9,4,4,3,9,44,2,3,5,0,2,0,1,5,0,4,2,1,21,12,5,3,11,19,4,1,0,8,17,9,8,5,0,16,24,45,15,50,3,18,1,11,0,1,7,0,16,29,106,1,0,1,0,24,2,9,1,31,27,19,1,5,2,4,4,10,0,71,90,7,206,2,14,3,92,2,10,12,6,8,51,13,0,3,5,52,5,3,0,2,1,1,15,3,1,1,6
04/15/2020,65,13,3,32,2,3,0,19,2,27,1,26,26,582,1,1,12,1,13,1,9,0,1,2,10,4,4,3,10,45,3,3,6,0,2,0,3,5,0,4,2,1,21,12,5,3,11,21,4,1,0,8,17,8,10,5,0,17,27,50,19,51,5,18,1,11,0,1,7,0,16,29,107,1,0,2,0,25,2,9,1,31,27,21,1,5,3,4,4,10,0,73,100,7,212,2,16,3,102,2,9,12,6,8,52,13,0,3,6,64,7,4,0,2,1,1,77,3,1,1,7
04/16/2020,67,13,3,32,2,3,0,24,6,27,1,28,37,600,1,1,12,1,13,2,9,0,1,2,11,4,4,3,11,46,4,3,7,0,2,0,3,6,0,4,2,1,21,12,6,3,11,22,4,1,0,12,19,8,10,6,0,20,27,52,22,53,5,18,4,11,0,1,11,0,16,30,112,3,0,3,0,28,2,9,1,33,27,21,1,6,3,5,7,10,0,73,106,7,213,2,16,3,111,2,8,12,6,9,55,14,0,5,6,71,7,4,0,2,1,1,11,3,1,1,7
04/17/2020,73,14,3,32,2,3,0,28,6,29,2,30,43,600,1,2,13,1,13,2,9,0,1,2,11,4,4,3,12,46,4,3,7,0,2,0,3,8,0,5,2,1,21,13,6,3,11,23,4,1,0,11,20,8,10,6,0,18,29,52,22,55,5,18,4,12,0,1,10,0,16,31,121,4,0,4,0,27,2,9,1,34,27,22,2,6,4,5,5,11,0,81,105,7,214,2,16,3,117,2,8,12,6,9,60,14,0,5,6,82,8,5,0,2,2,1,25,3,1,1,7
04/18/2020,74,14,3,33,2,3,0,41,6,29,2,30,43,689,1,3,13,1,13,2,9,0,1,2,11,5,4,3,13,47,3,3,7,0,2,0,1,12,0,5,2,1,21,13,6,3,13,23,4,1,0,12,21,8,11,6,0,19,29,62,21,55,4,18,4,21,0,1,10,0,16,33,128,4,0,4,0,29,2,9,1,35,27,23,2,8,4,7,7,11,0,81,109,7,218,2,16,3,117,2,8,12,6,9,70,14,0,5,6,87,8,6,0,2,2,1,35,3,1,1,7
04/19/2020,81,14,3,35,2,3,0,51,6,29,2,36,55,814,1,3,13,1,13,2,10,0,1,2,11,5,4,3,13,53,4,3,7,1,3,0,1,14,0,5,2,1,21,13,7,3,17,22,4,1,0,15,21,9,9,6,0,19,29,73,21,56,4,18,4,21,1,1,10,0,16,32,149,5,0,4,0,29,3,9,1,35,27,23,2,8,4,7,8,11,0,81,125,7,221,2,16,4,118,3,8,12,6,9,75,13,0,5,6,95,8,6,0,2,2,1,38,3,1,1,7
04/20/2020,81,14,3,35,2,3,0,63,6,29,2,36,57,867,1,3,13,1,13,2,10,0,1,2,11,5,4,3,13,54,4,3,7,1,3,0,1,16,0,5,2,1,21,13,7,3,17,22,4,1,0,15,21,9,9,6,0,19,29,73,21,58,4,18,4,21,1,1,10,0,16,32,156,5,0,4,0,29,3,9,1,35,27,23,2,8,4,7,8,11,0,81,130,7,221,2,16,4,118,3,8,14,6,9,76,13,0,5,6,101,8,6,0,2,2,1,35,3,1,1,7
04/21/2020,86,14,3,39,2,3,0,68,6,30,3,43,57,925,1,3,14,1,14,3,10,0,1,2,11,4,4,3,14,53,4,3,7,1,3,0,1,16,1,5,2,1,21,13,7,3,18,24,5,1,0,16,22,9,9,6,0,18,29,74,22,60,4,19,4,13,1,1,10,0,17,32,169,5,0,4,0,30,3,10,1,36,27,24,2,8,4,7,7,12,0,84,125,8,222,2,17,3,159,2,8,16,6,9,75,13,0,5,6,132,8,6,0,2,2,1,0,3,1,1,9
04/22/2020,93,14,3,39,2,3,0,84,6,32,3,43,57,954,1,4,14,1,14,3,11,0,1,2,11,4,4,3,16,60,4,3,7,1,4,0,1,23,1,5,2,1,23,13,8,3,25,24,5,1,0,16,22,9,9,7,0,19,30,91,22,64,4,19,4,14,1,1,10,0,17,32,179,5,0,4,0,30,3,11,1,38,27,24,2,8,5,7,7,12,0,86,134,8,223,2,19,3,159,3,8,20,6,9,75,14,0,5,6,132,10,6,0,2,2,1,36,3,1,1,9
04/23/2020,94,18,3,40,2,3,0,84,6,32,3,47,58,1008,1,4,14,1,14,3,11,0,1,2,11,4,4,4,16,64,4,3,7,1,4,0,1,25,2,5,2,1,23,13,8,3,26,24,5,1,0,16,22,9,9,6,0,19,30,92,24,66,4,19,4,14,1,1,10,0,17,32,214,5,0,4,0,30,3,11,1,38,28,24,2,8,5,7,8,12,1,86,146,9,223,2,18,3,170,3,8,23,6,9,92,14,0,5,6,184,10,6,0,2,2,1,0,3,1,1,9
04/24/2020,98,18,3,40,2,3,0,89,6,32,3,47,58,1121,1,4,14,1,14,3,11,0,1,3,11,5,4,4,16,80,5,3,7,1,4,0,1,37,2,5,2,1,26,13,9,3,34,24,5,1,0,16,22,9,10,6,0,19,31,98,26,70,4,19,6,15,1,1,10,0,18,32,223,5,0,4,0,31,4,11,1,39,28,26,2,8,6,7,8,13,1,86,146,11,226,2,18,3,171,3,8,23,6,10,92,17,0,5,8,184,10,7,0,2,2,1,19,3,1,1,9
04/25/2020,103,18,3,43,2,3,0,109,6,34,3,47,58,1121,1,4,14,1,14,3,11,0,1,3,11,6,5,5,19,83,5,4,7,1,4,0,2,42,2,5,2,1,27,14,10,3,38,24,6,1,0,16,23,10,10,6,0,19,33,103,29,73,4,19,6,15,1,1,11,0,18,32,226,5,0,4,0,34,6,11,1,41,28,26,2,8,7,7,8,13,1,86,147,13,235,2,18,4,175,3,8,27,6,10,96,17,0,5,8,184,10,7,0,2,2,1,35,3,1,1,13
04/26/2020,113,18,3,48,2,3,0,114,6,35,3,58,60,1121,2,4,14,1,14,3,11,0,1,3,11,6,5,5,22,83,7,4,7,1,5,0,2,60,2,5,2,2,29,15,11,3,40,27,6,1,0,16,24,10,11,6,0,19,33,104,31,79,4,19,10,16,1,1,11,0,18,34,227,5,0,4,0,43,7,11,1,41,28,28,3,8,7,8,8,13,1,85,161,15,238,2,18,6,184,3,8,31,6,10,111,19,0,5,9,219,11,8,0,2,2,1,13,4,1,1,13
04/27/2020,116,18,3,50,2,3,0,119,6,37,3,58,60,1140,2,4,14,4,14,3,11,0,1,3,11,6,5,5,22,83,7,4,7,1,5,0,2,60,2,5,2,2,29,16,11,3,40,27,6,1,0,16,24,10,11,6,0,19,33,104,31,81,4,19,10,16,1,1,11,0,18,34,230,6,0,4,0,44,9,11,1,41,28,28,3,8,8,8,8,13,2,86,161,17,239,2,18,6,188,3,8,33,6,10,111,19,0,6,9,234,11,8,0,2,2,1,11,4,1,1,15
04/28/2020,125,18,3,51,3,4,0,122,6,37,5,63,59,1224,3,3,14,4,13,3,11,1,1,2,11,8,8,5,23,79,9,4,7,1,5,0,2,60,1,5,2,2,29,16,11,3,41,28,6,1,0,16,24,10,12,7,0,17,33,113,31,85,5,19,12,16,1,1,11,0,17,37,247,6,0,5,0,48,11,11,1,43,29,28,3,8,9,8,8,13,2,88,169,17,242,2,20,6,192,3,8,34,6,11,114,20,1,6,11,263,11,8,0,2,2,1,28,4,1,1,15
04/29/2020,125,18,3,51,3,4,0,124,6,37,5,63,59,1281,3,3,15,4,13,3,11,1,1,2,11,8,9,5,23,79,9,4,7,1,5,0,2,62,1,5,2,2,29,16,12,3,41,29,6,1,0,16,27,12,12,9,0,18,33,114,31,86,5,20,13,16,1,1,11,0,17,40,248,6,0,5,0,48,11,11,1,43,29,28,3,8,12,8,8,13,2,88,182,19,246,2,20,6,193,3,8,34,6,11,116,21,1,6,11,313,11,9,0,2,2,1,31,5,1,1,16
04/30/2020,138,18,3,53,3,4,0,131,6,40,5,63,59,1307,3,4,17,4,13,3,11,1,1,2,11,8,9,5,23,81,9,4,7,1,5,0,2,65,1,5,4,2,29,16,14,3,41,29,12,1,0,16,27,13,12,9,0,18,33,116,34,89,5,21,13,16,2,1,11,0,17,41,276,6,0,5,0,55,12,11,1,43,29,30,3,8,13,8,8,13,2,88,188,26,248,2,21,6,197,3,10,34,6,11,123,22,1,6,11,332,11,9,0,2,2,1,31,5,1,1,17
05/01/2020,144,18,3,55,3,4,0,137,6,44,5,63,59,1352,3,4,17,5,13,3,11,1,1,2,11,8,9,5,23,81,10,4,9,1,5,0,2,69,1,5,4,2,29,17,15,3,49,32,13,1,0,16,28,13,12,9,0,18,33,141,34,92,5,21,14,16,2,1,11,0,17,41,286,6,0,5,0,58,12,11,1,43,29,30,3,8,14,8,8,13,2,88,194,26,254,2,21,6,201,3,11,34,6,12,125,23,1,6,13,344,11,9,0,2,2,1,38,5,1,1,17
05/02/2020,144,18,3,57,3,4,0,137,6,44,8,63,59,1365,3,4,17,5,13,3,11,1,1,2,11,8,9,5,23,81,10,4,9,1,5,0,2,69,1,5,4,2,29,17,14,3,49,32,13,1,0,16,28,13,12,9,0,18,33,141,34,92,5,21,14,16,2,1,11,0,17,41,292,6,0,5,0,58,12,11,1,43,29,30,3,8,14,8,8,13,2,88,194,32,254,2,24,6,201,3,11,34,6,12,125,23,1,6,13,352,11,9,0,2,2,1,0,5,1,1,17
05/03/2020,170,18,3,57,3,4,0,138,6,48,8,65,59,1403,3,4,17,6,13,3,11,1,1,2,11,8,9,5,23,81,10,4,9,1,5,0,2,79,1,5,4,3,29,17,15,3,51,33,14,1,0,16,29,13,12,9,0,18,33,143,35,95,6,21,14,17,2,1,12,0,17,41,308,6,0,5,0,59,14,11,1,43,29,32,3,8,14,9,8,13,2,90,228,32,292,2,25,8,207,3,13,34,6,12,241,24,1,6,13,369,11,9,0,2,2,1,1,6,1,1,18
05/04/2020,172,19,3,69,3,4,0,141,6,49,8,72,59,1419,3,4,17,6,13,3,11,1,1,2,11,8,9,5,27,81,8,4,9,1,5,0,2,84,4,5,4,3,30,17,16,3,67,33,14,1,0,16,28,14,12,8,0,18,31,167,35,97,6,20,12,17,1,1,12,0,18,40,317,6,0,5,0,62,15,11,1,43,31,32,3,8,14,9,9,12,2,90,228,32,295,2,25,8,207,3,14,34,6,12,241,24,1,6,13,400,11,9,0,2,2,1,7,6,1,1,20
05/05/2020,191,19,3,69,3,4,0,143,6,52,8,74,60,1497,3,4,19,6,13,3,11,1,1,2,12,8,9,5,29,81,8,4,9,1,5,0,2,91,5,5,4,3,31,17,16,3,74,36,14,1,0,17,31,15,13,8,0,18,31,181,35,103,6,20,12,17,1,1,12,0,18,40,340,8,0,5,0,63,15,11,1,43,31,33,3,9,16,9,9,12,2,91,242,36,298,2,26,8,207,3,15,34,6,12,442,24,1,6,13,426,11,9,0,2,2,1,21,6,1,1,22
05/06/2020,196,19,3,72,3,4,0,142,6,55,8,76,60,1535,3,4,20,6,13,3,11,1,1,2,13,8,9,5,29,82,8,4,9,1,5,0,2,90,5,6,4,3,31,17,16,3,75,35,14,1,0,17,31,16,13,8,0,18,31,183,35,107,6,20,12,17,1,1,12,0,18,40,353,6,0,6,0,65,17,11,1,43,31,34,3,10,19,9,9,12,2,92,248,38,320,2,27,8,211,3,15,34,6,12,446,24,1,6,14,447,11,11,0,2,2,1,0,6,1,1,22
05/07/2020,197,19,3,74,3,4,0,145,6,56,11,79,60,1578,4,4,20,6,13,3,11,2,1,2,13,9,9,5,29,84,8,4,10,1,5,0,2,93,5,6,4,3,33,17,16,3,81,36,14,1,0,17,32,16,13,8,0,18,32,188,35,110,6,20,13,17,1,1,12,1,18,40,360,6,0,6,0,68,17,11,1,43,32,35,3,10,25,9,9,12,2,92,258,42,336,2,27,8,212,3,40,34,6,12,458,28,1,6,15,492,11,11,0,2,2,1,3,6,1,1,24
05/08/2020,203,16,2,79,3,4,0,146,6,61,8,79,56,1610,4,4,21,6,14,3,11,2,1,2,13,9,9,5,29,84,8,4,10,2,5,0,3,93,5,6,5,3,33,17,18,3,85,37,14,1,0,18,32,16,13,8,0,17,32,192,36,114,6,20,15,16,1,1,12,1,18,41,372,6,0,5,0,68,18,11,1,43,32,44,3,10,25,9,8,12,3,93,260,45,361,2,29,8,213,5,35,33,6,11,452,29,1,5,15,512,11,13,0,2,3,1,0,6,1,1,24
05/09/2020,213,17,2,82,3,4,0,148,6,61,8,81,56,1642,5,4,22,6,14,3,12,2,1,2,13,9,9,5,31,86,8,5,9,2,5,0,3,95,5,6,5,3,34,17,18,3,95,38,14,1,0,18,32,16,14,8,0,17,32,195,37,115,6,20,15,17,1,1,12,1,19,46,383,7,0,5,0,69,18,11,1,43,32,49,3,10,25,9,8,12,3,93,265,45,386,1,30,9,214,5,46,34,7,11,453,30,1,5,15,530,11,13,0,2,3,1,0,6,1,1,28
05/10/2020,218,17,2,82,3,4,0,148,6,61,8,82,56,1642,5,4,22,6,14,3,12,2,1,2,13,9,9,5,31,86,8,5,9,2,5,0,3,95,5,6,5,3,34,17,18,3,102,38,14,1,0,18,32,16,14,8,0,17,32,195,37,115,6,20,15,17,1,1,12,1,19,46,383,7,0,5,0,69,18,11,1,43,32,49,3,10,25,9,8,12,3,93,266,45,389,1,30,9,214,5,46,34,7,11,453,30,1,5,15,530,11,13,0,2,3,1,0,6,1,1,28
05/11/2020,232,17,2,83,3,4,0,149,6,61,8,82,56,1691,5,4,21,6,14,3,13,2,1,2,13,9,9,5,31,88,8,6,9,2,5,0,3,98,5,6,5,3,34,17,18,3,105,37,16,1,0,18,32,17,15,8,0,18,33,201,40,118,6,20,15,17,1,1,13,1,19,47,401,7,0,5,0,72,18,11,1,44,32,52,3,10,29,9,8,12,3,95,270,45,411,1,31,10,215,6,63,34,7,11,457,31,1,6,15,573,12,13,0,2,6,1,0,6,1,1,28
05/12/2020,250,17,2,86,3,4,0,149,6,63,16,86,56,1808,5,4,21,7,14,3,13,3,1,2,13,9,9,5,31,88,8,7,9,2,5,0,4,99,5,6,5,3,35,17,18,3,109,41,16,1,0,18,32,16,15,8,0,19,37,200,43,120,7,20,15,18,1,1,13,1,19,49,408,7,0,5,0,73,18,12,1,45,33,54,3,10,30,10,8,12,3,95,274,45,426,1,31,10,216,6,72,34,7,13,457,31,1,6,18,637,12,13,0,2,6,1,0,6,1,1,30
05/13/2020,268,17,2,86,3,4,0,149,6,63,16,87,56,1788,5,4,21,7,14,3,13,3,1,2,13,9,9,5,31,88,8,7,9,2,5,0,4,99,5,6,5,3,35,17,19,3,110,41,16,1,0,18,32,16,15,8,0,19,37,200,43,120,7,20,15,18,1,1,13,1,19,49,408,7,0,5,0,73,18,12,1,45,33,54,3,10,30,10,8,12,3,95,274,45,457,1,31,10,217,6,72,34,7,13,457,31,1,6,18,637,12,13,0,2,6,1,66,6,1,1,30
05/14/2020,283,18,2,89,3,4,0,152,7,72,19,89,57,1822,5,4,21,7,14,3,13,3,1,2,13,9,9,5,32,91,10,7,9,2,5,0,4,101,5,6,6,5,41,17,19,3,118,50,18,1,0,19,35,16,15,8,0,19,38,205,44,128,7,20,18,18,1,2,13,1,19,50,432,7,0,5,0,76,18,12,1,47,33,54,3,10,33,10,8,12,3,95,277,46,529,2,31,11,218,8,77,34,8,16,459,32,1,6,22,730,12,14,0,2,6,2,0,6,2,1,34
05/15/2020,312,18,2,92,3,4,0,152,7,71,19,93,57,1864,5,4,21,7,14,3,13,3,1,2,13,9,9,5,33,92,10,7,9,2,5,0,4,103,5,6,6,5,42,17,19,3,128,50,19,1,0,19,35,16,17,8,0,19,38,212,44,129,8,20,18,18,1,2,13,1,19,50,437,7,0,7,0,80,18,12,1,47,34,65,3,10,37,10,8,12,3,95,287,49,532,2,32,12,217,8,82,35,8,16,464,32,1,6,23,751,12,14,0,2,6,2,0,6,2,1,34
05/16/2020,326,19,3,93,3,4,0,152,7,73,19,95,57,1922,5,4,21,7,14,3,13,3,1,2,13,9,9,6,33,92,10,7,9,2,5,0,4,103,5,6,6,5,43,17,19,3,128,55,19,1,0,23,37,16,17,8,0,19,38,217,46,131,8,20,18,20,1,2,13,1,19,50,444,8,0,7,1,81,20,12,1,49,34,75,3,10,39,10,8,12,3,97,287,50,550,2,32,12,217,8,87,35,8,16,474,32,1,6,28,776,12,14,0,2,6,2,0,6,2,1,34
05/17/2020,342,19,3,93,3,4,0,152,7,73,19,95,57,1922,5,4,21,7,14,3,13,3,1,2,12,9,9,6,33,92,10,7,9,2,5,0,4,103,5,6,6,5,43,17,19,4,128,55,19,1,0,23,37,16,17,8,0,19,38,217,46,131,8,20,18,20,1,2,13,1,19,50,444,8,0,7,1,81,20,12,1,49,34,75,3,10,40,10,9,12,3,97,287,50,550,2,32,12,217,8,87,35,8,16,476,32,1,6,28,776,12,14,0,2,6,2,0,6,2,1,34
05/18/2020,355,19,3,98,3,4,0,154,7,84,19,95,57,2009,5,4,21,7,14,3,13,3,1,2,12,9,9,6,33,95,10,7,10,2,5,0,4,107,5,6,6,5,49,17,19,4,128,55,20,1,0,23,38,16,17,8,0,19,39,217,46,134,8,21,18,18,2,3,13,1,19,52,472,8,0,7,1,85,20,12,1,50,34,76,3,10,40,13,9,12,3,97,293,50,564,3,35,12,217,8,94,36,8,16,476,33,2,6,28,810,12,14,1,3,6,2,0,6,2,1,34
05/19/2020,361,19,3,99,3,4,0,154,7,85,20,97,57,2067,5,4,21,7,14,3,13,3,1,2,12,9,9,6,33,94,10,7,10,3,5,0,4,109,5,6,6,5,50,17,20,4,140,57,20,1,0,23,39,16,17,8,1,19,39,217,47,135,9,21,18,20,2,3,13,1,19,51,479,8,0,7,1,85,20,12,1,50,34,78,3,10,41,13,9,12,3,98,296,50,596,3,35,13,217,8,98,36,8,16,476,34,1,6,28,828,13,15,1,3,6,2,0,6,2,1,34
05/20/2020,363,20,3,101,3,4,1,152,7,88,20,98,59,2105,5,4,21,7,14,3,13,3,1,2,13,9,9,6,33,94,10,7,10,3,5,0,4,110,5,6,6,5,45,17,20,6,141,59,19,1,0,23,43,16,17,8,1,19,39,217,48,137,9,35,18,22,2,3,13,1,19,51,486,8,0,7,1,85,20,12,1,50,34,82,3,10,43,15,9,12,3,98,296,51,591,2,36,13,218,8,101,36,8,17,476,34,1,6,28,863,13,17,1,4,7,2,0,6,2,1,38
05/21/2020,368,20,3,101,3,4,1,152,7,88,20,101,60,2144,5,4,21,8,14,3,13,4,1,2,13,10,9,6,33,95,10,8,10,3,5,0,4,119,5,6,6,5,45,17,20,6,144,60,19,1,0,23,43,16,17,8,1,19,39,218,49,141,9,36,18,24,3,3,13,1,19,50,503,8,0,8,1,85,20,12,1,51,34,84,4,10,44,15,9,12,5,98,299,51,596,2,36,13,218,8,112,36,8,17,476,35,1,7,28,879,13,16,1,6,7,2,0,7,2,1,38
05/22/2020,379,20,3,101,3,5,1,152,7,90,21,103,60,2233,5,4,21,8,14,3,13,4,1,2,13,10,9,6,33,96,10,8,11,3,5,0,4,120,5,6,6,5,45,18,20,8,145,60,19,1,0,23,44,16,17,8,1,25,39,219,49,144,9,37,18,24,3,5,13,1,19,50,520,8,0,8,1,85,21,12,1,53,34,89,5,10,44,15,9,12,5,101,300,53,603,2,36,14,220,8,114,37,8,17,476,36,1,7,28,917,13,16,1,6,7,2,0,7,2,1,40
05/23/2020,401,20,3,104,3,5,1,157,7,96,21,103,60,2249,5,4,21,8,14,3,13,4,1,2,13,11,9,6,33,96,10,8,11,4,5,0,4,121,5,7,6,5,45,18,20,8,145,60,19,1,0,23,44,16,17,8,1,25,39,218,49,149,9,37,18,24,3,8,13,1,19,51,527,8,0,8,2,87,21,12,1,55,34,92,5,10,47,15,9,12,5,103,305,54,619,2,37,14,220,8,115,37,8,21,476,35,1,7,28,920,13,16,1,7,7,2,0,14,2,1,42
05/24/2020,401,20,3,104,3,5,1,157,7,96,21,104,60,2249,5,4,21,8,14,3,13,4,1,2,13,11,9,6,33,96,10,8,11,4,5,0,4,121,5,7,6,5,45,18,23,8,149,60,19,1,0,23,44,16,17,8,1,25,39,218,49,149,9,37,18,24,3,8,13,1,19,51,527,8,0,8,2,87,21,12,1,55,34,92,5,10,52,15,9,12,5,111,305,54,619,2,37,14,220,8,115,37,8,21,485,35,1,7,28,920,13,16,1,7,7,2,0,14,2,1,42
05/25/2020,401,20,3,104,3,5,1,157,7,96,21,104,60,2307,5,4,21,8,14,3,13,4,1,2,13,11,9,6,33,96,10,8,11,4,5,0,4,121,5,7,6,5,45,18,22,8,149,60,19,1,0,23,44,16,17,8,1,25,39,218,49,149,9,37,18,24,3,8,13,1,19,51,527,8,0,8,2,87,21,12,1,55,34,92,5,10,52,15,9,12,5,111,305,54,619,2,37,14,220,8,115,37,8,21,485,35,1,7,28,920,13,16,1,7,7,2,0,14,2,1,42
05/26/2020,425,22,3,105,3,5,1,157,7,97,24,104,61,2376,5,4,21,8,14,3,13,4,1,2,13,11,9,6,33,96,10,8,11,7,5,0,5,124,5,7,6,5,47,18,22,8,150,65,19,1,0,23,49,17,17,8,1,26,39,224,48,152,9,38,18,25,3,8,13,1,19,55,537,8,0,8,2,89,21,13,1,54,35,132,5,10,56,15,9,12,5,111,308,56,644,3,39,18,220,8,126,37,8,22,485,36,1,7,28,950,13,16,1,7,7,2,0,15,2,1,43
05/27/2020,429,23,3,109,3,5,1,159,7,98,24,109,61,2427,5,4,21,9,14,3,13,4,3,2,13,11,10,6,33,96,10,8,11,7,5,0,5,124,5,7,6,5,47,19,23,10,165,70,19,1,0,23,49,17,17,8,1,26,39,226,48,153,9,38,18,25,4,12,14,1,19,56,543,8,0,8,2,89,21,13,1,56,35,138,5,10,56,15,10,12,5,111,312,56,650,3,39,19,220,8,126,37,8,22,485,38,1,8,28,950,13,17,1,7,7,2,0,16,2,1,44
05/28/2020,435,23,3,109,3,5,1,159,7,99,26,112,61,2485,5,4,21,9,14,3,13,4,3,2,13,11,10,6,34,96,10,8,11,7,5,0,5,124,5,7,6,5,47,20,23,10,167,72,19,1,0,23,49,19,17,8,1,26,39,227,48,159,9,38,18,28,5,15,14,1,19,56,547,8,1,8,2,95,21,13,1,56,35,140,5,10,63,16,10,12,5,111,313,56,673,3,42,19,222,8,136,37,9,23,485,38,2,8,28,989,13,17,1,10,7,2,0,16,2,1,44
05/29/2020,447,23,3,111,3,6,1,162,7,100,26,115,61,2485,5,4,21,9,14,3,13,6,3,2,13,11,10,6,34,97,10,9,11,7,5,0,5,124,5,7,6,5,50,20,23,10,167,74,19,1,0,23,51,19,17,8,1,27,39,228,50,167,9,39,18,35,6,33,14,1,19,57,566,8,1,8,2,95,21,13,1,56,35,156,5,11,70,18,10,12,5,111,316,56,702,3,44,19,222,8,143,38,9,23,485,41,2,8,29,1000,13,17,1,11,7,3,0,16,2,1,45
05/30/2020,458,25,3,111,3,6,1,165,8,102,26,116,61,2555,5,4,21,9,15,3,13,6,3,2,13,11,10,6,34,97,12,9,12,7,5,0,5,124,5,8,6,5,55,21,23,10,168,83,19,1,0,24,52,22,17,8,1,27,39,228,50,173,11,41,18,38,7,36,14,1,19,62,585,8,1,8,2,95,22,13,1,58,35,164,6,11,70,18,11,12,5,111,317,56,714,3,44,22,222,8,145,38,9,24,485,41,2,9,29,1007,13,17,1,12,7,3,0,17,2,1,45
05/31/2020,462,25,3,114,3,6,1,165,8,102,26,116,61,2555,5,4,21,9,15,3,13,7,3,2,13,11,10,6,34,97,12,9,12,7,5,0,5,124,5,8,6,5,55,21,23,10,168,83,19,1,0,24,52,22,17,8,1,27,39,228,50,173,11,41,18,38,7,36,14,1,19,62,585,8,1,8,2,95,22,13,1,58,35,164,6,11,88,18,11,12,5,119,317,60,714,3,44,22,222,8,145,38,9,24,497,41,2,9,29,1007,13,17,1,12,7,3,0,17,2,1,45
06/01/2020,466,25,3,115,4,6,1,166,8,103,28,118,61,2555,5,4,21,9,15,3,13,7,3,2,13,11,10,6,34,97,12,9,13,7,5,0,5,126,5,8,6,5,55,21,23,10,168,99,19,1,0,24,54,22,17,8,1,27,40,232,52,182,12,42,18,38,7,37,14,4,21,65,608,8,1,8,2,97,22,13,1,58,35,175,6,13,93,20,11,12,5,119,324,60,760,3,44,22,223,8,150,38,9,25,497,41,3,10,30,1044,13,17,1,14,7,3,0,20,3,1,47
06/02/2020,469,26,3,119,4,7,1,167,8,106,28,119,61,2566,5,4,21,9,15,3,13,7,3,2,13,12,10,6,34,97,12,9,13,7,5,1,5,126,5,8,6,5,55,24,23,10,170,100,21,1,0,24,54,22,17,8,1,29,40,232,52,185,12,42,18,55,7,43,14,4,23,68,614,10,1,8,2,97,22,14,1,61,35,178,6,15,92,22,11,12,5,119,325,60,781,3,45,22,223,8,153,38,9,25,497,42,3,11,30,1063,13,17,1,14,7,3,0,21,4,1,49
06/03/2020,492,26,3,119,4,7,1,166,8,109,28,120,61,2612,5,4,21,9,15,3,13,7,3,2,13,13,10,7,34,97,12,9,13,7,5,1,5,127,5,8,6,5,54,25,23,10,171,103,22,1,0,25,55,24,18,8,1,29,40,235,53,191,14,43,18,63,8,46,14,4,23,67,638,10,1,8,2,99,22,14,3,61,35,184,6,15,96,21,11,12,5,119,330,60,803,2,46,22,225,8,156,37,10,25,497,44,3,11,30,1079,13,17,1,14,7,5,0,21,4,1,49
06/04/2020,505,28,3,119,5,7,1,166,8,111,29,121,61,2760,5,4,21,9,15,3,13,7,3,2,13,13,11,7,34,97,12,9,13,7,5,1,5,132,5,9,6,5,57,27,23,10,174,105,22,1,0,26,55,24,23,8,1,31,41,235,53,194,14,53,18,68,8,46,14,4,27,67,653,10,1,9,2,107,23,14,3,60,37,184,6,15,100,21,12,12,5,119,337,60,812,2,47,22,225,8,164,37,10,25,497,44,3,11,32,1093,13,17,2,15,7,5,0,25,4,2,50
06/05/2020,508,28,3,119,5,7,1,166,9,119,31,121,61,2843,5,4,21,9,15,3,13,7,4,2,13,13,11,8,35,98,12,9,14,8,5,1,5,134,5,9,6,5,57,31,24,10,176,109,22,1,0,30,55,24,23,9,1,32,42,236,54,194,14,58,18,73,10,46,14,4,28,69,663,10,1,11,2,111,23,15,3,64,37,214,6,15,102,22,12,12,5,123,339,60,847,2,47,23,225,8,170,37,12,25,497,44,3,14,34,1105,13,19,2,15,7,8,0,25,5,2,53
06/06/2020,516,28,3,121,5,7,1,166,9,120,31,121,61,3043,5,4,21,9,17,3,13,7,4,2,13,13,11,8,35,99,13,9,14,8,5,1,5,135,5,11,6,5,59,34,24,10,180,109,22,1,0,30,54,25,23,9,1,33,42,237,55,196,17,58,18,77,11,46,14,4,28,73,671,10,1,11,2,112,23,15,3,65,37,216,6,15,102,25,14,12,5,127,340,60,872,2,47,24,225,8,170,37,12,30,497,45,3,14,36,1112,13,19,2,15,8,8,0,25,5,2,53
06/07/2020,516,28,3,121,5,7,1,166,9,120,31,121,61,3043,5,4,21,9,17,3,13,7,4,2,13,13,11,8,35,99,13,9,14,8,5,1,5,135,5,11,6,5,59,34,24,10,180,109,22,1,0,30,54,25,23,9,1,33,42,237,55,196,17,58,18,77,11,46,14,4,28,73,671,10,1,11,2,112,23,15,3,65,37,218,6,15,111,25,19,12,5,142,340,60,872,2,49,24,225,8,170,37,12,30,498,45,3,14,36,1112,13,19,2,15,8,8,0,25,5,2,53
06/08/2020,522,28,3,123,5,7,1,166,9,120,31,121,61,3104,5,4,22,9,17,3,13,7,4,2,13,15,11,8,35,100,13,9,14,10,5,1,5,135,5,12,6,4,73,37,24,10,180,111,22,1,0,35,54,25,23,9,1,45,42,238,55,198,17,59,18,81,12,46,14,8,56,77,680,10,1,11,2,112,23,15,3,65,54,226,6,15,116,25,19,12,5,147,342,65,928,2,51,24,225,8,175,37,13,32,499,45,3,14,36,1142,13,19,2,15,8,8,0,27,5,2,55
06/09/2020,527,28,3,124,5,7,1,167,9,122,31,121,61,3186,5,4,22,9,17,3,13,7,4,2,13,15,12,8,35,101,13,9,14,10,5,1,6,135,5,12,6,4,73,37,24,10,180,112,22,2,0,36,56,25,23,9,1,45,43,239,56,197,17,60,18,84,12,49,14,8,56,77,680,10,1,14,2,113,23,15,4,65,54,233,6,15,118,25,21,12,5,148,341,67,947,2,51,24,225,8,178,37,13,32,499,45,4,14,38,1174,14,19,3,16,11,8,0,27,5,2,56
06/10/2020,532,28,3,127,5,7,1,167,9,125,32,122,61,3226,5,4,22,9,17,3,13,7,4,2,13,16,13,8,35,101,13,9,14,12,5,1,6,135,5,13,6,4,73,38,24,10,181,113,22,3,0,36,58,25,23,10,1,45,43,240,56,198,17,62,18,88,12,51,14,8,56,80,681,10,1,14,2,113,23,15,4,68,54,233,6,15,120,25,22,12,5,150,344,67,978,2,51,24,226,8,179,37,15,32,499,47,4,14,38,1179,15,19,3,16,11,10,0,27,5,2,59
06/11/2020,535,28,3,127,5,7,1,167,10,127,36,126,62,3229,5,4,22,9,17,3,13,7,4,2,13,16,14,8,35,101,13,9,14,12,5,2,9,135,5,15,6,4,73,40,24,10,183,113,22,3,0,37,57,25,23,10,1,46,43,240,57,201,17,63,18,88,12,51,14,8,56,79,683,10,1,14,2,113,23,16,4,68,54,233,5,15,123,25,22,12,5,150,347,68,1008,2,51,24,226,8,185,40,15,32,502,47,4,14,38,1192,15,20,3,16,11,10,0,27,5,2,59
06/12/2020,538,28,3,128,5,7,1,168,11,133,36,131,63,3278,5,4,25,9,17,3,13,7,4,2,14,16,16,10,35,101,14,10,14,12,5,3,9,136,5,15,6,4,73,41,25,10,185,112,23,4,0,37,57,25,23,10,1,45,43,243,57,201,17,68,18,92,12,51,14,8,56,79,681,10,1,15,4,116,23,16,6,71,54,256,5,16,130,25,22,12,5,152,350,70,1041,4,52,25,226,9,191,41,16,33,502,47,4,14,38,1220,17,21,3,16,13,10,0,27,5,2,61
06/13/2020,539,30,3,131,5,7,1,173,11,133,36,131,63,3323,6,4,29,9,18,3,13,7,4,2,14,16,17,14,36,101,14,10,14,13,5,5,10,137,5,15,6,4,76,42,25,10,185,113,23,4,0,38,59,26,23,10,1,48,44,243,57,207,18,73,19,96,12,57,16,11,56,82,690,11,1,15,4,117,24,16,6,71,54,268,5,17,133,25,24,12,5,155,353,70,1075,4,53,26,229,13,195,41,16,37,502,48,4,14,47,1248,17,23,4,17,13,10,0,29,5,3,65
06/14/2020,539,30,3,131,5,7,1,173,12,133,36,138,63,3323,6,4,29,9,18,3,13,7,4,2,14,17,17,14,36,101,15,10,14,13,5,5,10,137,5,15,6,8,88,42,25,11,185,113,28,4,0,38,59,26,23,10,1,54,44,243,57,207,18,73,19,96,12,57,16,11,56,82,690,11,1,15,4,117,24,16,6,72,54,274,5,17,133,25,24,12,5,155,353,70,1075,4,53,26,229,13,195,41,16,39,502,48,4,14,47,1248,17,23,4,17,13,10,0,29,5,3,65
06/15/2020,541,30,4,135,5,7,2,175,12,133,36,138,63,3363,6,4,30,9,18,3,13,8,4,2,14,20,17,14,37,102,15,10,14,17,5,5,11,137,5,15,6,8,88,42,25,11,185,113,28,5,0,38,59,26,23,10,1,54,44,244,60,207,18,77,19,98,12,57,16,13,56,83,690,11,1,15,4,123,24,16,6,72,54,277,5,19,136,25,25,12,5,159,360,73,1129,6,53,26,230,14,206,44,16,39,503,48,4,14,48,1275,17,23,4,17,15,10,0,31,5,3,66
06/16/2020,541,30,4,135,5,7,2,175,12,133,36,142,63,3363,6,4,30,9,18,3,13,8,4,2,14,21,17,14,37,102,15,10,14,17,5,5,11,137,5,15,6,8,88,42,25,11,188,113,28,5,0,38,59,26,23,10,1,54,44,244,60,207,18,77,19,98,12,57,16,13,56,85,690,11,1,15,4,123,24,16,6,72,54,277,5,19,138,25,25,12,5,160,360,75,1146,6,53,26,230,14,205,44,16,39,504,48,4,14,48,1279,17,23,4,17,15,10,0,31,5,3,66
06/17/2020,552,30,4,136,5,7,2,176,13,135,37,147,74,3451,7,4,47,9,18,3,13,8,4,2,15,26,17,15,37,104,15,10,14,23,5,5,13,137,5,15,7,8,88,45,25,11,188,114,28,5,0,38,60,26,23,10,1,55,44,246,61,212,21,78,22,105,12,57,16,15,56,88,699,12,1,15,4,126,24,16,7,73,54,281,5,20,138,27,26,12,5,166,368,77,1158,9,53,27,232,15,205,47,17,40,505,49,5,14,53,1299,18,23,4,25,15,10,0,31,5,3,67
06/18/2020,557,31,4,138,5,7,2,180,13,135,39,150,81,3481,7,4,48,8,18,3,13,8,4,2,16,26,18,17,37,106,15,10,15,27,5,5,14,137,5,15,7,8,88,45,25,11,190,114,28,5,0,38,61,28,23,10,2,58,45,246,63,213,20,79,22,108,14,57,16,15,56,91,706,12,1,15,4,129,24,17,7,74,57,314,5,22,145,27,26,12,5,166,370,77,1194,10,53,28,231,16,205,48,18,41,506,50,5,14,54,1305,19,23,4,26,15,11,0,32,5,3,68
06/19/2020,567,31,4,141,5,7,2,183,14,135,42,151,85,3528,8,4,52,8,18,3,13,8,5,2,16,29,20,17,37,107,15,10,15,30,5,5,16,137,5,15,7,8,91,45,25,11,190,116,38,5,0,38,62,28,23,10,2,60,47,247,63,219,21,80,25,108,15,57,16,16,56,95,709,13,1,17,5,134,24,17,7,74,60,347,5,24,145,27,26,12,5,167,376,77,1214,12,53,28,232,16,205,50,18,41,507,50,5,14,59,1323,19,23,4,26,17,11,0,32,5,4,70
06/20/2020,567,31,4,144,5,7,2,183,14,134,42,151,90,3561,9,4,54,8,18,3,13,8,5,2,16,29,22,18,38,107,15,10,16,31,5,5,16,137,5,15,7,8,94,46,25,11,190,116,39,5,0,38,62,29,23,12,1,60,48,246,65,225,21,84,26,109,15,57,16,16,58,96,717,13,1,17,5,134,24,17,7,75,66,358,5,25,152,27,27,12,5,167,376,77,1235,12,53,28,233,16,205,50,24,44,509,53,5,14,62,1339,19,24,4,29,17,13,0,32,5,6,70
06/21/2020,570,32,4,144,5,7,2,183,14,134,42,152,90,3582,9,4,55,8,18,4,14,8,5,2,17,31,22,18,39,107,15,10,16,32,6,5,16,137,5,15,7,8,94,46,25,11,191,117,41,5,0,39,62,29,23,12,1,61,49,246,66,227,21,87,26,109,15,57,19,17,59,98,723,13,1,18,5,143,24,17,7,77,67,361,5,25,152,27,27,13,5,174,382,77,1235,12,53,29,234,17,205,50,24,45,509,53,5,14,63,1357,20,24,5,29,17,13,0,34,5,6,71
06/22/2020,575,34,4,145,5,7,2,185,14,134,43,152,90,3609,10,4,55,8,18,4,14,8,5,2,17,33,23,21,39,108,15,10,16,32,6,5,16,137,5,15,8,8,95,48,25,11,191,117,43,5,0,39,62,29,23,12,1,61,49,246,68,232,21,89,26,112,16,57,20,17,59,99,726,13,1,20,5,148,24,17,7,77,67,365,5,25,154,27,27,13,5,178,386,78,1284,12,53,29,234,17,210,52,24,45,509,54,5,14,63,1361,21,24,5,29,17,13,0,34,5,6,71
06/23/2020,579,36,4,148,5,8,2,185,15,134,44,155,92,3651,10,4,57,8,17,5,15,8,5,2,18,34,23,21,39,108,15,11,17,37,6,5,16,137,5,15,8,13,100,48,25,12,191,119,49,5,0,39,65,31,24,13,2,63,49,246,71,234,21,91,26,120,16,58,21,18,65,100,735,15,1,21,5,149,25,17,7,82,75,370,6,25,156,26,27,13,5,179,404,79,1307,13,54,30,241,16,213,53,25,44,510,60,6,15,68,1376,23,24,6,30,18,13,0,34,5,4,74
06/24/2020,587,37,6,148,5,8,3,188,15,136,46,155,94,3682,10,5,63,8,17,5,16,9,5,2,18,37,23,21,39,109,15,11,17,39,6,5,16,137,5,15,8,13,103,48,25,12,192,126,53,5,0,39,69,33,24,13,2,63,54,247,71,236,21,94,26,120,16,58,22,18,65,100,744,16,1,21,5,150,25,17,8,83,76,378,6,25,158,26,27,13,5,183,407,79,1334,14,55,31,242,16,214,53,28,46,511,65,6,15,68,1398,24,24,6,30,18,13,0,34,5,4,76
06/25/2020,588,38,7,148,5,8,3,190,16,138,46,155,96,3714,10,7,71,8,17,5,17,9,5,2,18,38,23,21,40,110,15,11,17,44,6,4,17,137,5,15,8,14,106,49,25,12,193,126,55,5,0,40,69,33,24,13,2,64,55,247,75,238,22,96,26,123,18,58,28,18,66,102,759,16,1,24,5,151,25,17,8,84,79,391,6,26,162,26,29,13,5,225,414,79,1374,14,57,32,243,18,215,53,28,46,511,67,6,15,68,1426,24,24,6,30,18,14,0,34,5,4,82
06/26/2020,590,38,8,149,5,8,3,192,17,140,46,155,100,3765,10,7,79,9,19,5,17,9,5,2,18,38,23,21,40,111,15,12,17,46,6,4,17,137,5,15,8,14,107,49,25,12,194,129,56,6,0,43,72,33,25,13,2,64,59,247,78,242,22,96,26,123,19,59,28,18,66,103,777,20,1,24,5,153,25,23,8,88,83,400,6,28,164,26,29,13,5,226,421,79,1398,15,57,33,248,18,215,53,28,46,511,67,6,15,71,1455,24,24,7,35,19,15,0,34,6,4,84
06/27/2020,594,38,8,148,5,8,3,196,18,145,46,161,104,3820,10,7,84,9,19,5,17,9,5,2,19,39,24,22,40,115,15,13,17,53,6,4,19,137,5,15,8,15,112,49,25,12,197,129,57,6,0,44,73,36,25,13,2,65,60,252,79,246,22,98,27,128,21,61,28,21,68,105,785,63,1,25,5,155,25,23,8,89,82,405,6,29,165,26,30,13,5,226,428,79,1439,17,57,33,251,21,215,54,29,47,512,69,6,15,71,1481,25,24,8,37,22,15,0,34,6,4,84
06/28/2020,594,38,8,149,5,8,3,199,18,145,46,161,104,3829,10,7,85,10,20,5,17,9,5,2,19,40,24,22,40,116,15,13,17,53,6,4,20,137,5,15,8,15,125,49,25,13,197,129,59,6,0,44,75,36,25,13,2,71,61,253,79,248,22,98,27,128,21,61,28,22,68,105,787,63,1,25,5,159,25,23,8,93,82,456,7,29,165,26,30,13,5,226,428,79,1439,18,57,33,251,21,215,55,29,58,514,69,6,16,76,1491,25,24,8,37,22,15,0,35,7,4,84
06/29/2020,594,38,8,149,5,8,3,200,18,146,47,163,104,3852,10,7,90,10,20,5,18,9,5,2,19,41,24,23,40,118,15,13,17,53,6,4,21,137,5,16,8,15,125,51,25,13,204,129,59,6,0,45,76,36,25,14,2,71,61,255,79,249,22,98,27,128,23,61,28,23,68,106,787,64,1,25,5,161,25,23,8,94,83,456,7,29,165,26,30,13,5,237,431,81,1491,18,57,33,251,22,221,56,30,58,520,70,6,16,76,1514,27,24,8,37,22,18,0,35,7,4,85
06/30/2020,597,38,8,150,5,9,3,206,18,161,47,165,108,3901,10,7,102,10,20,5,18,9,5,2,21,43,26,23,41,120,15,15,17,59,6,4,23,138,5,17,8,14,125,51,25,13,204,130,59,6,0,46,77,36,25,15,2,71,62,256,81,259,23,98,29,135,23,61,28,23,70,106,794,66,1,28,5,166,26,23,8,94,87,456,7,29,168,26,31,15,5,248,433,81,1514,20,57,33,255,23,224,58,31,58,523,74,6,17,84,1533,28,24,8,37,22,19,0,35,8,4,86
07/01/2020,602,39,8,151,5,9,3,207,18,165,48,165,109,3942,9,8,111,10,20,7,18,10,5,2,21,44,26,24,41,126,15,15,17,62,6,4,24,138,5,17,8,14,125,52,25,13,205,130,59,7,1,47,78,37,25,15,3,71,62,257,82,266,25,98,29,138,23,65,28,24,73,108,800,69,1,28,5,168,26,23,8,94,91,456,7,29,170,26,32,15,5,249,435,83,1553,21,59,35,256,22,223,59,31,58,523,76,6,17,86,1547,28,24,8,37,22,19,0,36,8,5,86
07/02/2020,606,40,8,152,5,9,3,214,19,171,49,166,113,3991,9,10,114,10,20,8,18,11,6,3,21,45,26,24,41,127,15,15,17,64,6,4,25,139,5,17,9,14,126,52,26,13,207,131,62,7,1,50,78,37,25,15,4,71,64,256,85,270,26,98,31,140,23,65,30,26,73,111,807,71,1,29,6,170,28,24,8,99,97,456,7,29,171,27,33,15,5,257,440,84,1599,21,60,36,263,22,222,60,31,58,527,77,6,17,91,1563,29,24,9,37,22,19,0,38,8,5,90
07/03/2020,615,40,9,154,5,9,3,219,19,177,49,170,114,4034,10,11,124,10,20,8,18,11,8,3,21,46,26,25,42,127,15,18,17,68,6,4,26,140,5,17,10,14,130,52,27,13,208,139,62,8,1,52,80,38,26,16,4,73,67,257,86,270,29,99,32,144,24,65,33,27,74,111,814,73,1,30,6,172,28,24,9,100,99,456,7,29,174,29,34,15,5,262,452,84,1637,21,60,36,266,22,227,60,33,58,527,81,7,19,99,1583,32,25,13,42,23,21,0,40,9,5,92
07/04/2020,615,40,9,154,5,9,3,219,19,177,49,170,114,4034,10,11,124,10,20,8,18,11,8,3,21,46,26,25,42,130,15,18,17,68,6,4,26,140,5,17,10,14,130,52,27,13,208,139,62,8,1,57,80,38,26,16,4,73,67,257,86,274,29,99,32,144,24,65,33,27,74,115,814,73,1,30,6,172,28,24,9,100,99,456,7,29,174,29,34,15,5,265,452,84,1661,21,60,36,266,22,227,60,33,58,538,81,7,19,99,1583,32,25,13,42,23,21,0,40,9,5,92
07/05/2020,615,40,9,154,5,9,3,219,19,177,49,170,114,4034,10,11,124,10,20,8,18,11,8,3,21,46,26,25,42,131,15,18,17,68,6,4,26,140,5,17,10,14,130,52,27,13,208,139,62,8,1,57,81,38,26,16,4,73,67,257,86,274,29,99,32,144,24,65,33,27,74,116,814,73,1,30,6,172,28,24,9,100,99,456,7,29,174,29,34,15,5,265,452,84,1661,21,60,36,266,22,227,60,33,58,538,81,7,19,99,1583,32,25,13,42,23,21,0,40,9,5,92
07/06/2020,646,43,10,159,7,9,3,231,19,208,49,174,115,4173,10,11,133,10,21,9,18,13,9,3,27,46,26,27,45,136,16,18,17,72,6,4,28,140,7,19,10,15,143,55,27,13,219,144,68,8,1,58,82,40,26,20,4,74,69,258,93,293,31,102,35,146,24,65,36,31,79,120,833,80,1,36,6,178,29,25,10,117,101,524,7,29,177,29,35,17,7,266,458,84,1713,25,60,38,272,22,242,65,36,58,538,90,8,20,104,1650,40,28,21,61,23,38,0,42,10,8,97
07/07/2020,660,43,12,165,7,9,3,233,19,221,49,180,115,4233,10,12,143,11,21,9,18,14,9,3,27,48,26,27,48,139,15,18,17,76,6,4,29,140,7,20,10,17,152,57,27,13,220,149,69,8,1,61,83,40,26,20,4,75,71,260,94,299,32,103,37,149,24,65,40,32,79,122,844,81,1,39,7,181,30,25,11,119,107,528,7,30,180,29,35,17,7,267,467,84,1775,25,61,39,279,22,244,65,39,61,545,93,9,21,107,1655,41,28,43,63,23,40,0,42,11,9,99
07/08/2020,672,43,12,166,8,10,3,246,22,223,50,182,115,4323,10,14,158,13,21,10,18,14,11,3,30,52,26,28,48,139,15,18,17,79,6,5,32,140,7,20,11,18,160,58,27,13,220,153,73,8,1,65,86,41,26,22,4,76,71,262,98,303,32,104,38,153,24,66,40,33,81,124,852,88,1,42,7,181,30,26,11,121,112,537,7,30,181,30,37,21,7,286,469,84,1800,25,62,40,285,22,248,66,39,61,549,97,10,21,113,1679,47,28,57,63,24,41,0,42,11,10,104
07/09/2020,683,43,12,166,8,11,3,250,22,236,50,194,115,4395,10,14,165,14,21,10,18,14,11,3,31,54,26,28,52,145,15,18,17,80,7,5,33,143,7,20,11,18,169,60,27,13,224,159,74,9,1,65,86,41,26,26,4,76,73,262,102,307,32,104,38,156,25,67,40,33,81,125,857,88,1,42,7,184,36,29,12,126,113,545,9,30,183,30,38,29,9,297,483,84,1839,25,62,41,292,22,250,66,39,61,549,105,10,21,115,1698,49,28,69,65,24,55,0,44,11,11,110
07/10/2020,694,43,15,169,8,11,3,270,25,246,50,194,115,4458,11,15,177,14,21,12,18,15,13,3,32,59,26,30,52,149,16,18,19,81,8,5,37,146,7,20,11,19,178,63,27,13,224,163,81,9,1,70,87,43,26,27,4,80,78,264,108,314,37,105,39,159,26,67,40,35,81,137,864,92,1,48,7,192,37,29,12,131,117,559,13,30,186,30,40,31,10,298,493,84,1922,26,64,43,298,22,249,68,39,63,558,109,10,22,118,1714,49,29,74,69,24,84,0,44,11,11,116
