date,Alpena,Arenac,Branch,Charlevoix,Delta,Dickinson,Emmet,Gladwin,Grand Traverse,Iosco,Jackson,Kent,Keweenaw,Livingston,Mecosta,Midland,Otsego,Ottawa,Roscommon,Sanilac,Tuscola,Washtenaw,Wayne,Baraga,Barry,Benzie,Clare,Eaton,Lake,Lapeer,Luce,Macomb,Mason,Montcalm,Montmorency,Oceana,Ogemaw,St. Clair,Alger,Allegan,Bay,Berrien,Cheboygan,Genesee,Gogebic,Gratiot,Houghton,Huron,Ingham,Ionia,Isabella,Kalkaska,Lenawee,Muskegon,Oakland,Ontonagon,Schoolcraft,St. Joseph,Unknown,Antrim,Calhoun,Cass,Chippewa,Clinton,Crawford,Hillsdale,Kalamazoo,Leelanau,Mackinac,Marquette,Menominee,Missaukee,Monroe,Osceola,Oscoda,Presque Isle,Wexford,Iron,Manistee,Newaygo,Van Buren,Shiawassee,Saginaw,Alcona
01/21/2020,0,0,0,0,0,0,0,0,0,0,0,0,0,0,0,0,0,0,0,0,0,0,0,0,0,0,0,0,0,0,0,0,0,0,0,0,0,0,0,0,0,0,0,0,0,0,0,0,0,0,0,0,0,0,0,0,0,0,0,0,0,0,0,0,0,0,0,0,0,0,0,0,0,0,0,0,0,0,0,0,0,0,0,0
01/22/2020,0,0,0,0,0,0,0,0,0,0,0,0,0,0,0,0,0,0,0,0,0,0,0,0,0,0,0,0,0,0,0,0,0,0,0,0,0,0,0,0,0,0,0,0,0,0,0,0,0,0,0,0,0,0,0,0,0,0,0,0,0,0,0,0,0,0,0,0,0,0,0,0,0,0,0,0,0,0,0,0,0,0,0,0
01/23/2020,0,0,0,0,0,0,0,0,0,0,0,0,0,0,0,0,0,0,0,0,0,0,0,0,0,0,0,0,0,0,0,0,0,0,0,0,0,0,0,0,0,0,0,0,0,0,0,0,0,0,0,0,0,0,0,0,0,0,0,0,0,0,0,0,0,0,0,0,0,0,0,0,0,0,0,0,0,0,0,0,0,0,0,0
01/24/2020,0,0,0,0,0,0,0,0,0,0,0,0,0,0,0,0,0,0,0,0,0,0,0,0,0,0,0,0,0,0,0,0,0,0,0,0,0,0,0,0,0,0,0,0,0,0,0,0,0,0,0,0,0,0,0,0,0,0,0,0,0,0,0,0,0,0,0,0,0,0,0,0,0,0,0,0,0,0,0,0,0,0,0,0
01/25/2020,0,0,0,0,0,0,0,0,0,0,0,0,0,0,0,0,0,0,0,0,0,0,0,0,0,0,0,0,0,0,0,0,0,0,0,0,0,0,0,0,0,0,0,0,0,0,0,0,0,0,0,0,0,0,0,0,0,0,0,0,0,0,0,0,0,0,0,0,0,0,0,0,0,0,0,0,0,0,0,0,0,0,0,0
01/26/2020,0,0,0,0,0,0,0,0,0,0,0,0,0,0,0,0,0,0,0,0,0,0,0,0,0,0,0,0,0,0,0,0,0,0,0,0,0,0,0,0,0,0,0,0,0,0,0,0,0,0,0,0,0,0,0,0,0,0,0,0,0,0,0,0,0,0,0,0,0,0,0,0,0,0,0,0,0,0,0,0,0,0,0,0
01/27/2020,0,0,0,0,0,0,0,0,0,0,0,0,0,0,0,0,0,0,0,0,0,0,0,0,0,0,0,0,0,0,0,0,0,0,0,0,0,0,0,0,0,0,0,0,0,0,0,0,0,0,0,0,0,0,0,0,0,0,0,0,0,0,0,0,0,0,0,0,0,0,0,0,0,0,0,0,0,0,0,0,0,0,0,0
01/28/2020,0,0,0,0,0,0,0,0,0,0,0,0,0,0,0,0,0,0,0,0,0,0,0,0,0,0,0,0,0,0,0,0,0,0,0,0,0,0,0,0,0,0,0,0,0,0,0,0,0,0,0,0,0,0,0,0,0,0,0,0,0,0,0,0,0,0,0,0,0,0,0,0,0,0,0,0,0,0,0,0,0,0,0,0
01/29/2020,0,0,0,0,0,0,0,0,0,0,0,0,0,0,0,0,0,0,0,0,0,0,0,0,0,0,0,0,0,0,0,0,0,0,0,0,0,0,0,0,0,0,0,0,0,0,0,0,0,0,0,0,0,0,0,0,0,0,0,0,0,0,0,0,0,0,0,0,0,0,0,0,0,0,0,0,0,0,0,0,0,0,0,0
01/30/2020,0,0,0,0,0,0,0,0,0,0,0,0,0,0,0,0,0,0,0,0,0,0,0,0,0,0,0,0,0,0,0,0,0,0,0,0,0,0,0,0,0,0,0,0,0,0,0,0,0,0,0,0,0,0,0,0,0,0,0,0,0,0,0,0,0,0,0,0,0,0,0,0,0,0,0,0,0,0,0,0,0,0,0,0
01/31/2020,0,0,0,0,0,0,0,0,0,0,0,0,0,0,0,0,0,0,0,0,0,0,0,0,0,0,0,0,0,0,0,0,0,0,0,0,0,0,0,0,0,0,0,0,0,0,0,0,0,0,0,0,0,0,0,0,0,0,0,0,0,0,0,0,0,0,0,0,0,0,0,0,0,0,0,0,0,0,0,0,0,0,0,0
02/01/2020,0,0,0,0,0,0,0,0,0,0,0,0,0,0,0,0,0,0,0,0,0,0,0,0,0,0,0,0,0,0,0,0,0,0,0,0,0,0,0,0,0,0,0,0,0,0,0,0,0,0,0,0,0,0,0,0,0,0,0,0,0,0,0,0,0,0,0,0,0,0,0,0,0,0,0,0,0,0,0,0,0,0,0,0
02/02/2020,0,0,0,0,0,0,0,0,0,0,0,0,0,0,0,0,0,0,0,0,0,0,0,0,0,0,0,0,0,0,0,0,0,0,0,0,0,0,0,0,0,0,0,0,0,0,0,0,0,0,0,0,0,0,0,0,0,0,0,0,0,0,0,0,0,0,0,0,0,0,0,0,0,0,0,0,0,0,0,0,0,0,0,0
02/03/2020,0,0,0,0,0,0,0,0,0,0,0,0,0,0,0,0,0,0,0,0,0,0,0,0,0,0,0,0,0,0,0,0,0,0,0,0,0,0,0,0,0,0,0,0,0,0,0,0,0,0,0,0,0,0,0,0,0,0,0,0,0,0,0,0,0,0,0,0,0,0,0,0,0,0,0,0,0,0,0,0,0,0,0,0
02/04/2020,0,0,0,0,0,0,0,0,0,0,0,0,0,0,0,0,0,0,0,0,0,0,0,0,0,0,0,0,0,0,0,0,0,0,0,0,0,0,0,0,0,0,0,0,0,0,0,0,0,0,0,0,0,0,0,0,0,0,0,0,0,0,0,0,0,0,0,0,0,0,0,0,0,0,0,0,0,0,0,0,0,0,0,0
02/05/2020,0,0,0,0,0,0,0,0,0,0,0,0,0,0,0,0,0,0,0,0,0,0,0,0,0,0,0,0,0,0,0,0,0,0,0,0,0,0,0,0,0,0,0,0,0,0,0,0,0,0,0,0,0,0,0,0,0,0,0,0,0,0,0,0,0,0,0,0,0,0,0,0,0,0,0,0,0,0,0,0,0,0,0,0
02/06/2020,0,0,0,0,0,0,0,0,0,0,0,0,0,0,0,0,0,0,0,0,0,0,0,0,0,0,0,0,0,0,0,0,0,0,0,0,0,0,0,0,0,0,0,0,0,0,0,0,0,0,0,0,0,0,0,0,0,0,0,0,0,0,0,0,0,0,0,0,0,0,0,0,0,0,0,0,0,0,0,0,0,0,0,0
02/07/2020,0,0,0,0,0,0,0,0,0,0,0,0,0,0,0,0,0,0,0,0,0,0,0,0,0,0,0,0,0,0,0,0,0,0,0,0,0,0,0,0,0,0,0,0,0,0,0,0,0,0,0,0,0,0,0,0,0,0,0,0,0,0,0,0,0,0,0,0,0,0,0,0,0,0,0,0,0,0,0,0,0,0,0,0
02/08/2020,0,0,0,0,0,0,0,0,0,0,0,0,0,0,0,0,0,0,0,0,0,0,0,0,0,0,0,0,0,0,0,0,0,0,0,0,0,0,0,0,0,0,0,0,0,0,0,0,0,0,0,0,0,0,0,0,0,0,0,0,0,0,0,0,0,0,0,0,0,0,0,0,0,0,0,0,0,0,0,0,0,0,0,0
02/09/2020,0,0,0,0,0,0,0,0,0,0,0,0,0,0,0,0,0,0,0,0,0,0,0,0,0,0,0,0,0,0,0,0,0,0,0,0,0,0,0,0,0,0,0,0,0,0,0,0,0,0,0,0,0,0,0,0,0,0,0,0,0,0,0,0,0,0,0,0,0,0,0,0,0,0,0,0,0,0,0,0,0,0,0,0
02/10/2020,0,0,0,0,0,0,0,0,0,0,0,0,0,0,0,0,0,0,0,0,0,0,0,0,0,0,0,0,0,0,0,0,0,0,0,0,0,0,0,0,0,0,0,0,0,0,0,0,0,0,0,0,0,0,0,0,0,0,0,0,0,0,0,0,0,0,0,0,0,0,0,0,0,0,0,0,0,0,0,0,0,0,0,0
02/11/2020,0,0,0,0,0,0,0,0,0,0,0,0,0,0,0,0,0,0,0,0,0,0,0,0,0,0,0,0,0,0,0,0,0,0,0,0,0,0,0,0,0,0,0,0,0,0,0,0,0,0,0,0,0,0,0,0,0,0,0,0,0,0,0,0,0,0,0,0,0,0,0,0,0,0,0,0,0,0,0,0,0,0,0,0
02/12/2020,0,0,0,0,0,0,0,0,0,0,0,0,0,0,0,0,0,0,0,0,0,0,0,0,0,0,0,0,0,0,0,0,0,0,0,0,0,0,0,0,0,0,0,0,0,0,0,0,0,0,0,0,0,0,0,0,0,0,0,0,0,0,0,0,0,0,0,0,0,0,0,0,0,0,0,0,0,0,0,0,0,0,0,0
02/13/2020,0,0,0,0,0,0,0,0,0,0,0,0,0,0,0,0,0,0,0,0,0,0,0,0,0,0,0,0,0,0,0,0,0,0,0,0,0,0,0,0,0,0,0,0,0,0,0,0,0,0,0,0,0,0,0,0,0,0,0,0,0,0,0,0,0,0,0,0,0,0,0,0,0,0,0,0,0,0,0,0,0,0,0,0
02/14/2020,0,0,0,0,0,0,0,0,0,0,0,0,0,0,0,0,0,0,0,0,0,0,0,0,0,0,0,0,0,0,0,0,0,0,0,0,0,0,0,0,0,0,0,0,0,0,0,0,0,0,0,0,0,0,0,0,0,0,0,0,0,0,0,0,0,0,0,0,0,0,0,0,0,0,0,0,0,0,0,0,0,0,0,0
02/15/2020,0,0,0,0,0,0,0,0,0,0,0,0,0,0,0,0,0,0,0,0,0,0,0,0,0,0,0,0,0,0,0,0,0,0,0,0,0,0,0,0,0,0,0,0,0,0,0,0,0,0,0,0,0,0,0,0,0,0,0,0,0,0,0,0,0,0,0,0,0,0,0,0,0,0,0,0,0,0,0,0,0,0,0,0
02/16/2020,0,0,0,0,0,0,0,0,0,0,0,0,0,0,0,0,0,0,0,0,0,0,0,0,0,0,0,0,0,0,0,0,0,0,0,0,0,0,0,0,0,0,0,0,0,0,0,0,0,0,0,0,0,0,0,0,0,0,0,0,0,0,0,0,0,0,0,0,0,0,0,0,0,0,0,0,0,0,0,0,0,0,0,0
02/17/2020,0,0,0,0,0,0,0,0,0,0,0,0,0,0,0,0,0,0,0,0,0,0,0,0,0,0,0,0,0,0,0,0,0,0,0,0,0,0,0,0,0,0,0,0,0,0,0,0,0,0,0,0,0,0,0,0,0,0,0,0,0,0,0,0,0,0,0,0,0,0,0,0,0,0,0,0,0,0,0,0,0,0,0,0
02/18/2020,0,0,0,0,0,0,0,0,0,0,0,0,0,0,0,0,0,0,0,0,0,0,0,0,0,0,0,0,0,0,0,0,0,0,0,0,0,0,0,0,0,0,0,0,0,0,0,0,0,0,0,0,0,0,0,0,0,0,0,0,0,0,0,0,0,0,0,0,0,0,0,0,0,0,0,0,0,0,0,0,0,0,0,0
02/19/2020,0,0,0,0,0,0,0,0,0,0,0,0,0,0,0,0,0,0,0,0,0,0,0,0,0,0,0,0,0,0,0,0,0,0,0,0,0,0,0,0,0,0,0,0,0,0,0,0,0,0,0,0,0,0,0,0,0,0,0,0,0,0,0,0,0,0,0,0,0,0,0,0,0,0,0,0,0,0,0,0,0,0,0,0
02/20/2020,0,0,0,0,0,0,0,0,0,0,0,0,0,0,0,0,0,0,0,0,0,0,0,0,0,0,0,0,0,0,0,0,0,0,0,0,0,0,0,0,0,0,0,0,0,0,0,0,0,0,0,0,0,0,0,0,0,0,0,0,0,0,0,0,0,0,0,0,0,0,0,0,0,0,0,0,0,0,0,0,0,0,0,0
02/21/2020,0,0,0,0,0,0,0,0,0,0,0,0,0,0,0,0,0,0,0,0,0,0,0,0,0,0,0,0,0,0,0,0,0,0,0,0,0,0,0,0,0,0,0,0,0,0,0,0,0,0,0,0,0,0,0,0,0,0,0,0,0,0,0,0,0,0,0,0,0,0,0,0,0,0,0,0,0,0,0,0,0,0,0,0
02/22/2020,0,0,0,0,0,0,0,0,0,0,0,0,0,0,0,0,0,0,0,0,0,0,0,0,0,0,0,0,0,0,0,0,0,0,0,0,0,0,0,0,0,0,0,0,0,0,0,0,0,0,0,0,0,0,0,0,0,0,0,0,0,0,0,0,0,0,0,0,0,0,0,0,0,0,0,0,0,0,0,0,0,0,0,0
02/23/2020,0,0,0,0,0,0,0,0,0,0,0,0,0,0,0,0,0,0,0,0,0,0,0,0,0,0,0,0,0,0,0,0,0,0,0,0,0,0,0,0,0,0,0,0,0,0,0,0,0,0,0,0,0,0,0,0,0,0,0,0,0,0,0,0,0,0,0,0,0,0,0,0,0,0,0,0,0,0,0,0,0,0,0,0
02/24/2020,0,0,0,0,0,0,0,0,0,0,0,0,0,0,0,0,0,0,0,0,0,0,0,0,0,0,0,0,0,0,0,0,0,0,0,0,0,0,0,0,0,0,0,0,0,0,0,0,0,0,0,0,0,0,0,0,0,0,0,0,0,0,0,0,0,0,0,0,0,0,0,0,0,0,0,0,0,0,0,0,0,0,0,0
02/25/2020,0,0,0,0,0,0,0,0,0,0,0,0,0,0,0,0,0,0,0,0,0,0,0,0,0,0,0,0,0,0,0,0,0,0,0,0,0,0,0,0,0,0,0,0,0,0,0,0,0,0,0,0,0,0,0,0,0,0,0,0,0,0,0,0,0,0,0,0,0,0,0,0,0,0,0,0,0,0,0,0,0,0,0,0
02/26/2020,0,0,0,0,0,0,0,0,0,0,0,0,0,0,0,0,0,0,0,0,0,0,0,0,0,0,0,0,0,0,0,0,0,0,0,0,0,0,0,0,0,0,0,0,0,0,0,0,0,0,0,0,0,0,0,0,0,0,0,0,0,0,0,0,0,0,0,0,0,0,0,0,0,0,0,0,0,0,0,0,0,0,0,0
02/27/2020,0,0,0,0,0,0,0,0,0,0,0,0,0,0,0,0,0,0,0,0,0,0,0,0,0,0,0,0,0,0,0,0,0,0,0,0,0,0,0,0,0,0,0,0,0,0,0,0,0,0,0,0,0,0,0,0,0,0,0,0,0,0,0,0,0,0,0,0,0,0,0,0,0,0,0,0,0,0,0,0,0,0,0,0
02/28/2020,0,0,0,0,0,0,0,0,0,0,0,0,0,0,0,0,0,0,0,0,0,0,0,0,0,0,0,0,0,0,0,0,0,0,0,0,0,0,0,0,0,0,0,0,0,0,0,0,0,0,0,0,0,0,0,0,0,0,0,0,0,0,0,0,0,0,0,0,0,0,0,0,0,0,0,0,0,0,0,0,0,0,0,0
02/29/2020,0,0,0,0,0,0,0,0,0,0,0,0,0,0,0,0,0,0,0,0,0,0,0,0,0,0,0,0,0,0,0,0,0,0,0,0,0,0,0,0,0,0,0,0,0,0,0,0,0,0,0,0,0,0,0,0,0,0,0,0,0,0,0,0,0,0,0,0,0,0,0,0,0,0,0,0,0,0,0,0,0,0,0,0
03/01/2020,0,0,0,0,0,0,0,0,0,0,0,0,0,0,0,0,0,0,0,0,0,0,0,0,0,0,0,0,0,0,0,0,0,0,0,0,0,0,0,0,0,0,0,0,0,0,0,0,0,0,0,0,0,0,0,0,0,0,0,0,0,0,0,0,0,0,0,0,0,0,0,0,0,0,0,0,0,0,0,0,0,0,0,0
03/02/2020,0,0,0,0,0,0,0,0,0,0,0,0,0,0,0,0,0,0,0,0,0,0,0,0,0,0,0,0,0,0,0,0,0,0,0,0,0,0,0,0,0,0,0,0,0,0,0,0,0,0,0,0,0,0,0,0,0,0,0,0,0,0,0,0,0,0,0,0,0,0,0,0,0,0,0,0,0,0,0,0,0,0,0,0
03/03/2020,0,0,0,0,0,0,0,0,0,0,0,0,0,0,0,0,0,0,0,0,0,0,0,0,0,0,0,0,0,0,0,0,0,0,0,0,0,0,0,0,0,0,0,0,0,0,0,0,0,0,0,0,0,0,0,0,0,0,0,0,0,0,0,0,0,0,0,0,0,0,0,0,0,0,0,0,0,0,0,0,0,0,0,0
03/04/2020,0,0,0,0,0,0,0,0,0,0,0,0,0,0,0,0,0,0,0,0,0,0,0,0,0,0,0,0,0,0,0,0,0,0,0,0,0,0,0,0,0,0,0,0,0,0,0,0,0,0,0,0,0,0,0,0,0,0,0,0,0,0,0,0,0,0,0,0,0,0,0,0,0,0,0,0,0,0,0,0,0,0,0,0
03/05/2020,0,0,0,0,0,0,0,0,0,0,0,0,0,0,0,0,0,0,0,0,0,0,0,0,0,0,0,0,0,0,0,0,0,0,0,0,0,0,0,0,0,0,0,0,0,0,0,0,0,0,0,0,0,0,0,0,0,0,0,0,0,0,0,0,0,0,0,0,0,0,0,0,0,0,0,0,0,0,0,0,0,0,0,0
03/06/2020,0,0,0,0,0,0,0,0,0,0,0,0,0,0,0,0,0,0,0,0,0,0,0,0,0,0,0,0,0,0,0,0,0,0,0,0,0,0,0,0,0,0,0,0,0,0,0,0,0,0,0,0,0,0,0,0,0,0,0,0,0,0,0,0,0,0,0,0,0,0,0,0,0,0,0,0,0,0,0,0,0,0,0,0
03/07/2020,0,0,0,0,0,0,0,0,0,0,0,0,0,0,0,0,0,0,0,0,0,0,0,0,0,0,0,0,0,0,0,0,0,0,0,0,0,0,0,0,0,0,0,0,0,0,0,0,0,0,0,0,0,0,0,0,0,0,0,0,0,0,0,0,0,0,0,0,0,0,0,0,0,0,0,0,0,0,0,0,0,0,0,0
03/08/2020,0,0,0,0,0,0,0,0,0,0,0,0,0,0,0,0,0,0,0,0,0,0,0,0,0,0,0,0,0,0,0,0,0,0,0,0,0,0,0,0,0,0,0,0,0,0,0,0,0,0,0,0,0,0,0,0,0,0,0,0,0,0,0,0,0,0,0,0,0,0,0,0,0,0,0,0,0,0,0,0,0,0,0,0
03/09/2020,0,0,0,0,0,0,0,0,0,0,0,0,0,0,0,0,0,0,0,0,0,0,0,0,0,0,0,0,0,0,0,0,0,0,0,0,0,0,0,0,0,0,0,0,0,0,0,0,0,0,0,0,0,0,0,0,0,0,0,0,0,0,0,0,0,0,0,0,0,0,0,0,0,0,0,0,0,0,0,0,0,0,0,0
03/10/2020,0,0,0,0,0,0,0,0,0,0,0,0,0,0,0,0,0,0,0,0,0,0,1,0,0,0,0,0,0,0,0,0,0,0,0,0,0,0,0,0,0,0,0,0,0,0,0,0,0,0,0,0,0,0,1,0,0,0,0,0,0,0,0,0,0,0,0,0,0,0,0,0,0,0,0,0,0,0,0,0,0,0,0,0
03/11/2020,0,0,0,0,0,0,0,0,0,0,0,0,0,0,0,0,0,0,0,0,0,0,1,0,0,0,0,0,0,0,0,0,0,0,0,0,0,0,0,0,0,0,0,0,0,0,0,0,0,0,0,0,0,0,1,0,0,0,0,0,0,0,0,0,0,0,0,0,0,0,0,0,0,0,0,0,0,0,0,0,0,0,0,0
03/12/2020,0,0,0,0,0,0,0,0,0,0,0,3,0,0,0,0,0,0,0,0,0,2,1,0,0,0,0,0,0,0,0,0,0,1,0,0,0,1,0,0,0,0,0,0,0,0,0,0,1,0,0,0,0,0,3,0,0,0,0,0,0,0,0,0,0,0,0,0,0,0,0,0,0,0,0,0,0,0,0,0,0,0,0,0
03/13/2020,0,0,0,1,0,0,0,0,0,0,0,3,0,0,0,0,0,0,0,0,0,3,6,0,0,0,0,0,0,0,0,1,0,1,0,0,0,1,0,0,1,0,0,0,0,0,0,0,1,0,0,0,0,0,6,0,0,0,0,0,0,0,0,0,0,0,0,1,0,0,0,0,0,0,0,0,0,0,0,0,0,0,0,0
03/14/2020,0,0,0,1,0,0,0,0,0,0,0,3,0,0,0,0,0,0,0,0,0,4,8,0,0,0,0,0,0,0,0,2,0,1,0,0,0,1,0,0,1,0,0,0,0,0,0,0,1,0,0,0,0,0,9,0,0,0,0,0,0,0,0,0,0,0,0,1,0,0,0,0,1,0,0,0,0,0,0,0,0,0,0,0
03/15/2020,0,0,0,1,0,0,0,0,0,0,0,5,0,0,0,0,0,1,0,0,0,7,13,0,0,0,0,0,0,0,0,5,0,1,0,0,0,2,0,0,1,0,0,0,0,0,0,0,1,0,0,0,0,0,14,0,0,0,0,0,0,0,0,0,0,0,0,1,0,0,0,0,1,0,0,0,0,0,0,0,0,0,0,0
03/16/2020,0,0,0,1,0,0,0,0,0,0,0,5,0,0,0,0,0,1,0,0,0,7,13,0,0,0,0,0,0,0,0,6,0,1,0,0,0,2,0,0,1,0,0,0,0,0,0,0,1,0,0,0,0,0,14,0,0,0,0,0,0,0,0,0,0,0,0,1,0,0,0,0,1,0,0,0,0,0,0,0,0,0,0,0
03/17/2020,0,0,0,1,0,0,0,0,0,0,1,5,0,0,0,0,1,1,0,0,0,7,17,0,0,0,0,0,0,0,0,8,0,1,0,0,0,2,0,0,1,0,0,0,0,0,0,0,2,0,0,0,0,0,16,0,0,0,0,0,0,0,0,0,0,0,0,1,0,0,0,0,1,0,0,0,0,0,0,0,0,0,0,0
03/18/2020,0,0,0,1,0,0,0,0,0,0,1,5,0,0,0,0,1,1,0,0,0,7,23,0,0,0,0,0,0,0,0,10,0,1,0,0,0,2,0,0,1,0,0,0,0,0,0,0,2,0,0,0,0,0,23,0,0,0,0,0,0,0,0,0,0,0,0,1,0,0,0,0,1,0,0,0,0,0,0,0,0,0,0,0
03/19/2020,0,0,0,1,0,0,0,0,0,0,1,12,0,3,0,1,1,1,0,0,0,14,119,0,0,0,0,2,0,0,0,55,0,1,0,0,0,4,0,0,1,0,0,1,0,0,0,0,7,0,0,0,0,0,105,0,0,0,0,0,0,0,0,1,0,0,0,1,0,0,0,0,3,0,0,0,0,0,0,0,0,0,0,0
03/20/2020,0,0,0,1,0,0,0,0,0,0,1,12,0,3,0,3,1,1,0,0,0,16,216,0,0,0,0,2,0,0,0,86,0,1,0,0,0,7,0,0,1,0,0,1,0,0,0,0,7,0,0,0,0,0,184,0,0,0,0,0,0,0,0,1,0,0,0,1,0,0,0,0,3,0,0,0,0,0,0,0,0,0,0,0
03/21/2020,0,0,0,1,0,0,0,0,0,0,1,21,0,6,0,3,1,2,0,0,1,29,349,0,1,0,1,2,0,0,0,101,0,1,0,0,0,7,0,1,1,2,0,7,0,0,0,0,11,0,0,0,0,0,229,0,0,0,0,0,1,0,0,2,0,0,0,1,0,0,0,0,3,0,0,0,1,0,0,0,0,0,1,0
03/22/2020,0,0,0,2,0,0,1,1,1,0,1,21,0,8,0,5,1,6,1,0,1,34,477,0,1,0,1,2,0,0,0,140,0,1,0,0,0,7,0,1,1,3,0,14,0,0,0,0,11,0,0,0,0,0,277,0,0,0,0,0,2,0,0,2,0,0,0,1,0,0,0,0,6,0,0,0,1,0,0,0,0,0,2,0
03/23/2020,0,0,0,2,0,0,1,1,1,0,1,28,0,9,0,5,3,11,1,0,1,42,638,0,1,0,1,2,0,0,0,175,0,1,0,0,0,7,0,1,1,5,0,23,0,0,0,0,12,0,0,0,0,1,329,0,0,0,0,0,3,0,1,2,0,0,3,1,0,0,0,0,7,0,0,0,1,0,0,1,0,0,2,0
03/24/2020,0,0,0,3,0,0,2,2,3,0,6,31,0,13,0,5,5,15,1,0,1,50,873,0,1,0,1,3,0,1,0,225,0,1,0,0,0,8,0,1,2,8,0,34,0,0,0,0,15,0,2,1,0,3,428,0,0,0,8,0,4,0,1,5,0,1,3,1,0,0,0,0,12,0,0,0,1,0,1,2,0,0,8,0
03/25/2020,0,0,0,4,0,0,2,2,3,1,12,36,0,16,0,6,6,16,1,1,2,72,1122,0,1,0,1,3,0,1,0,281,0,2,0,0,0,10,0,1,3,10,0,46,0,0,0,0,18,0,2,2,1,3,543,0,0,0,8,0,6,0,1,6,0,2,5,1,0,1,0,0,18,0,0,0,1,0,1,2,2,0,9,0
03/26/2020,0,0,0,4,0,0,2,2,3,1,17,41,0,21,1,6,7,18,1,1,2,92,1389,0,1,0,1,4,0,3,0,347,0,3,0,1,1,13,0,1,4,11,0,63,1,0,0,0,22,2,3,2,5,3,695,0,0,0,13,0,7,0,1,7,0,5,10,1,0,1,0,1,21,0,0,0,1,0,1,1,2,1,10,0
03/27/2020,0,0,0,4,0,0,3,2,3,1,17,45,0,31,1,8,7,21,1,2,2,150,1810,0,1,0,1,8,0,4,0,404,0,3,0,1,1,15,0,1,4,18,0,91,1,1,0,1,26,2,4,4,8,6,824,0,0,0,28,0,9,1,1,8,1,6,11,1,0,1,0,1,28,0,0,0,1,0,1,1,3,2,14,0
03/28/2020,0,0,0,4,0,0,4,2,5,1,20,53,0,41,1,8,14,23,1,2,4,185,2316,0,1,0,1,8,0,4,0,534,0,3,0,1,1,16,0,2,4,22,0,110,1,2,0,1,32,2,4,4,11,7,1018,0,0,0,45,0,11,2,1,13,1,7,15,1,0,1,0,1,34,1,0,0,1,0,1,1,4,2,19,0
03/29/2020,0,0,0,4,0,0,4,3,6,1,28,72,0,59,1,8,17,25,1,2,4,231,2704,0,1,0,1,8,0,4,0,620,0,3,0,2,1,20,0,2,5,29,1,127,1,3,0,3,43,2,4,4,15,13,1170,0,0,0,90,0,15,4,1,14,1,10,19,1,0,2,0,1,38,2,0,0,1,0,1,1,4,5,24,0
03/30/2020,0,0,0,4,1,0,4,3,7,1,37,96,0,64,2,9,17,28,1,5,5,266,3195,0,1,0,1,15,0,6,0,728,0,4,0,2,4,25,0,2,9,32,1,150,1,3,1,3,73,4,5,5,15,18,1391,0,0,3,77,2,17,4,1,19,1,12,24,1,0,3,0,1,45,2,0,0,2,0,1,1,4,8,36,0
03/31/2020,0,1,2,4,1,0,5,2,7,1,47,108,0,80,3,10,19,31,1,7,9,311,3735,0,2,0,1,21,0,8,0,853,0,5,0,2,1,32,0,3,9,35,1,185,2,3,1,3,91,4,6,7,18,18,1620,0,0,4,93,3,17,4,1,24,1,14,24,1,0,4,0,1,49,2,2,0,2,0,1,1,7,8,51,0
04/01/2020,0,1,2,4,3,0,7,2,8,1,56,119,0,101,3,12,19,31,1,7,11,401,4470,0,2,0,1,27,0,8,0,1088,0,10,0,2,1,41,0,5,10,38,2,249,2,3,1,3,121,6,7,7,22,18,1910,0,0,5,161,4,23,6,1,33,1,19,30,1,1,5,0,1,58,2,2,0,2,0,1,1,10,11,71,0
04/02/2020,0,1,5,5,4,1,6,2,9,1,67,125,0,113,3,15,19,35,1,8,14,438,5069,0,4,0,1,37,0,21,0,1332,0,10,0,2,2,53,0,5,16,40,3,349,3,5,1,4,128,5,8,7,24,26,2227,0,0,8,182,4,25,6,1,43,1,24,34,1,1,5,0,1,79,3,2,0,3,0,1,2,12,17,82,0
04/03/2020,0,2,6,5,5,1,6,2,11,1,69,136,0,121,4,16,20,37,2,10,15,477,6096,0,5,0,2,47,0,22,1,1560,0,12,0,3,2,66,0,6,18,52,6,422,3,5,1,4,152,6,9,8,24,30,2540,0,0,10,215,4,31,6,1,49,1,26,40,1,2,7,0,1,95,3,2,0,4,0,1,2,12,18,90,0
04/04/2020,0,3,10,7,5,1,7,3,12,2,81,153,0,129,4,17,22,39,2,13,20,501,6762,0,5,0,2,53,0,27,1,1838,0,13,0,3,2,85,0,10,24,56,7,464,3,5,2,4,168,6,10,8,27,31,2785,0,0,9,333,4,34,6,1,54,1,37,45,1,2,11,0,1,101,4,2,0,4,0,4,2,12,22,103,0
04/05/2020,0,3,13,7,7,1,13,4,12,3,90,165,0,135,6,18,24,44,5,13,22,521,7518,0,6,0,1,55,0,45,1,2003,0,14,0,3,3,94,0,14,30,58,8,504,3,4,1,4,172,8,12,8,31,31,3074,0,0,10,306,4,42,7,2,55,1,44,53,1,2,14,0,1,108,4,2,0,5,0,4,2,14,23,118,0
04/06/2020,0,3,15,8,7,2,13,4,14,3,103,177,0,143,6,22,26,44,5,14,22,543,8270,0,7,0,3,57,0,49,1,2159,0,15,0,3,3,110,0,15,30,60,8,568,3,5,1,4,178,8,16,8,32,33,3380,0,0,11,367,5,41,7,1,56,2,46,58,2,2,15,0,1,117,3,2,1,5,0,6,2,16,24,139,0
04/07/2020,0,3,16,8,7,2,14,4,15,4,114,187,0,155,8,22,28,52,6,17,26,561,9045,0,7,0,3,61,0,56,1,2414,1,16,0,3,3,129,0,18,31,64,10,638,3,6,1,4,189,9,22,10,32,41,3736,0,0,14,405,6,43,9,1,73,5,55,64,3,3,19,0,1,129,3,2,1,7,0,9,3,17,24,153,0
04/08/2020,0,4,18,8,8,2,15,4,15,4,126,207,0,174,8,24,29,55,6,22,27,610,9626,0,7,0,3,67,0,64,1,2626,1,18,0,3,3,140,0,18,39,72,10,713,3,5,1,4,205,11,22,10,36,42,4007,0,1,16,363,6,51,9,1,82,5,62,67,4,3,18,0,1,152,3,2,1,7,0,9,3,18,27,186,0
04/09/2020,0,4,24,9,9,3,16,4,15,4,131,233,0,181,9,28,29,59,8,22,36,637,10093,0,7,0,3,69,0,77,1,2783,1,19,0,3,3,162,0,18,42,80,10,755,3,6,1,5,222,13,28,10,39,53,4247,0,1,18,368,6,57,10,1,85,5,64,74,4,4,18,0,1,165,3,3,1,7,0,9,3,18,31,205,0
04/10/2020,0,4,25,10,9,3,17,4,16,4,140,250,0,196,11,28,29,61,8,23,41,659,10539,0,7,0,3,69,0,87,1,2973,1,20,0,3,3,179,0,19,48,88,10,828,4,6,1,5,239,14,37,10,39,57,4511,0,1,20,433,6,65,12,1,90,5,70,77,4,4,21,1,1,174,3,3,2,7,0,9,4,20,34,240,0
04/11/2020,1,4,26,11,9,3,21,4,17,5,152,270,0,206,11,30,31,64,8,23,41,685,10951,0,8,0,4,71,1,95,1,3164,2,21,0,3,4,190,0,19,53,94,11,919,4,7,1,5,241,14,38,13,43,57,4802,0,2,20,474,7,71,12,1,90,8,75,79,4,4,21,1,1,183,4,4,2,7,0,9,6,21,37,254,0
04/12/2020,1,5,27,11,9,3,21,4,17,4,171,287,0,209,11,31,33,66,9,23,45,716,11164,0,8,0,4,74,1,101,1,3254,2,22,0,3,4,199,0,21,54,104,10,955,4,7,1,6,250,14,39,13,47,59,4915,0,2,21,480,8,74,12,1,91,12,75,84,4,4,22,1,1,183,4,4,2,7,0,10,6,21,54,274,0
04/13/2020,1,5,29,11,9,3,21,4,17,4,172,311,0,225,11,33,34,69,9,23,45,736,11648,0,11,0,4,74,2,106,1,3418,2,22,1,3,4,206,0,23,59,105,12,988,4,7,1,6,254,15,41,14,50,68,5073,0,3,21,469,8,83,12,1,93,12,77,91,4,4,24,1,1,190,5,4,2,7,0,10,6,22,53,293,0
04/14/2020,1,5,29,11,9,3,21,5,17,4,183,325,0,238,11,33,34,67,9,23,45,772,12209,0,14,0,4,76,2,117,1,3620,3,23,1,3,4,211,0,23,60,111,12,1030,4,7,2,6,263,17,42,14,53,85,5364,0,3,22,543,8,90,13,1,98,15,79,94,4,4,26,1,1,196,5,4,2,7,0,10,7,22,62,302,0
04/15/2020,1,7,106,11,9,3,21,6,17,4,409,355,0,260,11,36,35,74,9,25,47,873,12560,0,18,0,5,77,2,125,1,3866,3,23,1,3,4,221,0,25,64,123,12,1084,4,7,2,7,270,18,43,16,64,93,5576,0,3,22,114,9,104,17,1,100,16,81,103,5,4,27,1,2,211,5,4,2,7,0,10,7,26,63,313,1
04/16/2020,2,7,116,11,10,3,21,8,17,6,430,386,0,269,11,41,44,82,9,25,50,918,13018,1,20,0,7,84,2,137,1,4069,4,23,2,3,5,232,0,25,67,133,12,1147,4,7,2,8,278,20,45,17,67,110,5778,0,3,23,88,9,119,19,1,102,18,84,118,6,4,27,1,3,217,6,4,2,7,0,11,7,26,70,350,1
04/17/2020,2,7,120,11,10,3,21,8,17,8,448,431,0,275,12,42,45,88,9,27,54,947,13249,1,21,0,7,87,2,146,1,4222,4,24,3,4,5,236,0,29,69,144,12,1197,4,7,2,8,298,20,46,17,67,128,5901,0,3,23,91,8,130,22,1,103,22,85,130,7,5,29,1,3,223,6,4,2,7,0,11,7,28,86,370,1
04/18/2020,2,9,120,12,12,3,21,9,18,11,453,461,0,282,12,43,54,98,9,32,59,950,13487,1,21,2,8,88,2,147,1,4328,4,24,4,3,5,241,0,33,79,153,14,1228,4,7,2,10,304,22,51,17,70,136,6021,0,3,24,142,8,136,22,1,103,26,89,154,7,4,29,1,3,224,6,4,2,7,0,11,7,31,91,395,1
04/19/2020,14,11,134,12,12,3,21,9,18,11,502,504,0,285,12,45,72,107,10,33,61,956,13708,1,25,3,8,88,2,153,1,4439,4,24,4,3,6,244,0,41,82,158,14,1240,4,8,2,10,308,24,52,17,74,143,6109,0,3,25,77,9,141,22,1,103,29,90,166,8,4,32,1,4,233,6,5,2,7,0,11,7,32,94,405,1
04/20/2020,15,12,152,12,13,3,21,9,19,13,529,551,0,294,13,47,72,119,11,32,63,965,13928,1,26,4,9,90,2,155,2,4505,4,26,4,3,6,252,0,42,85,164,14,1256,4,8,2,10,314,25,52,17,75,149,6178,0,3,25,48,9,148,22,3,104,29,90,185,7,4,32,1,5,236,7,4,2,7,0,11,7,33,109,420,1
04/21/2020,35,13,155,12,12,3,21,9,19,15,550,628,0,307,14,48,77,129,11,32,63,1003,14271,1,26,4,9,99,2,158,2,4625,4,26,4,4,6,259,0,47,86,170,14,1298,4,8,2,9,335,28,53,17,81,160,6306,0,3,25,83,9,156,22,2,105,30,94,201,7,4,35,1,6,241,8,4,6,7,0,11,10,34,121,434,3
04/22/2020,38,13,250,12,12,3,22,10,19,15,588,759,0,314,13,47,78,149,11,32,71,1021,14578,1,28,4,10,104,2,172,2,4712,5,26,6,4,6,271,0,50,93,177,14,1362,4,8,2,9,350,29,54,17,87,173,6463,0,3,27,715,9,168,23,2,106,32,97,212,8,5,35,1,12,247,8,4,6,7,0,11,12,36,123,475,4
04/23/2020,47,15,252,13,12,3,21,10,19,21,597,817,0,318,13,51,83,161,11,34,76,1069,15011,1,28,4,10,111,2,177,2,4946,5,28,5,4,8,284,0,56,102,189,14,1387,4,8,2,10,370,34,54,17,90,186,6634,0,3,27,71,9,177,23,2,105,43,98,229,8,5,35,2,12,255,8,4,8,7,0,12,12,35,125,508,4
04/24/2020,60,16,439,13,12,3,21,10,19,29,626,908,0,319,14,50,84,167,12,34,78,1082,15425,1,29,4,10,114,2,181,2,5106,5,28,6,4,8,294,0,60,107,210,15,1434,4,8,2,10,391,39,55,17,90,204,6804,0,3,27,92,9,190,25,3,106,46,109,266,8,5,39,2,14,262,8,4,9,8,0,12,13,34,130,535,4
04/25/2020,60,16,689,13,12,3,21,10,19,29,646,931,0,322,14,51,84,173,13,34,81,1111,15566,1,28,4,10,114,2,181,2,5223,5,29,5,4,8,297,0,65,114,213,17,1452,4,8,2,11,395,43,55,17,92,213,6881,0,3,27,0,10,191,26,3,106,45,109,280,9,5,41,3,15,267,8,4,10,8,0,12,14,34,129,546,4
04/26/2020,60,16,825,13,12,3,21,11,19,33,650,1033,0,322,14,52,87,180,13,34,82,1114,15767,1,29,4,10,115,2,188,2,5288,5,32,5,5,9,302,0,69,115,215,17,1467,4,8,2,13,406,45,55,17,94,228,6928,0,3,28,0,9,202,26,3,109,46,113,292,9,5,42,3,15,273,8,4,10,8,0,11,15,35,130,559,4
04/27/2020,60,15,835,13,13,3,21,11,19,41,676,1102,0,327,14,56,87,191,13,34,90,1114,15892,1,31,4,11,116,2,193,2,5336,5,32,5,7,10,304,0,72,122,217,17,1483,4,10,2,13,413,49,57,17,99,234,6913,0,3,29,0,9,203,27,3,112,50,114,300,9,5,42,3,15,275,8,4,11,9,0,11,14,36,166,587,4
04/28/2020,67,18,838,13,13,3,21,12,19,48,678,1307,0,334,15,56,88,210,14,34,94,1143,16193,1,31,4,11,119,2,195,2,5430,7,37,5,8,11,309,0,84,135,232,17,1533,4,10,2,13,426,55,59,17,103,242,7012,0,3,30,0,9,210,27,3,114,51,118,327,9,5,43,5,15,277,8,4,11,9,0,11,16,43,173,610,4
04/29/2020,76,18,841,13,13,3,21,16,19,47,717,1397,0,343,14,59,90,224,15,34,98,1159,16514,1,34,6,11,124,2,196,2,5521,8,38,5,9,12,313,0,94,142,242,17,1564,4,13,2,16,446,62,60,17,108,262,7159,0,3,30,0,10,219,29,3,117,54,121,348,10,6,45,5,15,284,8,4,12,10,0,11,22,46,173,633,4
04/30/2020,82,24,850,13,13,3,21,15,19,52,735,1482,0,345,14,61,92,236,16,35,105,1192,16749,1,35,6,11,131,2,204,2,5606,11,40,5,9,13,328,0,98,143,248,19,1581,4,13,2,17,470,78,61,17,109,276,7267,0,3,32,88,10,228,31,3,118,54,125,364,9,6,46,5,15,287,8,5,11,9,0,11,22,49,180,664,4
05/01/2020,82,26,853,13,13,3,21,16,19,51,944,1603,0,351,14,60,92,254,16,36,106,1185,16990,1,36,4,11,133,2,214,2,5718,10,40,5,11,14,331,0,104,150,263,19,1600,4,21,2,19,483,82,60,17,120,288,7423,0,3,33,24,10,231,30,3,118,53,127,405,9,6,50,5,16,296,8,5,11,9,0,11,24,54,183,685,4
05/02/2020,82,29,855,13,13,3,21,14,19,52,1001,1700,0,360,14,62,93,261,17,36,113,1195,17126,1,39,5,11,136,2,214,2,5761,12,45,5,14,15,336,0,108,158,294,19,1620,4,23,2,21,497,90,61,17,127,301,7475,0,3,38,217,10,235,33,3,118,57,132,442,9,6,51,5,16,303,8,5,11,9,0,11,26,59,184,701,5
05/03/2020,83,28,859,13,13,4,21,14,19,52,1272,1789,0,369,14,62,93,275,17,37,113,1213,17318,1,37,4,11,136,2,221,2,5854,12,44,5,16,14,335,0,113,157,300,19,1634,4,26,2,22,506,93,61,17,136,304,7518,0,3,36,1949,10,237,32,3,118,56,131,456,9,6,50,5,16,311,8,5,11,9,0,11,26,61,184,721,4
05/04/2020,83,28,857,13,13,3,21,14,20,52,1278,1857,0,364,14,62,93,281,18,36,113,1218,17334,1,37,4,11,137,2,223,2,5835,12,45,5,19,15,339,0,116,161,304,19,1647,5,25,2,24,506,93,61,17,160,313,7499,0,3,42,0,10,244,33,3,119,56,131,480,9,6,50,6,16,320,8,5,11,9,0,11,28,67,185,729,4
05/05/2020,85,27,861,13,14,3,21,14,20,52,1301,1917,0,370,14,62,94,295,18,36,117,1225,17411,1,39,4,11,138,2,225,2,5888,13,46,5,21,15,342,0,120,162,315,19,1668,4,26,2,25,518,96,61,17,162,318,7522,0,3,43,0,10,246,34,3,120,56,137,489,9,6,49,6,16,327,8,5,11,9,0,11,31,69,189,743,4
05/06/2020,86,27,863,14,14,4,21,15,20,53,1311,2019,0,374,15,63,95,313,18,38,118,1231,17591,1,39,4,12,141,2,226,2,5932,14,46,5,22,15,342,0,124,176,344,19,1710,4,26,2,28,539,101,61,17,166,335,7573,0,3,44,2041,10,250,35,3,123,56,138,539,9,6,51,6,16,354,8,5,11,9,0,11,32,68,196,761,4
05/07/2020,86,27,864,13,15,4,21,15,20,54,1320,2079,0,376,15,63,95,331,18,38,126,1295,17687,1,41,4,12,146,2,229,2,5976,15,46,5,23,15,342,0,126,179,354,19,1731,4,27,2,31,557,102,61,17,193,344,7624,0,4,47,22,10,252,36,3,126,56,146,561,9,6,53,6,16,371,8,5,12,9,0,11,34,73,198,773,4
05/08/2020,86,27,867,13,15,5,21,16,20,54,1328,2138,0,382,16,66,95,353,20,38,130,1315,17844,1,44,4,12,152,2,229,2,6063,18,46,5,24,15,353,0,130,185,376,19,1739,4,27,2,34,563,106,61,17,203,344,7664,0,4,51,142,10,254,39,3,126,56,151,573,9,6,51,6,16,383,9,5,11,10,0,11,34,81,201,780,4
05/09/2020,87,27,870,13,14,5,21,16,20,54,1346,2216,0,383,16,66,97,373,20,37,131,1336,17980,1,49,4,12,150,2,230,2,6124,19,46,5,25,15,353,0,136,189,384,19,1750,4,29,2,34,575,110,61,17,205,354,7692,0,4,65,75,10,258,41,3,127,57,151,591,9,6,51,6,16,387,9,5,11,10,0,11,34,84,203,781,4
05/10/2020,87,27,870,13,14,5,21,17,20,55,1364,2284,0,384,16,66,97,388,20,37,134,1346,18095,1,48,4,12,150,2,231,2,6150,21,46,5,28,15,357,0,150,192,391,19,1758,4,36,2,35,579,111,62,18,212,367,7736,0,4,65,49,10,260,41,3,126,57,152,601,9,6,51,6,16,389,9,5,11,11,0,11,34,88,204,790,4
05/11/2020,87,27,871,13,14,5,21,17,20,55,1381,2335,0,384,16,66,98,420,20,38,139,1356,18214,1,51,4,12,151,2,232,2,6172,21,46,5,30,16,358,0,157,204,403,19,1765,4,38,2,36,586,113,62,18,213,384,7752,0,4,65,37,10,268,42,3,128,57,153,622,9,6,51,6,16,393,9,5,11,11,0,11,35,93,211,810,4
05/12/2020,87,28,873,13,14,5,21,18,21,55,1382,2420,0,385,16,67,98,430,20,38,162,1371,18294,1,52,4,12,152,2,230,2,6205,23,47,5,34,15,366,0,161,214,411,19,1782,4,38,2,36,594,113,61,17,214,401,7784,0,4,71,38,10,275,43,3,126,57,152,636,9,6,51,6,16,399,9,5,11,11,0,11,36,94,214,830,4
05/13/2020,88,28,875,13,14,5,21,18,21,55,1389,2450,0,386,16,67,98,444,20,38,161,1377,18409,1,54,4,12,155,2,233,2,6245,22,52,5,38,15,373,0,165,214,425,19,1784,4,39,2,36,605,114,61,17,227,406,7830,0,4,76,20,10,280,44,3,127,57,152,643,9,6,51,6,16,404,9,5,11,11,0,11,37,94,213,850,4
05/14/2020,88,29,881,13,14,5,21,17,23,56,1411,2631,0,388,17,67,98,483,20,38,163,1401,18790,1,58,4,14,161,2,234,2,6341,23,52,5,44,16,394,0,168,226,470,19,1813,4,40,2,39,619,117,62,17,234,435,7952,0,4,79,48,10,286,46,3,129,57,155,669,10,6,51,7,16,415,9,5,11,11,0,11,38,100,219,867,5
05/15/2020,90,29,883,13,14,5,21,17,23,57,1416,2709,0,389,18,69,99,501,21,38,166,1406,18902,1,56,4,14,162,2,237,2,6383,25,52,5,46,16,399,0,173,228,485,19,1835,4,40,2,38,629,119,62,17,234,452,7994,0,4,82,75,10,290,50,3,132,57,162,679,10,6,51,8,16,417,9,5,11,11,0,20,41,106,222,878,6
05/16/2020,91,30,886,14,14,5,21,17,23,58,1444,2770,0,391,19,70,99,518,21,38,165,1410,19036,1,56,4,14,162,3,238,3,6413,25,53,5,47,17,408,0,174,234,500,19,1845,4,47,2,41,643,121,62,17,238,468,8023,0,4,84,23,11,295,53,4,132,57,166,708,10,6,52,8,16,420,9,5,11,11,0,20,41,110,223,904,6
05/17/2020,91,30,887,14,14,5,21,17,23,58,1447,2829,0,393,18,70,99,531,21,39,170,1411,19085,1,56,4,14,163,3,239,3,6455,26,53,5,50,17,403,0,179,241,522,19,1866,5,47,2,44,648,122,62,17,240,486,8043,0,4,86,340,11,301,59,3,134,57,166,707,10,6,52,8,16,429,10,5,11,11,0,20,43,112,225,914,6
05/18/2020,91,31,888,14,14,5,21,17,23,59,1455,2872,0,394,18,71,99,558,21,39,172,1414,19148,1,57,4,15,165,3,446,3,6467,27,57,5,54,17,407,0,186,248,528,19,1869,5,54,2,44,649,122,62,17,852,513,8050,0,4,87,23,11,304,60,3,135,57,167,719,10,6,52,8,16,433,10,5,11,11,0,20,50,115,227,931,6
05/19/2020,91,31,888,14,15,5,21,17,23,65,1459,2938,0,393,19,76,99,573,21,39,173,1420,19312,1,58,4,15,165,3,463,3,6477,27,58,5,58,18,412,0,184,250,538,19,1891,5,55,2,44,650,126,62,17,856,519,8078,0,4,90,76,11,308,61,3,136,57,165,739,11,6,52,8,16,433,10,5,11,11,0,20,51,116,235,941,6
05/20/2020,91,32,890,14,16,5,21,17,23,71,1462,3040,0,395,19,76,99,616,21,39,174,1430,19452,1,57,4,17,168,3,465,3,6502,28,62,5,66,20,419,0,191,255,552,21,1915,5,61,2,41,667,127,65,18,856,530,8117,0,4,92,154,11,320,66,3,136,58,167,751,11,6,52,8,16,438,10,6,11,11,0,20,63,116,246,958,8
05/21/2020,92,32,891,14,17,5,21,17,23,73,1466,3149,0,397,19,76,99,632,21,39,178,1434,19558,1,57,4,16,170,3,465,3,6530,29,64,5,69,20,422,0,195,260,564,21,1926,5,62,2,42,674,132,65,18,858,552,8125,1,4,92,219,11,327,68,3,137,58,168,762,11,6,52,8,16,442,10,5,11,11,0,20,71,117,249,969,9
05/22/2020,93,32,892,14,17,5,21,17,23,76,1471,3235,0,398,19,79,100,657,21,39,177,1444,19622,1,57,4,17,173,5,466,4,6555,31,65,5,73,20,426,0,197,269,571,21,1929,5,68,2,42,682,138,67,18,860,561,8131,1,4,96,259,11,334,73,3,136,58,168,778,11,6,52,8,16,455,10,5,11,11,0,20,75,120,247,974,9
05/23/2020,94,32,893,14,17,5,21,17,23,77,1473,3312,0,398,19,79,100,673,21,39,183,1451,19717,1,59,4,17,175,5,470,4,6592,31,68,5,74,20,429,0,202,276,584,21,1936,5,72,2,42,695,144,70,19,861,583,8192,1,4,100,256,11,339,76,3,137,58,168,793,11,6,53,8,16,461,10,5,11,11,0,20,79,121,238,983,10
05/24/2020,95,32,894,14,17,5,21,18,23,77,1492,3363,0,399,19,79,100,696,21,40,185,1677,19794,1,60,4,17,176,5,479,4,6611,31,67,5,82,20,430,0,210,282,587,21,1948,5,75,2,42,696,146,74,19,873,590,8215,1,4,101,21,11,341,77,3,138,58,168,797,11,6,54,8,16,461,10,5,11,11,0,20,89,121,235,990,11
05/25/2020,95,33,895,15,17,5,21,18,23,82,1494,3389,0,399,19,79,100,709,21,40,185,1681,19839,1,61,4,17,178,6,477,4,6628,31,67,5,84,20,431,0,210,286,593,21,1961,5,77,2,42,701,146,74,19,873,603,8226,1,4,102,20,11,347,77,3,138,58,170,801,11,6,54,8,16,463,10,5,11,11,0,20,91,123,235,998,11
05/26/2020,95,33,896,15,17,5,21,18,23,84,1494,3424,0,400,19,79,100,714,21,40,186,1684,19949,1,61,4,17,178,5,477,4,6640,31,67,5,85,20,431,0,212,287,596,21,1964,5,77,3,42,705,147,74,19,873,604,8240,0,4,104,28,12,349,78,3,138,58,170,802,11,6,54,8,16,464,10,5,11,11,0,20,92,126,236,1001,11
05/27/2020,95,33,898,15,17,5,21,18,23,89,1495,3458,0,399,20,80,100,715,21,40,186,1688,20022,1,62,4,17,179,5,477,4,6670,31,67,5,85,21,431,0,211,294,600,21,1971,5,80,4,42,717,148,74,19,874,606,8260,0,4,109,284,12,351,79,3,142,58,169,814,11,6,54,8,16,464,11,5,11,11,0,20,96,131,237,1003,12
05/28/2020,94,33,902,15,17,5,21,18,23,90,1502,3544,0,399,20,81,100,744,21,40,186,1698,20082,1,62,4,18,183,5,477,4,6698,31,67,5,85,21,438,0,214,296,606,21,1983,5,80,5,44,729,150,76,19,877,619,8281,0,4,110,328,12,357,80,3,139,58,169,820,11,8,54,8,16,468,11,5,11,11,0,20,101,134,239,1014,14
05/29/2020,94,34,904,15,17,5,21,18,25,94,1567,3600,0,403,21,81,100,759,21,41,189,1703,20250,1,62,4,18,185,7,477,4,6728,32,67,5,85,21,448,0,216,302,613,21,1998,5,80,5,44,734,150,76,19,878,631,8311,0,4,112,494,12,361,80,3,139,58,169,833,11,8,54,8,16,469,11,5,11,11,0,20,103,136,239,1019,14
05/30/2020,94,34,910,15,17,5,21,18,27,94,1504,3646,0,403,21,82,100,766,21,41,187,1716,20277,1,62,4,18,187,5,478,4,6736,32,67,5,85,21,448,0,217,303,618,21,2004,5,80,6,44,736,150,77,19,878,636,8319,0,4,118,646,12,365,82,3,139,58,169,834,11,8,55,8,16,468,11,5,11,11,0,20,105,140,240,1030,14
05/31/2020,94,34,914,15,17,5,21,18,27,94,1806,3720,0,403,21,82,102,774,21,41,187,1720,20438,1,63,4,19,190,6,479,4,6848,32,68,5,85,21,449,0,218,310,626,21,2013,5,80,6,48,738,152,77,19,880,643,8396,0,4,119,319,12,371,83,3,139,58,169,844,11,8,56,8,16,474,11,5,11,11,0,20,105,144,240,1039,15
06/01/2020,103,34,916,21,17,5,27,18,33,112,1980,3753,0,514,24,82,131,862,21,41,189,1992,20469,1,63,4,19,190,7,489,4,6860,38,68,5,97,30,511,0,257,312,822,26,2015,5,80,6,48,740,155,77,31,915,645,8407,0,4,119,139,13,372,82,4,140,62,169,844,11,8,56,8,22,473,11,7,11,18,0,24,113,144,240,1049,21
06/02/2020,103,34,917,21,17,5,27,18,33,112,1988,3783,0,531,24,120,131,863,21,41,189,1995,20491,1,64,4,19,189,7,492,4,6873,38,68,5,97,30,511,0,258,317,833,26,2021,5,82,6,48,745,156,78,31,915,648,8412,0,4,129,173,13,386,83,4,140,62,169,848,11,8,56,8,22,472,11,7,11,18,1,24,114,147,240,1051,21
06/03/2020,104,34,917,21,17,5,27,18,33,112,1990,3821,0,540,24,120,131,876,21,42,188,1996,20564,1,64,4,19,192,7,492,4,7005,38,69,5,100,30,514,0,258,322,840,26,2049,5,82,6,48,746,158,78,31,936,657,8425,0,4,130,95,13,392,84,4,141,63,170,850,11,8,56,8,22,473,12,8,11,18,1,24,114,149,239,1058,20
06/04/2020,104,34,919,21,17,5,27,18,34,111,1997,3857,0,547,24,120,131,889,21,42,188,2002,20613,1,65,4,19,192,7,494,4,7026,38,71,5,102,31,515,0,261,326,844,26,2046,5,82,7,48,755,158,78,31,916,675,8438,0,4,133,107,13,398,85,4,142,63,170,858,11,8,56,8,22,474,12,8,11,18,1,24,118,150,239,1066,21
06/05/2020,103,38,932,21,20,5,27,18,34,111,2031,4136,0,555,24,120,131,898,24,43,195,2016,21065,1,84,4,21,235,7,511,4,7140,38,76,5,102,31,515,0,263,370,849,26,2511,5,92,8,57,793,178,94,31,917,690,10859,0,4,144,197,13,454,101,4,181,63,178,919,11,8,57,8,22,553,16,8,11,18,2,24,121,172,261,1109,21
06/06/2020,104,38,940,21,20,6,27,18,36,111,2031,4170,0,555,24,120,131,906,24,43,201,2015,21186,1,86,5,22,244,7,512,4,7177,38,78,5,102,31,515,0,263,377,856,26,2525,5,94,8,57,801,179,94,31,919,692,10980,0,4,149,205,13,461,104,4,182,63,180,926,11,8,57,8,22,556,16,8,11,18,2,24,121,175,261,1125,21
06/07/2020,104,38,942,22,20,6,27,19,37,111,2033,4196,0,555,24,121,131,903,24,43,202,2015,21410,1,87,5,22,245,7,514,4,7235,38,79,5,101,31,515,0,266,380,860,26,2544,5,94,8,57,806,179,94,31,919,706,11005,0,4,152,210,13,462,106,4,182,63,180,929,12,8,57,8,22,557,17,8,11,18,2,24,121,176,261,1135,21
06/08/2020,107,38,944,22,20,6,27,19,39,111,2041,4209,0,563,24,125,131,904,24,43,204,2018,21478,1,87,5,23,244,7,514,4,7246,38,80,5,101,31,516,0,268,384,867,26,2546,5,94,8,57,809,178,94,32,919,709,11133,0,4,156,211,13,466,108,4,183,63,180,934,11,8,58,8,22,559,17,8,11,18,2,24,120,177,261,1136,21
06/09/2020,108,38,946,22,20,6,27,19,40,111,2041,4231,0,566,24,128,131,904,24,43,205,2020,21556,1,87,5,23,252,7,517,4,7236,38,81,5,103,31,516,0,273,385,869,26,2552,6,94,8,59,808,180,94,31,919,714,11255,0,4,158,208,13,470,108,4,186,63,179,935,12,8,59,9,22,560,18,8,11,18,2,24,123,179,261,1138,21
06/10/2020,113,38,948,22,20,6,27,20,40,111,2051,4267,1,567,24,138,131,909,24,43,206,2037,21593,1,89,5,24,255,7,516,4,7239,38,83,5,103,31,517,1,274,372,870,26,2558,5,94,8,60,810,180,95,31,919,726,11262,0,4,160,203,14,475,110,4,187,63,179,940,12,8,59,9,23,560,18,8,11,18,2,24,125,195,262,1139,21
06/11/2020,114,38,953,22,20,6,27,20,41,111,2055,4297,1,567,24,140,131,918,24,43,207,2045,21652,1,90,5,24,255,7,517,4,7245,38,83,5,103,31,517,1,277,385,875,26,2564,5,95,8,60,832,181,95,31,921,730,11283,0,4,166,220,14,477,112,4,188,63,179,943,12,8,59,9,23,561,18,8,12,18,2,24,125,195,263,1149,21
06/12/2020,115,38,954,23,21,7,27,20,41,112,2051,4426,1,568,24,145,131,938,25,43,208,2062,21683,1,91,5,24,256,7,517,4,7255,38,82,5,105,32,517,1,280,381,879,26,2566,5,94,8,60,815,183,95,31,923,733,11286,0,4,171,232,14,481,114,4,188,63,179,949,12,8,59,9,23,562,18,8,12,19,2,24,125,200,264,1148,21
06/13/2020,115,38,957,23,21,7,27,20,41,112,2053,4433,1,568,25,152,131,939,25,44,209,2068,21734,1,91,5,24,256,7,519,4,7274,38,82,5,107,32,519,1,283,376,885,26,2573,5,97,8,60,824,183,96,31,923,734,11298,0,4,175,207,14,484,114,4,188,63,179,952,12,8,59,9,23,568,21,8,12,19,2,24,126,202,264,1152,21
06/14/2020,115,38,1028,23,21,7,27,20,41,112,2054,4467,1,568,25,152,131,944,25,44,210,2069,21772,1,91,5,25,257,7,520,4,7289,38,82,5,109,31,521,1,286,377,888,26,2574,5,97,8,60,825,183,97,31,924,740,11306,0,4,177,209,14,486,115,4,190,63,179,954,12,8,59,9,23,569,21,8,12,20,2,24,127,206,265,1158,21
06/15/2020,115,38,1028,25,21,7,27,20,41,112,2054,4469,1,570,25,153,131,947,25,44,211,2074,21816,1,91,5,25,258,7,520,4,7299,39,82,5,115,32,521,1,287,378,887,26,2583,5,97,8,61,825,184,97,31,926,742,11313,0,4,186,139,14,487,115,4,190,65,182,955,12,8,59,9,24,570,22,8,12,21,3,24,127,206,265,1161,21
06/16/2020,115,38,1030,25,21,7,27,20,41,112,2054,4477,1,572,26,152,131,944,25,44,216,2078,21828,1,91,5,25,258,7,521,4,7330,38,83,5,117,32,521,1,288,377,890,26,2589,5,97,8,60,825,184,99,31,929,742,11372,0,4,193,139,14,492,116,5,190,65,182,958,12,8,59,9,24,571,22,8,12,21,3,24,128,207,265,1169,21
06/17/2020,115,38,1031,25,21,7,27,20,41,112,2054,4497,1,574,26,153,131,947,25,44,230,2085,21920,1,92,5,25,261,7,522,4,7341,38,83,5,119,32,521,2,288,378,891,26,2596,5,97,8,60,825,186,99,31,927,748,11384,0,4,200,150,14,495,118,5,191,65,182,969,12,8,59,9,24,570,22,8,12,21,3,24,130,210,265,1172,21
06/18/2020,115,38,1032,25,21,7,28,23,41,112,2055,4532,1,576,27,153,131,949,25,44,246,2085,21964,1,93,5,25,263,7,533,4,7351,40,83,5,145,32,521,2,291,379,906,26,2605,5,98,8,60,825,192,102,31,927,759,11425,0,4,204,155,14,501,119,4,193,65,182,977,12,8,59,9,24,571,25,9,12,21,4,24,131,212,266,1175,21
06/19/2020,115,38,1040,25,21,7,27,23,43,112,2055,4557,1,582,27,156,131,966,26,44,246,2110,22018,1,94,5,26,265,7,534,4,7362,40,83,5,163,32,525,2,292,379,911,26,2619,6,98,8,60,831,192,106,31,927,768,11485,0,4,210,161,14,503,119,4,195,66,183,984,12,8,61,9,24,575,25,9,12,22,4,26,131,213,265,1183,21
06/20/2020,115,38,1043,25,21,7,27,23,43,112,2056,4581,1,582,28,158,131,966,26,44,246,2110,22108,1,93,5,26,267,7,535,4,7385,41,85,5,173,32,525,2,297,378,915,26,2625,6,99,9,60,837,194,109,31,926,775,11667,0,4,215,168,16,503,121,4,199,66,183,995,12,8,61,9,24,576,27,9,12,22,4,27,134,215,265,1190,21
06/21/2020,115,38,1043,25,21,7,27,23,43,112,2056,4596,1,582,29,159,131,966,26,44,246,2110,22162,1,94,5,27,269,7,535,4,7391,41,85,5,176,32,525,2,299,378,915,26,2631,6,99,9,63,845,194,112,31,927,784,11685,0,4,219,166,16,504,122,4,201,66,183,996,12,8,62,9,24,576,27,9,12,22,4,27,139,216,265,1194,21
06/22/2020,116,38,1043,25,21,7,27,26,44,112,2055,4609,1,591,29,159,132,983,26,44,248,2126,22203,1,95,5,27,271,7,557,4,7404,41,85,5,186,32,530,2,301,379,915,26,2634,6,99,11,63,859,196,113,31,927,786,11740,0,4,228,168,16,506,124,4,201,66,183,996,12,8,63,9,24,581,26,9,12,22,4,27,142,217,265,1203,21
06/23/2020,116,38,1043,25,21,7,27,26,44,112,2056,4634,1,594,28,160,132,984,26,44,229,2130,22268,1,95,5,27,274,7,559,4,7414,42,85,5,199,32,530,2,301,379,918,26,2640,6,99,11,63,867,195,116,31,926,790,11791,0,4,232,182,16,507,126,4,204,66,184,1002,12,8,63,9,24,580,26,10,12,22,4,28,145,217,265,1215,21
06/24/2020,116,38,1047,25,21,7,28,26,44,112,2056,4672,1,596,28,160,133,988,26,44,229,2136,22347,1,96,6,27,287,7,565,4,7430,43,85,5,210,32,534,2,303,381,918,26,2668,6,99,11,64,896,195,120,31,928,793,11805,0,4,242,183,16,514,126,4,205,68,187,1017,12,8,63,11,24,583,25,12,12,22,4,28,151,221,265,1225,21
06/25/2020,117,38,1047,29,22,7,27,26,44,112,2056,4723,1,599,29,161,133,996,26,44,229,2142,22476,1,95,6,27,297,7,567,4,7464,43,85,5,222,32,538,2,301,383,922,27,2669,6,98,11,64,916,197,120,31,933,796,11826,0,4,255,192,18,517,131,4,207,68,192,1042,20,8,63,14,24,591,25,14,12,23,5,28,162,224,268,1248,21
06/26/2020,117,38,1047,29,21,7,27,26,46,112,2080,4783,1,602,29,160,133,1010,26,44,233,2151,22503,4,95,7,27,306,7,585,4,7492,43,87,5,235,32,543,2,302,385,923,27,2682,6,98,11,64,954,196,121,32,936,806,11843,0,4,262,153,18,523,134,4,214,68,191,1048,20,8,64,14,26,597,26,15,12,23,5,28,163,224,268,1255,21
06/27/2020,117,38,1048,29,21,7,27,26,46,112,2082,4822,1,602,29,160,133,1020,26,44,233,2151,22603,4,96,7,27,311,7,595,4,7511,45,88,5,249,32,547,3,303,386,928,28,2683,7,98,11,65,980,197,121,32,938,806,11886,0,4,276,156,18,523,134,4,215,68,192,1055,16,8,64,15,28,602,26,14,12,24,5,28,163,224,269,1261,21
06/28/2020,118,39,1050,29,21,7,27,26,46,112,2082,4855,1,602,29,164,133,1023,26,44,233,2151,22645,4,97,7,27,314,7,595,4,7537,45,88,5,263,32,549,3,306,386,933,27,2690,7,98,11,65,992,197,122,32,939,807,11916,0,4,289,159,18,526,136,6,217,68,193,1063,16,8,64,16,28,603,27,16,12,25,5,28,163,225,269,1269,21
06/29/2020,119,38,1050,29,21,7,27,26,51,113,2085,4868,1,617,29,164,133,1026,26,46,234,2180,22686,5,98,9,27,319,7,598,4,7557,46,89,5,280,33,553,3,308,387,942,27,2715,7,98,11,65,1002,198,122,32,943,811,11942,0,4,307,161,18,532,139,6,220,71,194,1069,16,8,64,16,29,606,29,16,12,25,5,30,165,226,272,1276,21
06/30/2020,120,38,1050,30,23,7,27,27,53,113,2093,4906,1,620,29,166,133,1048,26,47,232,2192,22791,5,102,12,28,327,8,599,4,7599,51,90,5,287,33,560,3,312,392,942,27,2734,7,98,11,65,1019,199,123,33,949,815,12017,0,4,320,164,18,536,145,11,223,70,194,1084,17,9,64,16,29,617,29,18,12,32,5,31,167,225,273,1287,22
07/01/2020,122,39,1050,30,24,7,29,27,53,114,2101,4951,1,628,29,169,133,1064,28,49,232,2204,22879,5,103,10,28,331,8,602,4,7668,53,93,5,292,33,561,4,317,392,962,27,2743,7,98,12,66,1042,199,127,34,950,821,12051,0,4,327,167,19,539,149,12,226,70,194,1089,19,9,65,16,29,618,29,20,13,32,5,31,169,230,273,1293,21
07/02/2020,122,38,1050,30,26,7,29,27,53,116,2105,5070,1,633,29,169,134,1081,28,51,232,2217,23015,5,106,10,29,320,9,607,4,7709,57,98,5,307,34,572,4,325,396,963,27,2766,7,98,14,66,1054,200,128,34,956,827,12108,0,4,336,172,20,550,152,12,236,70,197,1093,19,9,70,16,29,619,30,21,13,33,6,31,176,231,276,1302,22
07/03/2020,123,38,1053,30,27,9,29,27,55,118,2128,5165,1,632,30,171,134,1096,28,50,233,2217,23078,5,108,10,30,328,9,608,4,7742,58,100,5,320,35,579,4,328,401,963,27,2789,7,99,16,66,1070,203,129,35,964,842,12160,0,5,339,153,21,557,156,13,241,70,197,1103,19,9,71,21,29,626,30,21,13,34,6,33,177,232,276,1316,22
07/04/2020,123,38,1053,30,27,10,30,27,56,118,2131,5226,1,633,31,171,134,1116,28,50,233,2217,23147,5,111,10,31,335,10,611,4,7761,61,104,5,342,37,586,4,331,403,980,27,2797,7,99,18,66,1085,207,131,36,966,850,12208,1,5,340,153,22,558,160,13,247,70,199,1108,24,9,71,21,30,629,33,21,13,46,6,35,179,234,277,1318,22
07/05/2020,123,38,1053,30,27,10,35,27,64,118,2131,5272,1,633,32,172,134,1138,28,50,233,2217,23206,5,115,10,31,336,12,611,4,7781,61,110,5,345,38,590,4,333,404,990,27,2816,7,100,19,66,1092,207,135,39,968,858,12233,1,6,349,154,23,559,164,14,250,70,199,1110,26,9,73,22,33,633,35,21,13,50,6,37,180,235,278,1331,22
07/06/2020,123,38,1053,33,27,14,31,27,71,118,2136,5308,1,644,32,172,135,1148,28,51,235,2276,23283,5,119,11,31,338,12,615,4,7820,65,111,5,347,39,590,4,338,405,991,28,2829,10,101,20,66,1095,210,136,41,968,861,12254,1,6,352,155,23,562,164,14,253,70,201,1112,27,9,76,24,34,641,39,21,13,51,6,37,182,235,278,1342,22
07/07/2020,123,38,1053,33,27,15,32,27,71,118,2136,5386,1,649,32,172,135,1171,29,54,238,2294,23459,5,120,11,30,347,12,615,4,7865,66,113,5,354,42,593,4,346,407,1006,28,2837,11,102,20,68,1114,209,135,41,969,867,12320,1,6,358,155,23,576,172,15,263,81,202,1131,27,9,83,25,33,647,41,21,14,53,6,37,182,246,278,1345,22
07/08/2020,123,38,1058,33,27,16,33,28,75,118,2140,5462,1,652,32,173,135,1196,29,55,241,2321,23621,5,121,11,32,348,11,616,4,7891,70,120,5,365,44,599,4,353,410,1017,27,2860,11,106,21,69,1129,209,139,41,982,877,12408,1,7,361,155,24,583,177,15,271,81,203,1156,30,9,84,29,34,653,42,22,13,55,6,37,184,256,280,1358,22
07/09/2020,123,38,1059,34,30,16,35,27,78,120,2143,5581,1,656,34,178,135,1220,29,55,243,2340,23725,5,123,11,32,348,12,620,4,7930,72,122,5,372,45,602,4,358,415,1030,27,2870,11,111,27,73,1142,209,146,41,988,881,12488,1,7,368,153,24,594,179,17,279,81,206,1172,32,9,85,32,34,656,44,22,13,55,6,37,189,257,283,1364,24
07/10/2020,123,38,1059,34,30,18,38,27,83,121,2148,5681,1,657,36,182,135,1250,30,56,242,2381,23835,5,130,11,32,349,12,622,4,7979,73,124,6,384,46,607,4,362,418,1046,27,2882,11,111,27,73,1153,211,152,42,993,907,12568,1,7,376,148,24,598,182,19,282,82,205,1194,35,9,86,39,36,655,45,22,13,57,6,37,192,263,283,1375,24
