date,Buchanan,Carter,Chariton,Clay,Crawford,Dade,Daviess,Gasconade,Greene,Hickory,Iron,Joplin,Lincoln,Livingston,Maries,Montgomery,New Madrid,Oregon,Pike,Ralls,Ripley,Stoddard,Adair,Audrain,Bates,Butler,Clark,Clinton,Cooper,Douglas,Holt,Jasper,Lawrence,Lewis,Monroe,Morgan,Nodaway,Ozark,Pemiscot,Phelps,Randolph,Reynolds,Scott,Shannon,St. Francois,St. Louis,Sullivan,Washington,Webster,Worth,Wright,Barton,Bollinger,Cape Girardeau,Cedar,Christian,Dallas,DeKalb,Dunklin,Gentry,Henry,Jefferson,Kansas City,Lafayette,Macon,McDonald,Mercer,Miller,Mississippi,Newton,Osage,Pulaski,Putnam,Ray,Saline,Shelby,Ste. Genevieve,Texas,Vernon,Andrew,Atchison,Benton,Boone,Caldwell,Callaway,Camden,Carroll,Cass,Cole,Franklin,Grundy,Harrison,Howard,Howell,Jackson,Johnson,Knox,Laclede,Linn,Madison,Marion,Moniteau,Perry,Pettis,Platte,Polk,Schuyler,Scotland,St. Charles,St. Clair,St. Louis city,Stone,Unknown,Warren,Wayne,Taney,Dent,Barry
01/21/2020,0,0,0,0,0,0,0,0,0,0,0,0,0,0,0,0,0,0,0,0,0,0,0,0,0,0,0,0,0,0,0,0,0,0,0,0,0,0,0,0,0,0,0,0,0,0,0,0,0,0,0,0,0,0,0,0,0,0,0,0,0,0,0,0,0,0,0,0,0,0,0,0,0,0,0,0,0,0,0,0,0,0,0,0,0,0,0,0,0,0,0,0,0,0,0,0,0,0,0,0,0,0,0,0,0,0,0,0,0,0,0,0,0,0,0,0,0,0
01/22/2020,0,0,0,0,0,0,0,0,0,0,0,0,0,0,0,0,0,0,0,0,0,0,0,0,0,0,0,0,0,0,0,0,0,0,0,0,0,0,0,0,0,0,0,0,0,0,0,0,0,0,0,0,0,0,0,0,0,0,0,0,0,0,0,0,0,0,0,0,0,0,0,0,0,0,0,0,0,0,0,0,0,0,0,0,0,0,0,0,0,0,0,0,0,0,0,0,0,0,0,0,0,0,0,0,0,0,0,0,0,0,0,0,0,0,0,0,0,0
01/23/2020,0,0,0,0,0,0,0,0,0,0,0,0,0,0,0,0,0,0,0,0,0,0,0,0,0,0,0,0,0,0,0,0,0,0,0,0,0,0,0,0,0,0,0,0,0,0,0,0,0,0,0,0,0,0,0,0,0,0,0,0,0,0,0,0,0,0,0,0,0,0,0,0,0,0,0,0,0,0,0,0,0,0,0,0,0,0,0,0,0,0,0,0,0,0,0,0,0,0,0,0,0,0,0,0,0,0,0,0,0,0,0,0,0,0,0,0,0,0
01/24/2020,0,0,0,0,0,0,0,0,0,0,0,0,0,0,0,0,0,0,0,0,0,0,0,0,0,0,0,0,0,0,0,0,0,0,0,0,0,0,0,0,0,0,0,0,0,0,0,0,0,0,0,0,0,0,0,0,0,0,0,0,0,0,0,0,0,0,0,0,0,0,0,0,0,0,0,0,0,0,0,0,0,0,0,0,0,0,0,0,0,0,0,0,0,0,0,0,0,0,0,0,0,0,0,0,0,0,0,0,0,0,0,0,0,0,0,0,0,0
01/25/2020,0,0,0,0,0,0,0,0,0,0,0,0,0,0,0,0,0,0,0,0,0,0,0,0,0,0,0,0,0,0,0,0,0,0,0,0,0,0,0,0,0,0,0,0,0,0,0,0,0,0,0,0,0,0,0,0,0,0,0,0,0,0,0,0,0,0,0,0,0,0,0,0,0,0,0,0,0,0,0,0,0,0,0,0,0,0,0,0,0,0,0,0,0,0,0,0,0,0,0,0,0,0,0,0,0,0,0,0,0,0,0,0,0,0,0,0,0,0
01/26/2020,0,0,0,0,0,0,0,0,0,0,0,0,0,0,0,0,0,0,0,0,0,0,0,0,0,0,0,0,0,0,0,0,0,0,0,0,0,0,0,0,0,0,0,0,0,0,0,0,0,0,0,0,0,0,0,0,0,0,0,0,0,0,0,0,0,0,0,0,0,0,0,0,0,0,0,0,0,0,0,0,0,0,0,0,0,0,0,0,0,0,0,0,0,0,0,0,0,0,0,0,0,0,0,0,0,0,0,0,0,0,0,0,0,0,0,0,0,0
01/27/2020,0,0,0,0,0,0,0,0,0,0,0,0,0,0,0,0,0,0,0,0,0,0,0,0,0,0,0,0,0,0,0,0,0,0,0,0,0,0,0,0,0,0,0,0,0,0,0,0,0,0,0,0,0,0,0,0,0,0,0,0,0,0,0,0,0,0,0,0,0,0,0,0,0,0,0,0,0,0,0,0,0,0,0,0,0,0,0,0,0,0,0,0,0,0,0,0,0,0,0,0,0,0,0,0,0,0,0,0,0,0,0,0,0,0,0,0,0,0
01/28/2020,0,0,0,0,0,0,0,0,0,0,0,0,0,0,0,0,0,0,0,0,0,0,0,0,0,0,0,0,0,0,0,0,0,0,0,0,0,0,0,0,0,0,0,0,0,0,0,0,0,0,0,0,0,0,0,0,0,0,0,0,0,0,0,0,0,0,0,0,0,0,0,0,0,0,0,0,0,0,0,0,0,0,0,0,0,0,0,0,0,0,0,0,0,0,0,0,0,0,0,0,0,0,0,0,0,0,0,0,0,0,0,0,0,0,0,0,0,0
01/29/2020,0,0,0,0,0,0,0,0,0,0,0,0,0,0,0,0,0,0,0,0,0,0,0,0,0,0,0,0,0,0,0,0,0,0,0,0,0,0,0,0,0,0,0,0,0,0,0,0,0,0,0,0,0,0,0,0,0,0,0,0,0,0,0,0,0,0,0,0,0,0,0,0,0,0,0,0,0,0,0,0,0,0,0,0,0,0,0,0,0,0,0,0,0,0,0,0,0,0,0,0,0,0,0,0,0,0,0,0,0,0,0,0,0,0,0,0,0,0
01/30/2020,0,0,0,0,0,0,0,0,0,0,0,0,0,0,0,0,0,0,0,0,0,0,0,0,0,0,0,0,0,0,0,0,0,0,0,0,0,0,0,0,0,0,0,0,0,0,0,0,0,0,0,0,0,0,0,0,0,0,0,0,0,0,0,0,0,0,0,0,0,0,0,0,0,0,0,0,0,0,0,0,0,0,0,0,0,0,0,0,0,0,0,0,0,0,0,0,0,0,0,0,0,0,0,0,0,0,0,0,0,0,0,0,0,0,0,0,0,0
01/31/2020,0,0,0,0,0,0,0,0,0,0,0,0,0,0,0,0,0,0,0,0,0,0,0,0,0,0,0,0,0,0,0,0,0,0,0,0,0,0,0,0,0,0,0,0,0,0,0,0,0,0,0,0,0,0,0,0,0,0,0,0,0,0,0,0,0,0,0,0,0,0,0,0,0,0,0,0,0,0,0,0,0,0,0,0,0,0,0,0,0,0,0,0,0,0,0,0,0,0,0,0,0,0,0,0,0,0,0,0,0,0,0,0,0,0,0,0,0,0
02/01/2020,0,0,0,0,0,0,0,0,0,0,0,0,0,0,0,0,0,0,0,0,0,0,0,0,0,0,0,0,0,0,0,0,0,0,0,0,0,0,0,0,0,0,0,0,0,0,0,0,0,0,0,0,0,0,0,0,0,0,0,0,0,0,0,0,0,0,0,0,0,0,0,0,0,0,0,0,0,0,0,0,0,0,0,0,0,0,0,0,0,0,0,0,0,0,0,0,0,0,0,0,0,0,0,0,0,0,0,0,0,0,0,0,0,0,0,0,0,0
02/02/2020,0,0,0,0,0,0,0,0,0,0,0,0,0,0,0,0,0,0,0,0,0,0,0,0,0,0,0,0,0,0,0,0,0,0,0,0,0,0,0,0,0,0,0,0,0,0,0,0,0,0,0,0,0,0,0,0,0,0,0,0,0,0,0,0,0,0,0,0,0,0,0,0,0,0,0,0,0,0,0,0,0,0,0,0,0,0,0,0,0,0,0,0,0,0,0,0,0,0,0,0,0,0,0,0,0,0,0,0,0,0,0,0,0,0,0,0,0,0
02/03/2020,0,0,0,0,0,0,0,0,0,0,0,0,0,0,0,0,0,0,0,0,0,0,0,0,0,0,0,0,0,0,0,0,0,0,0,0,0,0,0,0,0,0,0,0,0,0,0,0,0,0,0,0,0,0,0,0,0,0,0,0,0,0,0,0,0,0,0,0,0,0,0,0,0,0,0,0,0,0,0,0,0,0,0,0,0,0,0,0,0,0,0,0,0,0,0,0,0,0,0,0,0,0,0,0,0,0,0,0,0,0,0,0,0,0,0,0,0,0
02/04/2020,0,0,0,0,0,0,0,0,0,0,0,0,0,0,0,0,0,0,0,0,0,0,0,0,0,0,0,0,0,0,0,0,0,0,0,0,0,0,0,0,0,0,0,0,0,0,0,0,0,0,0,0,0,0,0,0,0,0,0,0,0,0,0,0,0,0,0,0,0,0,0,0,0,0,0,0,0,0,0,0,0,0,0,0,0,0,0,0,0,0,0,0,0,0,0,0,0,0,0,0,0,0,0,0,0,0,0,0,0,0,0,0,0,0,0,0,0,0
02/05/2020,0,0,0,0,0,0,0,0,0,0,0,0,0,0,0,0,0,0,0,0,0,0,0,0,0,0,0,0,0,0,0,0,0,0,0,0,0,0,0,0,0,0,0,0,0,0,0,0,0,0,0,0,0,0,0,0,0,0,0,0,0,0,0,0,0,0,0,0,0,0,0,0,0,0,0,0,0,0,0,0,0,0,0,0,0,0,0,0,0,0,0,0,0,0,0,0,0,0,0,0,0,0,0,0,0,0,0,0,0,0,0,0,0,0,0,0,0,0
02/06/2020,0,0,0,0,0,0,0,0,0,0,0,0,0,0,0,0,0,0,0,0,0,0,0,0,0,0,0,0,0,0,0,0,0,0,0,0,0,0,0,0,0,0,0,0,0,0,0,0,0,0,0,0,0,0,0,0,0,0,0,0,0,0,0,0,0,0,0,0,0,0,0,0,0,0,0,0,0,0,0,0,0,0,0,0,0,0,0,0,0,0,0,0,0,0,0,0,0,0,0,0,0,0,0,0,0,0,0,0,0,0,0,0,0,0,0,0,0,0
02/07/2020,0,0,0,0,0,0,0,0,0,0,0,0,0,0,0,0,0,0,0,0,0,0,0,0,0,0,0,0,0,0,0,0,0,0,0,0,0,0,0,0,0,0,0,0,0,0,0,0,0,0,0,0,0,0,0,0,0,0,0,0,0,0,0,0,0,0,0,0,0,0,0,0,0,0,0,0,0,0,0,0,0,0,0,0,0,0,0,0,0,0,0,0,0,0,0,0,0,0,0,0,0,0,0,0,0,0,0,0,0,0,0,0,0,0,0,0,0,0
02/08/2020,0,0,0,0,0,0,0,0,0,0,0,0,0,0,0,0,0,0,0,0,0,0,0,0,0,0,0,0,0,0,0,0,0,0,0,0,0,0,0,0,0,0,0,0,0,0,0,0,0,0,0,0,0,0,0,0,0,0,0,0,0,0,0,0,0,0,0,0,0,0,0,0,0,0,0,0,0,0,0,0,0,0,0,0,0,0,0,0,0,0,0,0,0,0,0,0,0,0,0,0,0,0,0,0,0,0,0,0,0,0,0,0,0,0,0,0,0,0
02/09/2020,0,0,0,0,0,0,0,0,0,0,0,0,0,0,0,0,0,0,0,0,0,0,0,0,0,0,0,0,0,0,0,0,0,0,0,0,0,0,0,0,0,0,0,0,0,0,0,0,0,0,0,0,0,0,0,0,0,0,0,0,0,0,0,0,0,0,0,0,0,0,0,0,0,0,0,0,0,0,0,0,0,0,0,0,0,0,0,0,0,0,0,0,0,0,0,0,0,0,0,0,0,0,0,0,0,0,0,0,0,0,0,0,0,0,0,0,0,0
02/10/2020,0,0,0,0,0,0,0,0,0,0,0,0,0,0,0,0,0,0,0,0,0,0,0,0,0,0,0,0,0,0,0,0,0,0,0,0,0,0,0,0,0,0,0,0,0,0,0,0,0,0,0,0,0,0,0,0,0,0,0,0,0,0,0,0,0,0,0,0,0,0,0,0,0,0,0,0,0,0,0,0,0,0,0,0,0,0,0,0,0,0,0,0,0,0,0,0,0,0,0,0,0,0,0,0,0,0,0,0,0,0,0,0,0,0,0,0,0,0
02/11/2020,0,0,0,0,0,0,0,0,0,0,0,0,0,0,0,0,0,0,0,0,0,0,0,0,0,0,0,0,0,0,0,0,0,0,0,0,0,0,0,0,0,0,0,0,0,0,0,0,0,0,0,0,0,0,0,0,0,0,0,0,0,0,0,0,0,0,0,0,0,0,0,0,0,0,0,0,0,0,0,0,0,0,0,0,0,0,0,0,0,0,0,0,0,0,0,0,0,0,0,0,0,0,0,0,0,0,0,0,0,0,0,0,0,0,0,0,0,0
02/12/2020,0,0,0,0,0,0,0,0,0,0,0,0,0,0,0,0,0,0,0,0,0,0,0,0,0,0,0,0,0,0,0,0,0,0,0,0,0,0,0,0,0,0,0,0,0,0,0,0,0,0,0,0,0,0,0,0,0,0,0,0,0,0,0,0,0,0,0,0,0,0,0,0,0,0,0,0,0,0,0,0,0,0,0,0,0,0,0,0,0,0,0,0,0,0,0,0,0,0,0,0,0,0,0,0,0,0,0,0,0,0,0,0,0,0,0,0,0,0
02/13/2020,0,0,0,0,0,0,0,0,0,0,0,0,0,0,0,0,0,0,0,0,0,0,0,0,0,0,0,0,0,0,0,0,0,0,0,0,0,0,0,0,0,0,0,0,0,0,0,0,0,0,0,0,0,0,0,0,0,0,0,0,0,0,0,0,0,0,0,0,0,0,0,0,0,0,0,0,0,0,0,0,0,0,0,0,0,0,0,0,0,0,0,0,0,0,0,0,0,0,0,0,0,0,0,0,0,0,0,0,0,0,0,0,0,0,0,0,0,0
02/14/2020,0,0,0,0,0,0,0,0,0,0,0,0,0,0,0,0,0,0,0,0,0,0,0,0,0,0,0,0,0,0,0,0,0,0,0,0,0,0,0,0,0,0,0,0,0,0,0,0,0,0,0,0,0,0,0,0,0,0,0,0,0,0,0,0,0,0,0,0,0,0,0,0,0,0,0,0,0,0,0,0,0,0,0,0,0,0,0,0,0,0,0,0,0,0,0,0,0,0,0,0,0,0,0,0,0,0,0,0,0,0,0,0,0,0,0,0,0,0
02/15/2020,0,0,0,0,0,0,0,0,0,0,0,0,0,0,0,0,0,0,0,0,0,0,0,0,0,0,0,0,0,0,0,0,0,0,0,0,0,0,0,0,0,0,0,0,0,0,0,0,0,0,0,0,0,0,0,0,0,0,0,0,0,0,0,0,0,0,0,0,0,0,0,0,0,0,0,0,0,0,0,0,0,0,0,0,0,0,0,0,0,0,0,0,0,0,0,0,0,0,0,0,0,0,0,0,0,0,0,0,0,0,0,0,0,0,0,0,0,0
02/16/2020,0,0,0,0,0,0,0,0,0,0,0,0,0,0,0,0,0,0,0,0,0,0,0,0,0,0,0,0,0,0,0,0,0,0,0,0,0,0,0,0,0,0,0,0,0,0,0,0,0,0,0,0,0,0,0,0,0,0,0,0,0,0,0,0,0,0,0,0,0,0,0,0,0,0,0,0,0,0,0,0,0,0,0,0,0,0,0,0,0,0,0,0,0,0,0,0,0,0,0,0,0,0,0,0,0,0,0,0,0,0,0,0,0,0,0,0,0,0
02/17/2020,0,0,0,0,0,0,0,0,0,0,0,0,0,0,0,0,0,0,0,0,0,0,0,0,0,0,0,0,0,0,0,0,0,0,0,0,0,0,0,0,0,0,0,0,0,0,0,0,0,0,0,0,0,0,0,0,0,0,0,0,0,0,0,0,0,0,0,0,0,0,0,0,0,0,0,0,0,0,0,0,0,0,0,0,0,0,0,0,0,0,0,0,0,0,0,0,0,0,0,0,0,0,0,0,0,0,0,0,0,0,0,0,0,0,0,0,0,0
02/18/2020,0,0,0,0,0,0,0,0,0,0,0,0,0,0,0,0,0,0,0,0,0,0,0,0,0,0,0,0,0,0,0,0,0,0,0,0,0,0,0,0,0,0,0,0,0,0,0,0,0,0,0,0,0,0,0,0,0,0,0,0,0,0,0,0,0,0,0,0,0,0,0,0,0,0,0,0,0,0,0,0,0,0,0,0,0,0,0,0,0,0,0,0,0,0,0,0,0,0,0,0,0,0,0,0,0,0,0,0,0,0,0,0,0,0,0,0,0,0
02/19/2020,0,0,0,0,0,0,0,0,0,0,0,0,0,0,0,0,0,0,0,0,0,0,0,0,0,0,0,0,0,0,0,0,0,0,0,0,0,0,0,0,0,0,0,0,0,0,0,0,0,0,0,0,0,0,0,0,0,0,0,0,0,0,0,0,0,0,0,0,0,0,0,0,0,0,0,0,0,0,0,0,0,0,0,0,0,0,0,0,0,0,0,0,0,0,0,0,0,0,0,0,0,0,0,0,0,0,0,0,0,0,0,0,0,0,0,0,0,0
02/20/2020,0,0,0,0,0,0,0,0,0,0,0,0,0,0,0,0,0,0,0,0,0,0,0,0,0,0,0,0,0,0,0,0,0,0,0,0,0,0,0,0,0,0,0,0,0,0,0,0,0,0,0,0,0,0,0,0,0,0,0,0,0,0,0,0,0,0,0,0,0,0,0,0,0,0,0,0,0,0,0,0,0,0,0,0,0,0,0,0,0,0,0,0,0,0,0,0,0,0,0,0,0,0,0,0,0,0,0,0,0,0,0,0,0,0,0,0,0,0
02/21/2020,0,0,0,0,0,0,0,0,0,0,0,0,0,0,0,0,0,0,0,0,0,0,0,0,0,0,0,0,0,0,0,0,0,0,0,0,0,0,0,0,0,0,0,0,0,0,0,0,0,0,0,0,0,0,0,0,0,0,0,0,0,0,0,0,0,0,0,0,0,0,0,0,0,0,0,0,0,0,0,0,0,0,0,0,0,0,0,0,0,0,0,0,0,0,0,0,0,0,0,0,0,0,0,0,0,0,0,0,0,0,0,0,0,0,0,0,0,0
02/22/2020,0,0,0,0,0,0,0,0,0,0,0,0,0,0,0,0,0,0,0,0,0,0,0,0,0,0,0,0,0,0,0,0,0,0,0,0,0,0,0,0,0,0,0,0,0,0,0,0,0,0,0,0,0,0,0,0,0,0,0,0,0,0,0,0,0,0,0,0,0,0,0,0,0,0,0,0,0,0,0,0,0,0,0,0,0,0,0,0,0,0,0,0,0,0,0,0,0,0,0,0,0,0,0,0,0,0,0,0,0,0,0,0,0,0,0,0,0,0
02/23/2020,0,0,0,0,0,0,0,0,0,0,0,0,0,0,0,0,0,0,0,0,0,0,0,0,0,0,0,0,0,0,0,0,0,0,0,0,0,0,0,0,0,0,0,0,0,0,0,0,0,0,0,0,0,0,0,0,0,0,0,0,0,0,0,0,0,0,0,0,0,0,0,0,0,0,0,0,0,0,0,0,0,0,0,0,0,0,0,0,0,0,0,0,0,0,0,0,0,0,0,0,0,0,0,0,0,0,0,0,0,0,0,0,0,0,0,0,0,0
02/24/2020,0,0,0,0,0,0,0,0,0,0,0,0,0,0,0,0,0,0,0,0,0,0,0,0,0,0,0,0,0,0,0,0,0,0,0,0,0,0,0,0,0,0,0,0,0,0,0,0,0,0,0,0,0,0,0,0,0,0,0,0,0,0,0,0,0,0,0,0,0,0,0,0,0,0,0,0,0,0,0,0,0,0,0,0,0,0,0,0,0,0,0,0,0,0,0,0,0,0,0,0,0,0,0,0,0,0,0,0,0,0,0,0,0,0,0,0,0,0
02/25/2020,0,0,0,0,0,0,0,0,0,0,0,0,0,0,0,0,0,0,0,0,0,0,0,0,0,0,0,0,0,0,0,0,0,0,0,0,0,0,0,0,0,0,0,0,0,0,0,0,0,0,0,0,0,0,0,0,0,0,0,0,0,0,0,0,0,0,0,0,0,0,0,0,0,0,0,0,0,0,0,0,0,0,0,0,0,0,0,0,0,0,0,0,0,0,0,0,0,0,0,0,0,0,0,0,0,0,0,0,0,0,0,0,0,0,0,0,0,0
02/26/2020,0,0,0,0,0,0,0,0,0,0,0,0,0,0,0,0,0,0,0,0,0,0,0,0,0,0,0,0,0,0,0,0,0,0,0,0,0,0,0,0,0,0,0,0,0,0,0,0,0,0,0,0,0,0,0,0,0,0,0,0,0,0,0,0,0,0,0,0,0,0,0,0,0,0,0,0,0,0,0,0,0,0,0,0,0,0,0,0,0,0,0,0,0,0,0,0,0,0,0,0,0,0,0,0,0,0,0,0,0,0,0,0,0,0,0,0,0,0
02/27/2020,0,0,0,0,0,0,0,0,0,0,0,0,0,0,0,0,0,0,0,0,0,0,0,0,0,0,0,0,0,0,0,0,0,0,0,0,0,0,0,0,0,0,0,0,0,0,0,0,0,0,0,0,0,0,0,0,0,0,0,0,0,0,0,0,0,0,0,0,0,0,0,0,0,0,0,0,0,0,0,0,0,0,0,0,0,0,0,0,0,0,0,0,0,0,0,0,0,0,0,0,0,0,0,0,0,0,0,0,0,0,0,0,0,0,0,0,0,0
02/28/2020,0,0,0,0,0,0,0,0,0,0,0,0,0,0,0,0,0,0,0,0,0,0,0,0,0,0,0,0,0,0,0,0,0,0,0,0,0,0,0,0,0,0,0,0,0,0,0,0,0,0,0,0,0,0,0,0,0,0,0,0,0,0,0,0,0,0,0,0,0,0,0,0,0,0,0,0,0,0,0,0,0,0,0,0,0,0,0,0,0,0,0,0,0,0,0,0,0,0,0,0,0,0,0,0,0,0,0,0,0,0,0,0,0,0,0,0,0,0
02/29/2020,0,0,0,0,0,0,0,0,0,0,0,0,0,0,0,0,0,0,0,0,0,0,0,0,0,0,0,0,0,0,0,0,0,0,0,0,0,0,0,0,0,0,0,0,0,0,0,0,0,0,0,0,0,0,0,0,0,0,0,0,0,0,0,0,0,0,0,0,0,0,0,0,0,0,0,0,0,0,0,0,0,0,0,0,0,0,0,0,0,0,0,0,0,0,0,0,0,0,0,0,0,0,0,0,0,0,0,0,0,0,0,0,0,0,0,0,0,0
03/01/2020,0,0,0,0,0,0,0,0,0,0,0,0,0,0,0,0,0,0,0,0,0,0,0,0,0,0,0,0,0,0,0,0,0,0,0,0,0,0,0,0,0,0,0,0,0,0,0,0,0,0,0,0,0,0,0,0,0,0,0,0,0,0,0,0,0,0,0,0,0,0,0,0,0,0,0,0,0,0,0,0,0,0,0,0,0,0,0,0,0,0,0,0,0,0,0,0,0,0,0,0,0,0,0,0,0,0,0,0,0,0,0,0,0,0,0,0,0,0
03/02/2020,0,0,0,0,0,0,0,0,0,0,0,0,0,0,0,0,0,0,0,0,0,0,0,0,0,0,0,0,0,0,0,0,0,0,0,0,0,0,0,0,0,0,0,0,0,0,0,0,0,0,0,0,0,0,0,0,0,0,0,0,0,0,0,0,0,0,0,0,0,0,0,0,0,0,0,0,0,0,0,0,0,0,0,0,0,0,0,0,0,0,0,0,0,0,0,0,0,0,0,0,0,0,0,0,0,0,0,0,0,0,0,0,0,0,0,0,0,0
03/03/2020,0,0,0,0,0,0,0,0,0,0,0,0,0,0,0,0,0,0,0,0,0,0,0,0,0,0,0,0,0,0,0,0,0,0,0,0,0,0,0,0,0,0,0,0,0,0,0,0,0,0,0,0,0,0,0,0,0,0,0,0,0,0,0,0,0,0,0,0,0,0,0,0,0,0,0,0,0,0,0,0,0,0,0,0,0,0,0,0,0,0,0,0,0,0,0,0,0,0,0,0,0,0,0,0,0,0,0,0,0,0,0,0,0,0,0,0,0,0
03/04/2020,0,0,0,0,0,0,0,0,0,0,0,0,0,0,0,0,0,0,0,0,0,0,0,0,0,0,0,0,0,0,0,0,0,0,0,0,0,0,0,0,0,0,0,0,0,0,0,0,0,0,0,0,0,0,0,0,0,0,0,0,0,0,0,0,0,0,0,0,0,0,0,0,0,0,0,0,0,0,0,0,0,0,0,0,0,0,0,0,0,0,0,0,0,0,0,0,0,0,0,0,0,0,0,0,0,0,0,0,0,0,0,0,0,0,0,0,0,0
03/05/2020,0,0,0,0,0,0,0,0,0,0,0,0,0,0,0,0,0,0,0,0,0,0,0,0,0,0,0,0,0,0,0,0,0,0,0,0,0,0,0,0,0,0,0,0,0,0,0,0,0,0,0,0,0,0,0,0,0,0,0,0,0,0,0,0,0,0,0,0,0,0,0,0,0,0,0,0,0,0,0,0,0,0,0,0,0,0,0,0,0,0,0,0,0,0,0,0,0,0,0,0,0,0,0,0,0,0,0,0,0,0,0,0,0,0,0,0,0,0
03/06/2020,0,0,0,0,0,0,0,0,0,0,0,0,0,0,0,0,0,0,0,0,0,0,0,0,0,0,0,0,0,0,0,0,0,0,0,0,0,0,0,0,0,0,0,0,0,0,0,0,0,0,0,0,0,0,0,0,0,0,0,0,0,0,0,0,0,0,0,0,0,0,0,0,0,0,0,0,0,0,0,0,0,0,0,0,0,0,0,0,0,0,0,0,0,0,0,0,0,0,0,0,0,0,0,0,0,0,0,0,0,0,0,0,0,0,0,0,0,0
03/07/2020,0,0,0,0,0,0,0,0,0,0,0,0,0,0,0,0,0,0,0,0,0,0,0,0,0,0,0,0,0,0,0,0,0,0,0,0,0,0,0,0,0,0,0,0,0,1,0,0,0,0,0,0,0,0,0,0,0,0,0,0,0,0,0,0,0,0,0,0,0,0,0,0,0,0,0,0,0,0,0,0,0,0,0,0,0,0,0,0,0,0,0,0,0,0,0,0,0,0,0,0,0,0,0,0,0,0,0,0,0,0,0,0,0,0,0,0,0,0
03/08/2020,0,0,0,0,0,0,0,0,0,0,0,0,0,0,0,0,0,0,0,0,0,0,0,0,0,0,0,0,0,0,0,0,0,0,0,0,0,0,0,0,0,0,0,0,0,1,0,0,0,0,0,0,0,0,0,0,0,0,0,0,0,0,0,0,0,0,0,0,0,0,0,0,0,0,0,0,0,0,0,0,0,0,0,0,0,0,0,0,0,0,0,0,0,0,0,0,0,0,0,0,0,0,0,0,0,0,0,0,0,0,0,0,0,0,0,0,0,0
03/09/2020,0,0,0,0,0,0,0,0,0,0,0,0,0,0,0,0,0,0,0,0,0,0,0,0,0,0,0,0,0,0,0,0,0,0,0,0,0,0,0,0,0,0,0,0,0,1,0,0,0,0,0,0,0,0,0,0,0,0,0,0,0,0,0,0,0,0,0,0,0,0,0,0,0,0,0,0,0,0,0,0,0,0,0,0,0,0,0,0,0,0,0,0,0,0,0,0,0,0,0,0,0,0,0,0,0,0,0,0,0,0,0,0,0,0,0,0,0,0
03/10/2020,0,0,0,0,0,0,0,0,0,0,0,0,0,0,0,0,0,0,0,0,0,0,0,0,0,0,0,0,0,0,0,0,0,0,0,0,0,0,0,0,0,0,0,0,0,1,0,0,0,0,0,0,0,0,0,0,0,0,0,0,0,0,0,0,0,0,0,0,0,0,0,0,0,0,0,0,0,0,0,0,0,0,0,0,0,0,0,0,0,0,0,0,0,0,0,0,0,0,0,0,0,0,0,0,0,0,0,0,0,0,0,0,0,0,0,0,0,0
03/11/2020,0,0,0,0,0,0,0,0,0,0,0,0,0,0,0,0,0,0,0,0,0,0,0,0,0,0,0,0,0,0,0,0,0,0,0,0,0,0,0,0,0,0,0,0,0,1,0,0,0,0,0,0,0,0,0,0,0,0,0,0,0,0,0,0,0,0,0,0,0,0,0,0,0,0,0,0,0,0,0,0,0,0,0,0,0,0,0,0,0,0,0,0,0,0,0,0,0,0,0,0,0,0,0,0,0,0,0,0,0,0,0,0,0,0,0,0,0,0
03/12/2020,0,0,0,0,0,0,0,0,1,0,0,0,0,0,0,0,0,0,0,0,0,0,0,0,0,0,0,0,0,0,0,0,0,0,0,0,0,0,0,0,0,0,0,0,0,1,0,0,0,0,0,0,0,0,0,0,0,0,0,0,0,0,0,0,0,0,0,0,0,0,0,0,0,0,0,0,0,0,0,0,0,0,0,0,0,0,0,0,0,0,0,0,0,0,0,0,0,0,0,0,0,0,0,0,0,0,0,0,0,0,0,0,0,0,0,0,0,0
03/13/2020,0,0,0,0,0,0,0,0,1,0,0,0,0,0,0,0,0,0,0,0,0,0,0,0,0,0,0,0,0,0,0,0,0,0,0,0,0,0,0,0,0,0,0,0,0,2,0,0,0,0,0,0,0,0,0,0,0,0,0,0,1,0,0,0,0,0,0,0,0,0,0,0,0,0,0,0,0,0,0,0,0,0,0,0,0,0,0,0,0,0,0,0,0,0,0,0,0,0,0,0,0,0,0,0,0,0,0,0,0,0,0,0,0,0,0,0,0,0
03/14/2020,0,0,0,0,0,0,0,0,2,0,0,0,0,0,0,0,0,0,0,0,0,0,0,0,0,0,0,0,0,0,0,0,0,0,0,0,0,0,0,0,0,0,0,0,0,2,0,0,0,0,0,0,0,0,0,0,0,0,0,0,1,0,0,0,0,0,0,0,0,0,0,0,0,0,0,0,0,0,0,0,0,0,0,0,0,0,0,0,0,0,0,0,0,0,0,0,0,0,0,0,0,0,0,0,0,0,0,0,0,0,0,0,0,0,0,0,0,0
03/15/2020,0,0,0,0,0,0,0,0,2,0,0,0,0,0,0,0,0,0,0,0,0,0,0,0,0,0,0,0,0,0,0,0,0,0,0,0,0,0,0,0,0,0,0,0,0,2,0,0,0,0,0,0,0,0,0,0,0,0,0,0,1,0,0,0,0,0,0,0,0,0,0,0,0,0,0,0,0,0,0,0,0,0,0,0,0,0,0,0,0,0,0,0,0,0,0,0,0,0,0,0,0,0,0,0,0,0,0,0,0,0,0,0,0,0,0,0,0,0
03/16/2020,0,0,0,0,0,0,0,0,3,0,0,0,0,0,0,0,0,0,0,0,0,0,0,0,0,0,0,0,0,0,0,0,0,0,0,0,0,0,0,0,0,0,0,0,0,4,0,0,0,0,0,0,0,0,0,0,0,0,0,0,1,0,0,0,0,0,0,0,0,0,0,0,0,0,0,0,0,0,0,0,0,0,0,0,0,0,0,1,0,0,0,0,0,0,0,0,0,0,0,0,0,0,0,0,0,0,0,0,0,0,0,0,0,0,0,0,0,0
03/17/2020,0,0,0,0,0,0,0,0,4,0,0,0,0,0,0,0,0,0,0,0,0,0,0,0,0,0,0,0,0,0,0,0,0,0,0,0,0,0,0,0,0,0,0,0,0,5,0,0,0,0,0,0,0,0,0,0,0,0,0,0,1,0,0,0,0,0,0,0,0,0,0,0,0,0,0,0,0,0,0,0,0,0,1,0,0,0,0,2,1,0,0,0,0,0,2,0,0,0,0,0,0,0,0,0,0,0,0,0,0,0,0,0,0,0,0,0,0,0
03/18/2020,0,0,0,0,0,0,0,0,4,0,0,0,0,0,0,0,0,0,0,0,0,0,0,0,0,0,0,0,0,0,0,0,0,0,0,0,0,0,0,0,0,0,0,0,0,6,0,0,0,0,0,0,0,0,0,0,0,0,0,0,1,0,0,0,0,0,0,0,0,0,0,0,0,0,0,0,0,0,0,0,0,0,1,0,0,0,0,2,2,0,0,0,0,0,3,0,0,0,0,0,0,0,0,0,0,0,0,0,1,0,1,0,0,0,0,0,0,0
03/19/2020,0,0,0,0,0,0,0,0,6,0,0,0,0,0,0,0,0,0,0,0,0,0,0,0,0,0,0,0,0,0,0,0,0,0,0,0,0,0,0,0,0,0,0,0,0,10,0,0,0,0,0,0,0,0,0,0,0,0,0,0,1,0,0,0,0,0,0,0,0,0,0,0,0,0,0,0,0,0,0,0,0,0,3,0,0,0,0,4,2,0,0,0,0,0,3,0,0,0,0,0,0,0,0,0,0,0,0,0,1,0,5,0,0,0,0,0,0,0
03/20/2020,0,0,0,0,0,0,0,0,8,0,0,0,0,0,0,0,0,0,0,0,0,0,0,0,0,0,0,0,0,0,0,0,0,0,0,0,0,0,0,0,0,0,1,0,0,13,0,0,0,0,0,0,0,0,0,2,0,0,1,0,1,0,12,0,0,0,0,0,0,0,0,1,0,0,0,0,0,0,0,0,0,0,10,0,0,0,0,6,3,0,0,0,0,0,5,0,0,0,0,0,0,0,0,0,0,0,0,0,3,0,6,0,1,0,0,0,0,0
03/21/2020,0,0,0,0,0,0,0,0,10,0,0,0,0,0,0,0,0,0,0,0,0,0,0,0,1,0,0,0,0,0,0,1,0,0,0,0,0,0,0,0,0,0,1,0,0,22,0,0,0,0,0,0,0,0,0,2,0,0,1,0,1,0,13,0,0,0,0,0,0,0,0,1,0,0,0,0,0,0,0,0,0,0,11,0,0,0,0,6,3,0,0,0,0,0,5,1,0,0,0,0,0,0,0,0,0,0,0,0,3,0,10,0,1,0,0,0,0,0
03/22/2020,0,0,0,0,0,0,0,0,10,0,0,0,0,0,0,0,0,0,0,0,0,0,0,0,1,0,0,0,0,0,0,1,0,0,0,0,0,0,0,0,0,0,1,0,0,55,0,0,0,0,0,0,0,0,0,2,0,0,1,0,1,0,13,0,0,0,0,0,0,0,0,1,0,0,0,0,0,0,0,0,0,0,11,0,0,0,0,6,3,0,0,0,0,0,5,1,0,0,0,0,0,0,0,0,0,0,0,0,3,0,14,0,1,0,0,0,0,0
03/23/2020,0,0,0,3,0,0,0,0,17,0,0,0,0,0,0,0,0,0,0,0,0,0,2,0,1,0,0,1,0,0,0,1,0,0,0,0,0,0,0,0,0,0,1,0,1,68,0,0,0,0,0,0,0,0,0,2,0,0,1,0,1,0,18,1,0,0,0,0,0,0,0,1,0,0,0,0,0,0,0,0,0,0,17,0,1,1,0,6,5,0,0,0,0,0,10,1,0,0,0,0,0,1,1,0,0,0,0,0,4,0,15,0,1,0,0,1,0,0
03/24/2020,0,0,0,3,0,0,0,0,19,0,0,0,0,0,0,0,0,0,0,0,0,0,2,0,1,0,0,1,0,0,0,1,0,0,0,0,0,0,1,0,0,0,1,0,1,68,0,0,0,0,0,0,0,1,0,2,0,0,1,0,1,4,30,1,0,0,0,0,0,0,0,4,0,0,0,0,0,0,0,0,0,0,20,0,2,1,0,6,5,1,0,0,0,0,14,1,0,0,0,0,0,1,2,0,0,0,0,0,4,0,15,0,40,0,0,1,0,0
03/25/2020,0,0,0,5,0,0,0,0,23,0,0,0,0,0,0,1,0,0,0,1,0,0,2,0,1,0,0,1,1,0,0,2,0,0,0,0,0,0,1,0,1,0,1,0,2,129,0,0,0,0,0,0,0,3,0,2,0,0,1,0,1,5,51,2,0,1,0,0,0,1,0,4,0,0,0,1,0,0,0,0,0,0,20,0,2,1,0,8,6,3,0,0,0,0,17,2,0,0,0,0,0,2,2,0,2,0,0,0,18,0,53,0,4,0,0,1,0,0
03/26/2020,0,1,0,5,0,0,0,0,25,0,0,0,0,0,0,2,0,0,0,1,0,1,2,0,1,0,0,1,1,0,0,2,0,0,0,0,0,0,1,0,1,0,1,0,2,173,0,0,0,0,0,0,1,6,0,2,0,0,2,0,1,10,64,2,0,1,0,0,0,3,0,4,0,0,0,1,0,0,0,0,0,1,25,0,2,1,0,8,8,4,0,0,0,0,31,8,0,0,0,0,0,2,4,0,5,0,0,0,22,0,69,0,10,0,0,1,0,0
03/27/2020,2,1,1,9,0,0,0,0,31,0,0,0,2,0,0,3,0,0,0,1,0,1,2,0,1,0,0,1,1,0,0,2,0,0,0,0,0,0,1,0,1,0,1,0,4,247,0,0,0,0,1,0,1,6,0,3,0,0,3,0,1,15,78,4,0,1,0,0,0,3,0,4,0,1,0,1,0,0,0,0,1,1,37,0,3,1,0,8,10,4,0,0,0,0,41,8,0,0,0,0,0,2,6,1,5,0,0,0,32,0,72,0,2,0,0,1,0,1
03/28/2020,3,2,1,10,0,0,0,0,41,0,0,0,2,0,0,3,0,0,0,1,1,1,2,0,1,0,0,1,1,0,0,2,0,0,0,0,0,0,1,0,1,0,3,0,4,313,0,0,0,0,1,0,1,6,0,6,0,0,3,0,1,17,94,4,0,1,0,0,0,4,0,5,0,1,0,1,0,0,0,0,1,1,49,0,6,4,0,8,17,6,0,0,0,0,43,9,0,0,0,0,0,3,7,1,6,0,0,0,37,0,93,0,3,1,0,2,0,1
03/29/2020,3,2,1,11,0,0,0,0,41,0,0,0,2,0,0,3,0,0,0,1,2,2,2,0,2,0,0,1,1,0,0,2,0,0,0,0,0,0,1,0,1,0,3,0,4,336,0,0,0,0,3,0,1,6,0,7,0,0,3,0,1,17,102,4,0,1,0,0,0,4,0,5,0,1,0,1,0,0,0,0,1,1,50,0,8,7,0,8,17,7,0,0,0,0,48,9,0,0,0,0,0,4,7,1,6,0,0,0,43,0,97,0,6,2,0,2,0,1
03/30/2020,3,2,3,13,1,0,0,0,38,0,0,0,5,1,1,2,0,0,1,1,2,2,2,0,1,0,0,4,1,0,0,4,0,0,0,1,0,0,2,0,1,2,5,0,3,366,0,0,1,0,4,0,1,13,5,12,0,0,6,0,1,18,100,17,1,2,0,0,0,4,1,6,0,1,0,1,0,0,0,0,1,1,59,0,13,11,0,9,25,7,0,0,0,0,56,9,0,0,0,0,0,2,12,1,7,0,0,0,56,0,102,1,11,2,0,2,0,1
03/31/2020,5,4,4,16,1,0,0,0,49,0,0,0,7,1,1,2,0,0,1,1,2,3,2,0,1,0,0,4,2,0,0,4,0,0,0,1,0,0,2,0,2,2,6,0,5,492,0,0,2,0,4,0,1,15,3,11,0,0,5,0,1,30,119,19,3,2,0,0,0,5,1,7,0,1,0,1,2,0,0,0,1,2,64,0,14,12,0,14,23,13,0,1,0,0,77,10,0,0,0,0,0,2,14,1,9,0,0,0,95,0,136,1,1,5,0,2,0,1
04/01/2020,5,4,4,21,1,0,0,1,51,0,0,0,10,1,2,2,0,0,1,1,2,3,3,0,2,1,0,5,2,0,0,5,0,0,0,1,0,0,2,0,2,2,6,0,5,492,0,0,2,0,4,0,1,15,3,11,0,1,5,0,1,38,128,20,3,2,0,0,0,5,2,8,0,1,0,1,2,0,0,0,1,3,65,1,17,17,0,17,24,16,0,1,0,0,86,14,0,0,0,0,0,2,18,1,12,0,0,0,95,0,136,2,153,6,0,2,0,1
04/02/2020,5,4,4,23,1,0,0,1,54,0,0,0,12,1,2,2,1,0,1,1,2,6,6,0,2,1,0,6,2,0,0,5,0,0,0,1,0,0,3,0,2,2,6,0,9,712,0,0,2,0,6,0,1,15,3,12,0,1,6,0,1,47,139,20,3,2,0,0,0,6,2,8,0,1,0,1,3,0,0,0,1,3,69,1,18,19,0,21,25,19,0,2,0,1,103,26,0,0,0,0,0,2,19,1,13,0,0,0,105,0,216,2,2,7,0,2,0,1
04/03/2020,8,3,4,26,1,0,0,1,60,0,0,0,16,1,2,3,1,0,2,1,2,7,8,0,3,1,1,8,2,0,0,8,0,0,0,1,0,0,3,0,4,2,7,0,12,794,0,0,2,0,6,0,1,15,4,13,0,1,7,0,1,62,153,20,2,2,0,0,0,6,2,10,0,2,2,1,6,0,0,0,1,3,74,1,18,21,0,21,26,23,0,2,0,1,120,28,0,0,1,0,0,2,21,2,13,0,0,0,132,0,275,2,3,7,0,5,0,1
04/04/2020,8,3,4,32,2,0,0,2,62,0,0,0,16,1,2,4,1,0,2,1,2,7,10,0,3,2,1,7,2,0,0,8,0,0,0,1,1,0,3,0,7,2,7,0,14,864,0,0,3,0,6,0,1,16,4,16,0,1,7,0,1,69,172,26,2,2,0,0,0,6,2,10,0,3,2,1,6,0,0,0,1,3,75,1,18,20,0,22,28,24,0,2,0,1,135,29,0,0,1,0,0,2,22,2,14,0,0,0,143,0,287,2,9,7,0,5,0,1
04/05/2020,8,3,4,33,3,0,0,2,61,0,0,0,17,1,2,4,1,0,2,1,2,7,10,0,3,2,1,7,2,0,0,8,0,0,0,1,1,0,3,0,7,2,7,0,15,883,0,0,3,0,7,0,1,17,4,16,0,1,7,0,2,71,175,27,2,3,0,0,0,6,3,10,0,4,3,1,6,0,0,0,1,3,76,1,19,24,0,23,30,25,0,2,0,1,139,29,0,0,1,0,0,4,25,2,15,0,0,0,157,0,298,3,2,9,0,5,0,1
04/06/2020,11,3,4,37,3,0,0,2,66,0,0,0,18,1,2,5,2,0,2,1,2,7,10,0,3,2,1,8,2,0,0,9,0,0,0,1,2,0,3,1,7,2,10,0,17,1033,0,0,3,1,7,0,1,20,4,17,0,1,8,1,2,81,212,28,2,3,0,0,0,6,3,11,0,4,3,1,6,0,0,0,1,3,76,1,19,24,0,26,30,33,0,3,0,1,149,32,0,0,2,1,0,4,28,2,17,0,0,0,188,0,357,3,3,9,0,7,0,1
04/07/2020,14,3,4,37,3,0,0,2,67,0,0,0,21,1,2,5,5,1,2,1,2,8,11,0,3,5,1,8,2,0,0,9,0,0,0,1,2,0,3,1,7,2,10,0,19,1203,0,0,3,1,7,0,2,20,7,17,1,1,8,1,2,92,219,28,2,3,0,0,0,6,4,12,0,7,5,1,6,0,0,0,1,3,77,1,19,24,0,25,32,35,0,4,1,4,154,33,0,0,3,1,0,4,28,3,17,1,0,1,221,0,399,3,4,11,0,7,0,1
04/08/2020,16,3,4,37,5,0,0,2,71,0,0,0,25,1,2,5,5,1,4,1,2,8,11,0,4,6,1,11,2,0,0,10,0,0,0,1,2,0,4,1,7,2,11,0,20,1302,0,1,3,1,7,0,2,23,8,17,1,2,9,1,2,95,249,27,2,3,0,0,0,6,4,12,0,7,7,1,6,0,0,0,1,3,78,1,20,25,0,26,35,56,0,4,1,4,167,35,0,0,3,1,0,4,30,3,19,1,0,1,254,0,444,3,3,13,0,7,0,2
04/09/2020,17,3,4,38,4,0,0,2,72,0,0,0,25,1,2,6,6,1,5,1,2,9,11,0,4,6,1,9,3,0,0,11,0,0,0,1,2,0,4,1,7,2,13,0,20,1393,0,1,3,1,7,0,3,24,5,17,2,3,10,1,2,98,257,26,2,4,0,0,0,7,4,11,0,7,11,1,6,0,1,0,1,3,78,1,20,26,0,27,35,62,0,4,1,4,177,36,0,0,3,1,0,3,31,3,21,1,0,1,274,2,498,4,2,12,0,7,0,1
04/10/2020,20,3,4,40,4,0,0,2,71,0,0,0,25,1,2,6,6,1,5,1,3,9,11,0,6,10,1,10,3,0,0,13,0,0,0,1,2,0,4,1,8,2,13,0,20,1498,0,1,3,1,7,0,3,26,5,17,2,3,12,1,2,107,283,28,2,3,0,0,0,7,4,10,0,7,18,1,6,0,3,0,1,3,77,1,21,26,0,27,35,68,0,6,1,4,193,36,0,0,3,1,0,3,31,4,23,1,0,2,298,2,536,3,5,11,0,7,0,2
04/11/2020,20,3,4,46,4,0,0,2,71,0,1,0,26,1,2,6,6,1,6,1,3,9,11,0,6,13,1,11,4,0,0,13,0,0,0,1,2,0,4,1,8,2,14,0,21,1568,0,1,4,1,7,0,3,28,5,17,2,3,13,1,4,115,298,27,2,3,0,0,0,8,4,10,0,7,22,1,6,0,3,1,1,3,79,1,20,26,0,32,36,75,0,6,1,4,208,37,0,0,3,1,0,3,34,3,25,1,0,3,320,2,585,3,4,11,0,7,0,2
04/12/2020,20,3,4,48,4,0,0,2,71,0,1,0,26,1,2,6,8,1,6,1,3,9,11,0,6,13,1,11,4,0,0,13,0,0,0,1,2,0,4,1,8,2,15,0,23,1633,0,1,4,1,7,0,3,28,5,17,2,3,14,1,4,115,308,27,2,3,0,0,0,8,4,10,0,7,22,1,7,0,3,1,1,3,80,1,20,26,0,32,36,81,0,6,1,4,213,37,0,0,3,1,0,3,35,3,25,1,0,3,328,2,614,3,5,12,0,7,0,2
04/13/2020,22,3,4,51,4,0,0,2,71,0,1,0,26,1,2,6,8,1,6,1,3,11,11,0,6,16,1,11,4,0,0,21,0,0,0,1,2,0,8,1,8,2,24,0,23,1724,0,1,4,1,8,0,3,30,5,17,2,3,16,1,4,129,329,27,2,4,0,0,0,8,4,10,0,7,23,1,7,0,3,1,1,3,82,1,20,26,0,36,37,84,0,6,2,4,223,39,0,0,4,1,0,3,36,3,25,1,0,3,346,2,639,3,1,12,0,8,0,2
04/14/2020,22,3,4,51,5,0,0,2,73,0,1,0,27,2,2,6,8,1,6,1,3,12,11,0,6,16,1,11,4,0,0,21,0,0,0,1,3,0,8,1,8,2,25,0,22,1851,0,1,5,1,9,0,3,30,5,19,2,3,16,1,5,138,346,28,2,4,0,0,0,9,4,12,0,7,35,1,7,0,3,1,2,3,87,1,20,26,0,44,38,84,0,6,2,4,237,40,0,0,5,1,0,4,38,3,26,1,0,3,368,2,695,3,1,16,0,7,0,2
04/15/2020,26,3,4,52,5,0,1,2,78,0,1,0,28,2,2,6,8,1,6,1,3,13,12,0,6,17,1,11,4,0,1,22,0,0,0,1,3,0,11,1,8,2,26,0,22,1938,0,2,5,1,9,0,3,31,5,18,2,3,18,1,5,147,371,29,2,4,0,1,0,9,4,18,0,7,44,1,7,0,3,1,2,3,90,2,20,28,0,44,41,83,0,6,2,4,243,41,0,0,5,1,0,6,38,4,26,1,0,3,392,2,700,3,1,16,0,8,0,2
04/16/2020,26,3,4,52,5,0,2,2,81,0,1,0,29,2,2,6,8,1,6,1,3,13,12,0,6,21,1,11,4,0,1,22,0,0,0,2,3,0,11,1,8,2,41,0,23,2026,0,3,5,1,9,0,3,33,5,17,2,3,18,1,6,155,386,29,2,4,0,1,0,9,4,18,0,7,49,1,7,0,4,1,2,3,92,2,20,31,0,47,41,89,0,6,2,5,260,45,0,0,5,1,0,12,38,8,27,1,0,4,405,2,706,3,2,16,0,8,0,3
04/17/2020,28,3,4,55,6,0,2,2,83,0,1,0,30,2,2,7,8,1,6,1,3,15,12,0,6,22,1,11,4,0,1,22,0,0,0,2,3,0,11,1,8,2,42,0,24,2088,0,4,6,1,9,0,3,35,5,17,2,3,18,1,6,179,401,29,2,4,0,1,0,9,4,23,0,7,51,1,7,0,4,1,2,3,93,2,21,32,0,50,42,91,0,6,2,5,267,48,0,0,5,1,0,15,39,10,27,1,0,4,417,2,711,3,4,17,0,8,0,3
04/18/2020,30,3,4,56,5,0,2,2,84,0,1,0,31,2,2,7,8,1,6,1,4,16,12,0,6,23,1,11,4,0,1,22,0,1,0,2,3,0,12,1,8,2,49,0,23,2163,0,4,8,1,9,0,3,36,5,17,2,3,19,1,6,183,412,29,2,4,0,1,0,9,4,26,0,7,51,1,7,0,4,1,2,3,93,2,20,32,0,52,44,95,0,6,2,5,268,48,0,0,5,1,1,19,39,13,27,1,0,4,426,2,808,3,2,18,0,9,0,3
04/19/2020,31,3,4,57,5,0,2,2,84,0,2,0,31,2,1,7,9,1,6,1,3,18,12,1,6,23,1,11,4,0,1,22,0,1,0,2,3,0,13,1,8,2,51,0,23,2214,0,4,8,1,9,0,3,36,5,17,2,3,19,1,6,214,418,30,2,4,0,1,0,9,4,31,0,7,54,1,7,0,4,1,2,3,93,2,21,32,0,53,46,98,0,6,2,5,268,48,0,0,5,1,1,26,39,13,27,1,0,4,435,2,831,3,1,18,0,9,0,3
04/20/2020,32,3,4,59,5,0,2,2,85,0,2,0,33,2,1,7,9,1,6,1,3,18,12,1,6,24,1,11,4,0,1,22,0,1,0,2,3,0,13,1,8,2,50,0,23,2289,0,5,10,1,9,0,3,36,5,18,2,3,19,1,6,222,420,30,2,4,0,1,0,9,4,31,0,7,54,1,7,0,4,1,2,3,94,2,21,33,0,53,46,99,0,6,2,5,271,50,0,0,5,1,3,21,38,13,27,1,0,4,447,2,859,3,1,18,0,9,0,4
04/21/2020,33,3,4,61,5,0,2,2,84,0,2,0,34,2,2,7,9,1,6,1,3,19,12,1,6,24,1,11,5,0,1,22,0,1,0,2,3,0,13,1,8,2,52,0,24,2333,0,6,10,1,9,0,3,37,5,18,2,3,18,1,6,230,438,30,2,4,0,1,0,10,5,30,0,7,54,1,7,0,3,1,2,3,96,2,21,35,0,54,46,102,0,6,2,5,279,52,0,0,5,1,3,25,38,14,27,1,0,4,458,2,877,3,0,20,0,9,0,5
04/22/2020,35,3,4,61,5,0,2,2,83,0,2,0,37,2,2,7,9,1,6,1,4,19,12,1,6,24,1,11,5,0,1,22,0,1,0,3,3,0,17,1,8,2,59,0,24,2436,0,6,13,1,9,0,3,40,5,18,2,3,19,1,6,238,448,30,2,4,0,1,1,9,5,30,0,7,55,1,7,0,4,1,2,3,97,2,21,35,1,55,45,102,0,6,2,5,288,52,0,0,5,1,4,32,38,16,27,1,0,4,467,2,893,3,3,20,0,9,0,5
04/23/2020,43,3,4,62,6,0,2,2,82,0,2,0,35,2,2,7,9,1,6,1,4,19,12,1,6,26,1,11,5,0,1,22,0,6,0,3,3,0,18,1,8,2,59,0,25,2507,0,7,13,1,9,0,3,42,5,18,2,3,19,1,6,240,461,33,2,5,0,1,3,10,5,30,0,10,81,1,7,0,4,1,2,4,98,2,21,35,1,55,47,103,0,6,2,5,296,52,0,0,5,1,4,33,38,19,28,1,0,4,476,2,909,3,2,20,0,10,0,5
04/24/2020,48,3,5,63,7,0,2,2,84,0,2,0,36,2,2,7,9,1,6,1,4,19,12,1,6,25,1,11,7,0,1,22,0,6,0,3,3,0,17,1,8,2,59,0,25,2625,0,8,13,1,9,0,4,43,5,18,2,3,19,1,6,251,472,32,2,4,0,1,3,10,5,33,0,10,139,1,7,0,4,1,2,4,99,2,21,35,3,55,49,106,0,6,2,5,300,53,0,0,5,1,4,35,39,25,30,1,0,4,502,2,950,3,2,20,0,10,0,5
04/25/2020,48,3,5,65,7,0,2,2,83,0,2,0,43,2,2,7,9,1,7,1,5,19,12,1,6,25,1,11,7,0,1,22,0,6,0,3,3,0,17,1,8,2,60,0,26,2718,0,8,13,1,9,0,4,43,5,18,2,3,19,1,6,251,486,33,2,4,0,1,23,10,5,33,0,10,143,1,7,0,4,1,2,4,98,2,21,35,3,58,50,106,0,6,2,5,303,53,0,0,5,1,4,36,39,25,31,1,0,4,513,2,985,3,2,22,0,10,0,6
04/26/2020,57,3,5,67,7,0,2,2,83,0,2,0,43,2,2,7,9,1,8,1,5,19,12,1,6,26,1,11,7,0,1,23,0,6,0,3,3,0,17,2,8,2,61,0,28,2794,0,8,13,1,9,0,4,47,5,18,2,3,20,1,8,250,493,35,2,4,0,1,23,10,5,33,0,11,159,1,7,0,4,1,2,4,98,2,21,35,3,58,50,106,0,6,2,5,307,53,0,0,5,1,5,39,41,27,31,1,0,4,526,2,1007,3,0,22,0,10,0,6
04/27/2020,63,3,5,68,7,0,2,2,83,0,2,0,45,2,2,7,9,1,9,1,5,19,12,1,6,26,1,11,7,0,1,23,0,6,0,3,3,0,19,2,8,2,61,0,28,2897,0,8,13,1,9,0,4,48,5,19,2,3,20,1,8,249,500,35,2,4,0,1,23,10,5,33,0,11,168,1,7,0,4,2,2,4,98,3,21,35,2,58,50,106,0,6,2,5,309,54,0,0,5,1,5,40,41,27,31,1,0,4,543,2,1027,3,0,22,0,10,0,6
04/28/2020,68,3,5,69,7,0,2,2,82,0,2,0,46,2,2,7,9,1,9,1,5,19,12,1,6,26,1,11,7,0,1,23,0,6,0,3,3,0,21,2,8,2,62,0,27,2958,0,8,13,1,9,0,4,48,5,19,2,3,20,1,6,255,511,34,2,4,0,1,23,10,5,33,0,12,170,1,7,0,4,2,2,4,99,3,22,35,2,61,50,110,0,6,2,5,309,54,0,0,5,1,4,40,41,31,31,1,0,4,555,2,1054,3,0,20,0,11,0,5
04/29/2020,76,3,5,69,7,0,2,2,83,0,2,0,46,2,2,7,9,1,10,1,5,19,12,1,6,25,1,11,7,0,1,23,0,6,0,3,3,0,25,2,8,2,63,0,27,3008,0,8,15,1,10,0,4,49,5,19,2,3,20,1,6,256,520,36,2,4,0,1,23,10,5,34,0,11,182,1,7,0,4,2,2,4,99,3,21,35,2,62,50,110,0,6,2,5,313,54,0,0,5,1,4,40,43,34,32,1,0,4,560,2,1067,3,0,20,0,11,0,5
04/30/2020,87,3,5,70,8,0,2,2,85,0,2,0,46,2,2,7,9,1,11,1,5,19,12,1,6,25,1,11,7,0,1,24,0,6,0,3,3,0,28,2,8,2,64,0,27,3049,0,8,15,1,9,0,4,49,5,19,2,3,20,1,7,260,545,37,2,4,0,1,29,10,5,34,0,11,184,1,7,0,4,2,2,8,100,3,21,35,2,62,51,114,0,6,2,5,323,54,0,0,5,1,4,40,43,35,32,1,0,4,566,2,1077,3,0,20,0,11,0,5
05/01/2020,141,3,5,77,8,0,2,3,86,0,2,0,46,2,2,7,9,1,11,1,5,20,12,1,6,25,1,11,9,0,1,24,0,6,0,4,3,0,32,2,8,2,70,0,27,3151,0,8,15,1,9,0,4,49,5,19,2,3,21,1,7,261,578,38,2,4,0,1,29,10,5,36,0,11,190,1,8,0,4,3,2,8,102,3,22,35,2,63,51,114,0,6,2,5,329,55,0,0,5,1,4,41,43,36,32,1,0,4,577,2,1105,3,0,20,0,11,0,5
05/02/2020,185,3,5,77,8,0,3,2,89,0,2,0,48,2,2,7,10,2,11,1,5,20,12,1,6,26,1,11,9,0,1,24,0,6,0,5,4,0,32,2,8,2,76,0,27,3244,0,8,15,1,9,0,4,49,5,19,2,3,22,1,7,265,597,39,2,4,0,2,29,10,5,36,0,11,193,1,8,0,4,3,2,8,102,3,23,35,2,64,53,119,0,6,2,5,339,57,0,0,5,1,4,41,43,41,34,1,0,4,596,2,1186,3,3,20,0,12,0,5
05/03/2020,229,3,5,77,8,0,3,2,90,0,2,0,48,2,2,7,10,2,11,1,5,20,12,1,6,26,1,11,9,0,1,24,1,6,0,5,4,0,32,2,8,2,76,0,27,3325,1,8,15,1,9,0,4,49,5,19,2,3,23,1,7,271,609,42,2,4,0,2,29,10,5,36,0,11,199,1,7,0,4,5,2,8,102,3,23,35,2,64,54,122,0,6,2,5,342,59,0,0,5,1,4,42,43,43,33,1,0,4,612,2,1304,3,0,21,0,12,0,5
05/04/2020,341,3,5,81,8,0,3,2,91,0,2,0,51,2,2,7,11,2,11,1,5,21,12,1,6,26,1,11,9,0,1,24,1,6,0,5,4,0,40,2,8,2,76,0,27,3419,2,9,15,1,9,0,4,49,5,19,2,3,23,1,7,279,659,45,2,4,0,2,29,10,5,36,0,11,204,1,9,0,4,6,2,8,97,3,23,35,2,64,54,125,0,6,2,5,351,59,0,0,5,1,4,42,43,48,35,1,0,4,624,2,1304,3,0,22,0,12,0,5
05/05/2020,369,3,5,86,8,0,3,2,91,0,2,0,49,3,2,7,11,2,11,1,5,22,12,1,6,26,1,11,9,0,1,24,1,6,0,5,4,0,46,3,8,2,75,0,27,3467,1,9,15,1,10,0,4,49,5,19,2,3,24,1,8,278,683,47,2,4,0,2,29,11,5,36,0,11,205,1,9,0,4,6,2,8,97,3,23,35,2,65,52,127,0,6,2,5,357,60,0,0,5,2,4,42,43,53,36,1,0,4,626,2,1315,3,0,21,0,12,0,5
05/06/2020,386,3,5,88,8,0,3,2,90,0,2,0,51,4,2,7,11,2,12,1,5,24,12,1,6,26,1,13,9,0,1,24,1,6,0,6,5,0,48,2,8,2,76,0,27,3539,1,9,15,1,10,0,4,49,7,19,2,3,23,1,8,286,706,50,2,4,0,2,32,11,5,36,0,11,208,1,9,0,5,6,2,8,98,3,23,35,2,66,53,132,0,6,2,5,362,60,0,0,5,2,5,42,44,55,36,1,0,4,639,2,1384,3,0,23,0,12,0,5
05/07/2020,404,3,6,91,8,0,3,2,91,0,2,0,51,3,2,7,11,2,12,1,5,24,12,1,6,26,1,13,9,0,1,24,2,6,0,6,5,0,55,2,8,2,77,0,27,3621,1,9,15,1,10,0,4,49,9,20,2,3,23,1,8,289,723,58,3,4,0,3,33,11,5,36,0,12,208,1,8,0,4,5,2,8,97,3,23,35,3,67,55,137,0,6,3,5,373,62,0,0,5,2,5,43,44,56,38,1,0,4,646,2,1450,3,0,23,0,12,0,6
05/08/2020,409,3,5,96,8,0,3,2,93,0,2,0,54,3,2,7,11,2,13,1,5,24,12,1,6,26,1,14,9,0,1,24,7,6,0,7,5,0,57,2,8,2,78,0,29,3667,1,9,16,1,10,0,4,49,9,20,2,4,24,1,9,289,739,59,2,4,0,3,49,13,5,36,0,12,214,1,8,0,4,6,2,8,98,3,23,35,3,69,54,129,0,6,3,5,380,62,0,0,5,2,5,43,45,57,39,1,0,4,663,2,1474,3,0,24,0,12,0,6
05/09/2020,432,3,5,96,8,0,3,2,94,0,2,0,75,3,2,7,12,2,12,1,5,29,12,1,6,26,1,14,9,0,1,26,7,6,0,7,5,0,57,2,8,2,79,0,29,3727,1,9,16,1,10,0,4,49,9,20,2,3,24,1,9,292,752,59,2,4,0,3,47,13,5,36,0,12,215,1,8,0,4,7,2,8,98,3,23,35,3,69,54,128,0,6,3,5,390,62,0,1,5,3,5,44,45,64,41,1,0,4,668,2,1484,3,0,24,0,12,0,6
05/10/2020,442,3,5,96,8,0,3,2,93,0,2,0,76,3,2,7,12,2,12,1,5,29,12,2,6,27,1,14,9,0,1,26,7,6,0,7,5,0,63,2,8,2,80,0,30,3804,1,9,16,1,10,0,4,51,9,20,2,3,24,1,9,292,767,62,2,4,0,3,47,13,5,36,0,12,219,1,8,0,4,8,2,8,100,3,23,36,3,70,56,128,0,6,3,5,398,63,0,2,5,3,5,44,45,64,41,1,0,4,670,2,1513,3,0,24,0,12,0,6
05/11/2020,447,3,5,101,8,0,3,2,103,0,2,0,77,3,2,7,12,2,12,1,5,29,12,2,6,27,1,14,9,0,1,26,7,6,0,7,5,0,65,2,8,2,80,0,30,3828,1,9,16,1,10,0,4,51,9,20,2,3,24,1,9,309,783,62,2,5,0,3,47,13,5,36,0,12,219,1,8,0,4,8,2,8,100,3,23,36,3,70,55,130,0,6,3,5,401,63,0,2,5,3,5,44,45,67,45,1,0,4,684,2,1526,3,0,24,0,12,0,6
05/12/2020,464,3,5,102,8,0,3,2,103,0,2,0,76,3,2,7,13,2,12,2,5,29,12,2,6,27,1,14,9,0,1,27,7,6,0,7,5,0,65,2,8,2,82,0,30,3868,2,9,16,1,10,0,4,50,9,21,2,4,24,1,9,310,791,62,2,5,0,4,47,13,5,36,0,12,219,1,8,0,4,8,2,8,100,3,23,36,4,70,55,131,0,6,2,5,402,65,0,3,5,3,5,44,45,68,45,1,0,4,680,2,1549,3,0,24,0,12,0,6
05/13/2020,476,3,6,106,8,0,3,2,104,0,2,0,76,3,2,7,13,2,13,2,5,30,12,2,6,27,1,14,9,0,1,27,7,6,0,7,5,0,67,2,8,2,83,0,30,4022,3,9,16,1,10,0,4,51,9,21,2,4,24,1,9,314,808,65,2,5,0,4,47,14,5,36,0,12,224,1,8,0,4,11,2,8,100,3,23,36,4,70,55,133,0,7,2,5,402,65,0,3,5,3,5,44,46,69,50,1,0,4,681,2,1571,3,0,24,0,12,0,6
05/14/2020,496,3,6,111,8,0,3,2,105,0,2,0,76,3,2,7,13,2,14,2,6,30,15,2,6,27,1,14,9,0,1,27,7,6,0,7,5,0,67,2,8,2,84,0,30,4022,9,9,16,1,10,0,4,51,9,21,2,4,24,2,9,316,838,67,2,6,0,4,47,14,5,36,0,12,224,1,8,0,4,11,2,9,100,3,23,36,4,73,55,134,0,7,2,5,407,69,0,3,5,3,5,44,46,70,50,1,0,4,688,2,1596,3,0,24,0,12,0,6
05/15/2020,502,3,6,113,8,0,3,2,105,0,2,0,77,3,2,7,13,2,13,2,6,34,17,2,6,27,1,14,9,0,1,27,7,7,0,7,5,0,68,2,8,2,85,0,30,4025,13,9,16,2,10,0,4,51,9,21,2,4,24,2,9,318,848,68,2,7,0,4,47,15,5,36,0,12,225,1,8,0,4,14,2,9,100,3,23,36,7,73,55,134,0,7,2,5,425,71,0,3,5,3,5,44,46,69,54,1,0,4,688,2,1602,3,0,24,0,12,1,6
05/16/2020,506,3,6,116,8,0,3,2,105,0,2,0,78,3,2,7,14,2,13,2,6,51,23,2,7,28,1,14,9,0,1,27,7,7,0,8,5,0,68,2,8,2,86,0,30,4106,34,9,16,2,10,0,4,54,9,21,2,4,25,2,9,326,863,68,2,7,0,4,47,15,5,36,0,13,241,1,8,0,5,14,2,8,100,3,23,36,7,74,55,134,0,7,2,5,432,71,0,3,5,3,5,44,46,69,53,2,1,4,695,2,1631,3,0,24,0,12,1,6
05/17/2020,505,3,6,114,9,0,3,2,105,0,2,0,78,3,2,7,14,2,13,2,6,51,26,2,7,28,1,17,9,0,1,27,7,7,0,8,5,0,68,2,8,2,87,0,30,4287,36,9,16,2,10,0,4,53,9,21,2,4,25,3,9,328,895,67,2,7,0,4,47,15,5,36,0,13,246,1,8,0,5,15,2,8,104,3,23,36,7,74,55,134,0,7,2,5,446,71,0,3,5,3,5,44,46,69,53,2,1,4,701,2,1654,3,0,25,0,12,1,6
05/18/2020,520,3,6,120,9,0,3,2,111,0,2,0,78,3,2,7,14,2,14,2,7,53,29,2,7,30,1,17,9,0,1,27,7,7,0,8,5,0,68,2,8,2,87,0,30,4324,36,9,17,3,10,0,4,54,9,21,2,4,26,3,9,330,901,68,2,13,0,4,48,18,5,36,0,14,249,1,8,0,5,17,2,9,105,4,23,36,7,75,56,135,0,7,2,5,454,72,0,3,5,3,5,44,47,69,58,2,1,4,705,2,1682,4,0,25,0,12,1,6
05/19/2020,543,4,6,123,8,0,3,2,111,0,2,0,78,3,2,7,14,2,14,2,7,58,29,6,7,32,1,17,9,0,1,27,8,7,0,8,6,0,70,3,8,2,86,0,30,4374,37,9,17,3,11,0,4,54,9,21,3,4,26,3,9,331,903,68,2,14,0,4,49,18,5,36,0,14,253,1,8,0,5,19,2,9,106,4,23,36,7,75,55,135,0,8,3,5,457,72,0,3,5,3,5,44,47,69,61,2,1,4,712,3,1705,4,0,25,0,12,1,6
05/20/2020,562,4,6,125,8,0,3,2,111,0,2,0,78,3,2,7,14,2,14,2,7,61,34,18,7,34,1,18,9,0,1,27,7,7,0,7,8,0,70,3,8,2,88,0,30,4410,37,9,17,3,11,0,4,55,9,21,2,5,26,4,9,331,924,69,2,14,0,4,49,18,5,36,0,14,256,1,8,0,6,20,3,9,106,5,23,36,7,77,55,136,0,8,3,5,465,72,0,3,5,3,5,44,47,69,64,2,1,4,715,2,1717,4,0,25,0,12,1,6
05/21/2020,587,4,6,127,8,0,3,2,111,0,2,0,78,3,2,7,14,2,14,2,7,64,34,21,7,28,1,16,9,0,1,28,7,7,0,8,8,0,70,3,8,2,89,0,30,4472,38,10,17,3,11,0,5,56,9,21,2,5,25,4,9,333,939,69,2,14,0,4,50,18,5,36,0,14,256,1,8,0,7,20,3,10,107,5,23,36,7,77,55,137,0,7,3,5,469,72,0,3,5,3,5,44,48,69,65,2,1,4,714,2,1744,4,0,25,0,12,1,7
05/22/2020,599,4,6,133,8,0,4,2,112,0,2,0,78,3,2,7,15,2,14,2,7,67,38,27,7,28,1,16,9,0,1,29,7,7,0,8,8,0,72,4,8,2,91,0,31,4472,39,10,17,3,11,0,6,57,9,21,2,5,25,6,9,334,967,69,2,15,0,4,53,18,5,36,0,15,260,1,8,0,7,20,3,10,111,5,23,36,7,77,58,137,0,8,3,5,485,71,0,3,5,3,5,44,48,69,66,2,1,4,726,2,1763,4,0,25,0,12,1,8
05/23/2020,609,4,5,141,8,0,4,2,113,0,2,0,79,3,2,8,17,2,14,2,7,70,38,34,7,28,1,17,9,0,1,29,7,7,0,8,8,0,72,4,8,2,91,0,31,4472,44,10,17,3,11,0,6,58,9,22,2,5,28,6,9,337,991,69,2,15,0,4,54,18,5,36,0,15,263,1,8,0,7,20,3,10,113,5,24,36,7,77,59,137,2,8,3,5,495,72,0,3,5,3,5,45,49,69,66,3,2,4,730,2,1789,4,0,25,0,12,1,8
05/24/2020,617,5,5,149,8,0,4,2,116,0,2,0,79,3,2,8,17,2,14,2,7,70,41,56,7,28,1,18,9,0,1,30,7,7,0,8,12,0,72,4,9,2,93,0,31,4479,49,10,17,4,11,0,6,59,9,22,2,5,28,17,10,337,1024,69,2,17,0,4,53,18,5,36,0,16,265,1,8,0,7,23,3,10,116,5,24,38,7,79,59,138,2,8,3,5,517,72,0,3,6,3,5,45,49,69,68,2,2,4,741,2,1815,4,0,26,0,13,1,9
05/25/2020,628,5,5,148,8,0,4,2,119,0,2,0,80,3,2,8,17,2,14,2,7,74,44,60,7,28,1,18,9,0,1,30,7,7,0,9,12,0,72,4,9,2,93,0,31,4544,53,10,17,4,11,0,6,62,9,22,2,5,30,17,10,337,1050,70,2,17,0,4,53,18,5,36,0,16,267,1,8,0,7,24,3,10,122,5,26,38,7,80,60,140,2,8,3,5,520,73,0,3,6,3,5,45,49,69,68,2,2,4,743,2,1849,4,0,26,0,13,1,9
05/26/2020,640,5,5,152,8,0,4,2,120,0,2,0,81,3,2,8,17,2,15,3,7,74,46,61,7,28,1,18,9,0,1,30,7,7,0,9,12,0,76,4,9,2,94,0,32,4583,53,10,17,4,11,0,6,64,9,22,2,6,30,19,10,344,1071,71,2,17,0,4,53,18,5,36,0,18,267,1,9,0,9,24,3,10,123,5,26,37,7,82,60,139,2,9,3,5,528,73,0,3,6,3,5,45,49,70,68,2,2,4,748,2,1867,4,0,26,0,13,1,9
05/27/2020,662,5,6,158,8,0,4,2,120,0,2,0,81,3,2,8,17,2,16,3,7,74,45,68,7,28,1,18,9,0,1,30,7,7,2,9,9,0,76,4,9,2,94,1,32,4656,53,10,17,4,11,0,6,68,9,22,2,6,31,21,10,345,1086,72,2,18,0,4,54,18,5,36,0,19,267,1,9,0,9,30,3,10,130,5,26,37,7,83,60,140,2,8,3,5,540,73,0,3,6,3,5,45,50,71,68,2,1,4,755,2,1884,4,0,26,0,13,1,9
05/28/2020,677,5,6,162,8,0,4,2,124,0,2,0,81,3,2,9,19,2,17,3,7,76,49,71,7,29,1,18,9,0,1,30,7,7,2,9,9,0,76,4,9,2,98,1,33,4704,54,10,17,4,11,0,6,70,9,22,3,6,32,25,10,348,1105,73,3,19,0,4,55,18,5,36,0,19,267,1,9,0,9,30,3,10,137,5,27,37,8,85,60,140,2,9,3,6,554,74,0,3,6,3,5,46,50,77,69,2,1,4,763,2,1906,4,0,26,0,13,1,9
05/29/2020,687,5,6,169,8,0,4,2,136,0,2,0,81,3,2,9,20,2,17,3,7,78,50,73,7,32,1,18,9,0,1,32,7,7,2,9,9,0,76,4,9,2,100,2,34,4730,55,11,17,4,11,0,6,73,9,22,3,6,33,26,11,349,1117,73,4,20,0,4,56,18,5,36,0,19,267,1,11,1,9,30,3,10,144,5,27,37,8,86,60,139,2,9,3,6,560,76,0,3,6,3,5,46,55,77,70,2,1,4,768,2,1916,4,0,27,0,13,1,9
05/30/2020,690,5,6,171,8,0,4,2,148,0,2,0,81,3,2,9,21,2,19,3,7,79,51,79,7,32,1,18,9,0,1,32,7,7,2,9,13,0,78,4,10,2,108,2,35,4773,57,11,17,4,11,0,6,73,9,23,3,6,38,26,12,349,1149,73,4,20,0,4,55,18,5,36,0,19,267,1,12,1,9,30,3,11,143,5,29,37,8,89,60,139,2,9,3,7,570,76,0,3,9,3,5,46,57,77,70,2,1,4,775,2,1930,4,0,26,0,13,1,9
05/31/2020,692,5,6,173,8,0,4,2,151,0,2,0,82,3,2,9,21,2,22,5,7,81,55,82,7,33,1,18,9,1,2,32,7,7,2,9,13,0,83,4,10,2,110,2,35,4802,59,11,17,4,11,0,6,73,9,23,3,6,38,31,12,349,1182,74,4,20,1,4,58,20,5,36,0,19,267,1,12,1,9,30,3,11,152,5,29,37,8,90,60,139,3,9,3,7,596,76,0,4,9,3,5,47,57,77,70,2,1,5,780,2,1955,4,0,27,0,13,1,9
06/01/2020,709,5,6,179,8,0,4,2,175,0,3,0,84,3,2,9,21,2,22,5,7,84,60,85,9,34,1,18,9,1,2,32,7,7,2,9,14,0,87,4,10,2,108,3,35,4834,60,12,18,4,11,0,6,74,9,24,3,6,45,35,12,363,1219,74,4,22,1,4,58,21,5,36,0,19,268,1,11,1,9,30,3,11,153,6,29,37,8,93,61,141,3,9,3,7,613,76,0,5,9,3,5,47,61,77,70,2,1,6,787,2,1974,4,0,26,0,13,1,9
06/02/2020,719,5,6,184,8,0,4,2,181,0,2,0,85,3,2,9,21,2,25,5,8,87,60,90,10,35,1,18,9,2,2,35,7,7,2,9,13,0,88,4,10,2,109,3,36,4886,61,12,18,4,11,0,6,76,9,24,3,6,45,41,11,390,1315,75,5,22,1,4,59,22,5,36,0,19,268,1,11,1,10,30,3,11,154,6,30,37,8,96,60,142,3,9,3,9,637,76,0,7,9,3,5,48,63,77,73,3,1,6,799,2,1990,5,0,27,0,13,1,9
06/03/2020,725,5,6,189,8,0,4,2,186,0,2,0,84,3,2,9,21,2,27,5,10,94,60,97,10,35,1,18,9,2,1,36,7,7,2,9,14,0,89,5,10,2,113,5,36,4913,61,12,18,4,11,0,7,76,9,27,3,6,44,41,11,395,1366,76,6,22,1,4,59,24,5,39,0,22,268,1,12,1,10,31,3,11,156,6,30,37,8,97,60,143,4,9,3,9,656,77,0,7,10,3,5,48,64,78,75,3,1,8,809,2,2006,5,0,27,0,13,1,9
06/04/2020,736,5,6,192,8,0,4,2,188,0,2,0,85,3,2,10,21,2,27,5,10,99,62,102,12,35,1,20,9,2,1,39,7,7,2,9,14,0,90,5,10,2,117,5,38,4955,63,12,18,4,11,0,7,77,9,29,4,6,44,43,11,396,1437,80,6,22,3,4,61,24,5,39,0,23,268,1,12,1,10,31,3,12,163,6,32,37,9,100,60,149,3,9,3,10,676,77,0,7,10,3,5,49,65,78,77,4,1,8,821,2,2034,10,0,28,0,13,1,9
06/05/2020,741,5,6,228,8,0,5,2,191,0,2,0,86,4,2,10,21,2,28,5,11,105,67,108,12,37,1,19,9,2,1,40,7,7,2,9,14,0,90,5,10,2,119,5,38,5005,63,12,18,4,11,0,7,83,9,29,4,6,48,46,12,398,1468,80,6,23,4,4,61,26,5,39,0,23,268,1,12,1,10,32,3,12,173,7,32,37,9,99,57,149,3,9,3,11,686,77,0,7,10,3,5,49,69,78,78,4,1,9,835,2,2053,9,0,29,0,13,1,9
06/06/2020,744,5,6,228,8,0,4,2,194,0,2,0,86,5,2,11,21,2,28,5,11,106,68,111,12,37,1,19,9,2,1,45,7,7,3,9,14,0,91,5,10,2,121,5,39,5029,65,13,18,4,13,0,7,85,9,28,4,7,48,52,12,398,1501,81,6,25,4,4,61,32,5,40,0,23,268,1,12,1,10,33,3,13,178,8,32,37,9,102,57,150,4,9,3,12,696,77,0,7,10,3,5,49,69,79,78,4,1,9,838,2,2068,8,0,29,0,13,1,9
06/07/2020,748,5,6,233,8,0,4,2,194,0,2,0,87,5,2,11,21,2,28,5,11,106,72,111,12,37,1,19,9,2,1,50,7,7,3,9,14,0,91,5,10,2,121,5,39,5272,66,13,18,4,14,0,7,85,9,28,5,7,49,52,12,398,1527,81,6,26,4,4,61,32,5,39,1,23,269,1,12,1,11,33,3,13,189,8,33,37,9,102,57,150,5,9,3,12,702,77,0,7,10,3,5,49,70,81,78,4,1,9,844,2,2071,8,0,29,0,13,1,9
06/08/2020,754,5,6,243,8,0,4,2,197,0,2,0,87,4,2,13,22,2,28,5,11,106,72,117,12,39,1,19,9,3,1,58,7,7,3,9,14,0,94,5,10,2,123,5,41,5301,67,13,18,4,14,0,7,87,9,28,5,7,49,54,12,407,1565,81,6,29,4,4,63,35,6,39,1,23,270,1,12,1,12,33,3,13,193,8,34,37,9,104,57,153,4,9,3,15,716,78,0,7,10,3,5,49,71,81,80,4,1,9,851,2,2071,8,0,29,0,13,1,9
06/09/2020,755,5,6,255,8,0,6,2,201,0,2,0,87,4,2,12,23,2,28,5,11,109,74,117,12,41,1,19,9,3,1,65,7,7,3,9,14,0,97,5,10,2,127,6,41,5345,68,13,18,4,14,0,7,86,9,28,6,6,48,54,12,411,1594,83,6,40,4,4,65,43,6,39,1,24,270,1,12,1,12,33,3,13,194,6,32,37,9,105,57,156,4,9,3,14,727,78,0,7,10,3,6,49,75,82,81,4,1,9,867,2,2132,8,0,30,0,13,1,9
06/10/2020,762,5,6,263,8,0,7,2,203,0,2,0,87,4,2,12,24,2,29,5,11,106,74,119,12,39,2,19,9,3,1,73,7,7,3,9,14,0,99,6,10,2,128,6,40,5388,71,13,18,4,14,0,7,88,9,28,6,6,51,54,15,411,1626,83,6,42,4,5,66,53,5,106,1,24,270,1,13,1,12,34,3,13,197,7,32,37,9,108,57,155,7,9,3,17,752,78,2,7,11,3,6,49,75,84,84,4,1,8,879,2,2145,7,0,31,0,13,1,9
06/11/2020,768,5,6,291,8,0,7,2,212,0,2,0,87,4,2,12,28,3,29,5,11,108,74,120,12,39,2,19,9,3,1,80,7,7,3,9,15,0,99,6,10,2,132,6,40,5440,71,13,18,4,14,1,8,98,9,28,6,6,54,54,15,427,1654,83,6,46,5,4,68,56,5,106,1,24,270,1,13,1,12,34,3,13,201,7,33,37,9,110,57,164,8,9,3,18,782,79,2,8,11,3,7,49,79,84,87,7,2,8,879,2,2162,7,0,30,0,15,1,8
06/12/2020,772,5,6,295,8,0,7,2,216,0,2,0,88,4,2,12,32,3,31,5,12,113,75,122,12,40,1,19,9,3,1,103,7,7,3,9,15,0,99,6,10,2,134,6,40,5460,72,13,18,4,14,1,8,101,9,29,6,7,54,54,16,428,1680,84,6,63,5,4,70,58,5,106,1,24,270,1,13,1,12,34,3,14,204,7,34,38,9,111,57,166,8,9,3,19,791,79,2,9,11,3,7,49,80,84,97,7,1,8,888,2,2179,7,0,31,0,15,1,9
06/13/2020,784,5,6,295,8,0,7,2,218,0,2,0,87,7,2,12,35,4,31,5,11,118,80,122,12,41,1,20,9,3,1,115,7,7,3,9,15,0,102,6,10,2,139,6,40,5506,77,13,18,4,14,1,9,104,9,29,6,8,55,54,16,428,1690,85,7,70,5,4,71,71,5,106,1,25,271,1,14,1,12,35,3,14,208,7,36,38,10,111,57,166,12,9,3,20,819,80,2,9,11,3,8,49,84,85,97,8,1,8,895,2,2195,7,0,30,0,15,1,10
06/14/2020,784,5,6,295,8,0,7,2,220,0,2,0,87,7,2,12,35,4,31,5,11,118,80,122,12,41,1,20,9,3,1,115,7,7,3,9,15,0,102,6,10,2,139,6,40,5536,77,13,18,4,14,1,9,104,9,29,6,8,55,54,16,428,1690,85,7,70,5,4,71,71,5,106,1,25,271,1,14,1,12,35,3,14,208,7,36,38,10,111,57,166,12,9,3,20,819,80,2,9,11,3,8,49,84,85,97,8,1,8,909,2,2206,7,0,30,0,15,1,10
06/15/2020,787,5,6,298,9,1,7,2,226,0,2,0,87,6,2,12,35,4,32,5,11,118,83,122,12,46,1,21,9,3,1,131,7,7,3,9,15,0,104,6,11,2,145,6,42,5604,77,13,18,4,14,7,10,108,9,30,6,9,61,54,16,432,1737,85,7,78,5,6,74,88,5,106,1,25,270,1,14,1,12,35,3,14,215,7,40,40,10,114,57,168,12,9,3,26,865,80,2,9,11,3,8,49,85,86,99,10,1,8,918,2,2219,7,0,30,0,24,1,14
06/16/2020,791,5,6,299,9,1,7,2,232,0,2,0,87,6,2,12,34,4,31,5,11,121,84,122,12,48,1,21,9,3,1,163,8,7,3,9,15,0,104,6,11,2,145,6,43,5653,78,13,18,4,14,9,10,110,9,30,6,9,64,54,17,439,1762,85,7,98,5,7,75,93,5,106,2,25,272,1,14,1,12,35,3,14,216,7,40,43,11,115,57,172,11,9,3,27,889,81,2,9,11,3,8,49,86,89,99,9,1,8,924,2,2219,7,0,32,0,26,1,15
06/17/2020,793,5,6,305,9,1,7,2,236,0,2,0,90,6,2,12,34,6,31,5,12,124,85,122,12,53,1,21,11,3,1,168,8,7,3,11,16,0,104,7,11,2,149,6,43,5669,91,13,19,4,14,11,10,111,9,30,6,9,64,54,18,445,1802,86,7,116,5,7,75,97,5,106,2,25,274,1,14,1,12,35,3,14,222,8,40,45,11,111,57,173,11,9,3,28,916,84,2,10,12,3,9,49,87,89,100,10,1,8,934,2,2234,7,0,32,0,27,1,20
06/18/2020,800,5,6,319,10,1,7,2,240,0,2,0,91,6,2,12,34,6,31,5,12,126,85,123,12,58,1,23,12,3,1,191,10,7,3,12,18,0,105,7,12,3,149,6,49,5731,91,14,19,4,14,10,11,114,9,31,7,9,65,54,17,456,1831,86,7,124,5,8,77,119,5,106,2,25,277,1,14,1,12,36,3,14,226,8,42,45,11,114,57,178,12,9,3,29,933,87,2,12,13,3,9,49,87,94,101,11,1,8,939,2,2292,8,0,32,0,29,1,25
06/19/2020,802,6,6,334,10,1,7,3,243,0,2,0,91,6,2,13,34,6,33,5,12,127,85,133,12,59,1,22,12,3,1,195,11,7,4,12,17,0,105,6,12,2,155,6,50,5769,93,14,20,4,14,15,11,117,9,31,9,10,66,54,17,461,1872,86,7,132,5,8,77,134,5,106,2,25,278,2,14,1,12,39,3,14,246,8,42,45,11,115,58,180,16,9,3,31,976,90,2,12,13,3,10,49,88,95,102,10,2,8,945,2,2319,10,0,32,0,30,1,28
06/20/2020,805,6,6,342,10,1,7,4,250,0,2,0,91,6,2,13,34,6,33,6,14,126,84,134,12,62,1,23,12,3,2,235,11,7,5,12,17,1,105,7,12,2,157,6,50,5825,96,14,20,4,14,15,12,119,9,32,9,10,79,54,17,461,1914,86,7,170,5,10,77,188,5,106,2,25,278,2,16,2,12,41,3,15,257,9,42,47,11,116,60,188,17,9,3,30,1016,89,2,16,13,3,11,49,91,98,102,10,2,8,951,2,2319,10,0,33,1,30,1,31
06/21/2020,805,6,6,342,10,1,7,4,253,0,2,0,91,7,2,13,36,6,33,6,14,126,85,134,12,62,1,23,12,3,2,260,13,7,5,12,17,1,105,7,12,2,159,6,66,5850,101,14,21,4,14,15,13,120,9,32,9,10,79,55,17,461,1921,86,7,366,5,10,77,276,5,106,2,25,278,2,16,2,12,41,3,15,258,9,42,48,11,116,60,188,17,9,3,30,1018,89,2,16,13,3,11,49,102,98,102,10,4,8,954,2,2319,10,0,33,1,30,1,31
06/22/2020,809,6,6,348,10,1,7,4,261,0,2,0,92,7,3,13,34,6,34,6,14,127,86,134,12,62,1,23,13,3,1,260,13,7,5,12,17,1,106,7,12,2,160,6,68,5878,102,14,21,4,14,15,12,121,9,32,10,10,79,55,17,465,1945,86,7,371,5,11,79,279,5,106,2,25,278,2,16,2,13,42,3,15,266,9,42,50,11,116,61,191,17,11,5,30,1030,89,2,20,13,3,11,49,104,100,102,10,4,8,959,2,2319,10,40,33,1,32,1,31
06/23/2020,812,6,6,367,10,1,7,5,267,0,2,0,94,7,4,15,36,6,34,7,14,129,86,137,12,67,1,23,13,3,1,303,19,7,5,11,18,1,106,8,12,2,159,6,84,5941,103,15,22,4,14,16,12,123,9,35,12,10,81,56,17,473,2014,86,7,403,5,11,80,295,6,106,2,25,278,2,16,2,13,43,3,16,280,9,45,54,11,117,63,193,17,12,5,30,1054,91,2,19,14,3,13,49,111,102,106,12,4,8,974,2,2319,11,45,34,3,34,2,31
06/24/2020,819,6,6,375,10,1,7,6,278,0,2,0,95,10,4,15,36,6,34,9,16,129,87,137,12,68,2,23,13,3,1,309,20,7,5,13,17,1,108,12,12,2,159,6,97,6004,102,17,23,4,14,17,12,123,9,37,12,10,82,57,17,501,2057,86,7,422,5,11,80,312,6,115,2,25,278,3,16,5,13,45,3,16,288,9,46,55,11,119,64,192,18,12,5,34,1076,91,2,20,14,3,13,49,111,102,109,11,4,8,997,2,2319,11,51,34,3,35,2,32
06/25/2020,827,6,6,386,10,1,7,7,285,0,2,103,96,10,4,16,36,6,36,9,17,132,88,137,12,71,2,23,14,3,1,311,20,7,5,13,17,1,109,15,12,2,159,6,100,6092,108,19,24,4,14,21,12,126,9,38,12,10,84,56,19,506,2162,87,7,605,5,11,82,312,6,116,2,25,282,3,17,4,15,45,3,16,319,9,45,57,11,123,67,201,18,12,5,36,1074,100,2,23,14,3,14,49,112,110,110,11,4,8,1011,2,2310,11,0,37,3,39,3,34
06/26/2020,834,6,6,406,11,1,8,9,292,0,3,113,95,11,4,16,36,6,36,9,17,134,88,139,12,75,2,23,14,3,1,338,28,7,5,13,17,1,109,22,12,2,161,6,129,6201,107,21,26,4,14,21,13,133,9,39,12,10,92,57,19,519,2211,87,7,640,6,12,88,332,6,117,2,25,282,3,17,4,16,45,3,17,334,9,46,60,11,127,73,202,18,12,5,36,1103,101,2,25,14,3,14,49,119,110,111,13,5,10,1020,2,2323,12,0,39,3,40,3,36
06/27/2020,838,6,6,414,11,1,8,11,297,0,3,113,96,11,4,16,38,7,36,9,17,134,90,138,12,75,2,23,14,3,1,356,30,7,5,13,17,1,110,21,12,2,161,6,138,6293,108,21,27,4,14,21,12,141,9,40,12,11,92,57,19,519,2242,87,7,653,6,12,88,348,7,120,2,25,282,3,17,4,16,49,3,17,342,9,44,60,11,134,72,204,18,13,5,36,1132,112,2,25,15,4,15,49,123,116,114,13,5,11,1020,2,2353,12,0,40,3,48,3,43
06/28/2020,855,6,6,431,11,1,8,11,301,0,3,113,96,11,4,16,42,7,37,9,18,135,90,138,12,75,2,23,14,3,1,368,31,7,5,13,18,1,110,23,12,2,162,6,139,6357,109,23,27,4,14,22,12,145,9,41,13,12,93,57,19,519,2292,88,8,670,6,12,88,351,7,120,2,25,283,3,18,4,16,49,3,17,353,9,44,60,11,134,73,206,19,13,5,36,1149,113,2,26,16,5,16,49,126,116,115,13,5,11,1045,2,2406,13,0,40,3,56,5,45
06/29/2020,862,6,6,443,12,1,8,12,311,0,3,140,97,12,5,16,43,8,37,9,19,136,90,138,12,99,2,23,14,4,1,398,32,7,5,13,19,1,111,25,12,2,164,7,140,6446,109,23,28,4,15,24,12,153,10,43,13,12,93,57,21,535,2345,88,8,697,6,14,89,368,7,120,2,25,283,3,19,4,16,50,3,17,354,9,45,63,11,137,76,207,19,13,5,37,1172,120,2,26,16,6,16,50,134,116,119,13,5,11,1073,2,2453,14,0,40,5,60,5,47
06/30/2020,869,6,6,454,12,1,9,13,319,0,3,152,96,12,5,17,43,7,37,10,19,137,91,138,12,101,2,25,14,4,1,449,34,7,5,14,20,2,111,35,12,2,168,8,145,6582,110,23,31,4,15,25,12,161,9,44,13,12,98,58,20,539,2380,88,8,712,6,15,90,398,7,125,3,25,283,3,20,4,17,51,3,17,379,9,46,66,11,143,77,206,19,14,5,38,1210,124,2,29,16,6,17,52,146,120,119,15,5,11,1078,2,2493,14,0,43,5,60,5,52
07/01/2020,873,6,6,460,12,1,9,13,329,0,3,165,96,13,5,20,42,7,37,10,19,137,91,138,12,106,2,25,14,5,1,474,37,7,5,14,20,2,110,40,12,2,169,8,147,6616,111,23,33,4,15,26,12,171,9,45,13,13,104,58,20,540,2457,91,8,714,6,15,91,427,7,125,3,26,283,4,20,5,17,52,3,17,390,10,46,66,12,147,78,208,19,14,5,40,1233,124,2,30,16,6,19,52,146,120,120,16,5,11,1095,2,2493,14,0,43,5,63,5,52
07/02/2020,880,6,6,472,13,1,9,12,343,0,3,174,99,13,6,20,43,7,37,10,19,137,91,139,12,108,2,26,16,6,1,481,37,7,5,14,21,2,111,44,12,2,170,11,155,6682,112,23,35,4,15,26,12,182,9,54,14,13,106,58,20,551,2497,91,8,714,6,17,91,448,7,128,3,26,283,4,20,6,17,54,4,17,429,11,51,67,12,156,79,213,20,14,5,41,1257,141,2,33,16,6,20,62,147,122,125,16,5,11,1135,2,2545,16,0,44,4,67,5,66
07/03/2020,883,6,6,478,15,1,9,12,346,0,3,188,98,15,6,20,44,7,37,10,19,141,91,139,12,108,2,28,20,6,1,515,41,7,5,15,22,2,111,45,12,2,172,13,155,6755,115,25,39,4,20,26,14,193,11,54,14,14,108,58,20,551,2601,92,8,747,6,19,91,451,7,127,3,27,284,4,20,6,26,55,4,18,460,12,55,66,14,162,81,217,20,17,5,45,1306,151,2,33,17,6,25,62,149,125,125,15,5,11,1163,2,2565,20,0,45,4,74,5,71
07/04/2020,883,6,6,493,16,1,9,12,354,0,3,188,98,16,6,20,44,8,37,10,19,142,99,139,12,108,2,29,20,6,1,582,41,7,5,19,23,2,111,45,12,2,173,17,155,6837,115,25,39,4,22,28,14,210,11,54,14,14,109,58,20,551,2641,92,8,749,6,19,91,457,9,128,3,27,284,4,20,6,27,55,5,18,478,13,56,69,16,166,82,217,20,17,5,45,1361,161,2,40,18,7,25,62,149,128,130,15,5,11,1183,2,2580,20,0,57,4,83,5,74
07/05/2020,884,6,6,500,17,1,9,12,360,0,3,209,98,16,6,20,44,8,37,10,19,142,99,139,12,108,2,29,20,6,1,587,45,8,5,19,23,2,111,46,12,2,181,18,155,6887,115,25,42,4,26,28,14,214,11,54,14,14,110,58,20,551,2696,93,8,765,6,19,91,467,9,128,3,27,284,4,20,7,27,55,5,18,498,13,57,70,16,171,84,217,20,17,5,45,1367,162,2,40,18,7,25,62,151,134,130,15,5,11,1204,2,2587,20,0,58,4,84,5,72
07/06/2020,892,6,6,504,17,1,9,12,394,0,3,211,102,20,6,21,45,8,37,10,19,145,100,139,12,108,2,28,20,6,1,611,46,8,5,19,23,2,111,49,13,2,185,19,156,6931,115,25,44,4,28,29,14,221,11,58,15,14,110,60,20,582,2748,93,8,798,6,19,91,478,9,129,3,28,287,4,21,9,27,56,5,19,513,13,57,71,19,185,91,227,20,17,5,45,1399,185,2,48,18,7,25,72,156,135,138,15,5,11,1239,2,2621,20,0,59,5,96,5,72
07/07/2020,911,6,6,510,18,1,10,12,408,0,3,232,105,21,6,21,45,8,37,10,19,146,104,139,12,111,2,29,23,6,1,652,48,8,5,22,24,2,114,48,13,2,188,22,165,7066,119,25,48,4,29,30,16,252,12,71,15,15,116,63,20,604,2814,94,10,808,6,20,95,502,10,130,4,29,290,4,22,9,26,59,6,20,547,12,61,74,20,191,94,231,20,19,5,44,1436,197,2,57,19,7,26,72,163,136,142,16,5,11,1288,2,2657,19,0,59,5,105,5,81
07/08/2020,923,6,6,526,19,1,10,13,429,1,3,235,106,21,6,21,46,9,37,10,20,148,104,142,12,111,2,31,23,6,1,692,52,8,5,26,24,2,115,51,14,2,191,23,168,7284,118,26,46,4,30,31,18,271,12,71,16,15,115,63,20,631,2870,97,15,817,6,22,95,518,11,134,4,30,295,4,22,9,26,59,6,20,597,12,61,76,20,203,102,235,20,21,5,44,1479,215,2,70,19,7,27,72,164,139,146,17,5,11,1355,3,2692,21,0,63,5,112,5,86
07/09/2020,927,7,6,539,19,2,11,13,463,1,3,247,110,24,6,23,47,9,38,10,20,150,104,142,12,116,2,31,25,8,1,733,53,8,5,26,25,2,115,53,14,5,192,23,168,7469,118,26,47,4,31,31,20,292,12,85,17,15,119,66,20,666,2957,100,17,839,6,22,98,540,11,134,3,30,299,4,23,10,28,58,6,21,639,14,61,77,25,214,115,248,20,28,5,48,1527,215,2,76,20,7,29,72,168,150,150,19,5,11,1456,3,2811,21,0,67,5,119,5,87
07/10/2020,938,7,6,550,21,2,11,14,496,1,3,254,110,24,6,23,49,9,39,10,20,153,104,142,13,116,2,33,28,11,1,748,54,8,5,27,26,2,116,53,17,5,198,24,174,7586,117,26,50,4,36,31,21,314,12,85,17,16,128,67,22,666,3040,101,20,849,6,23,98,548,12,137,3,30,307,5,23,11,29,55,6,22,670,15,63,78,25,227,128,264,21,28,5,49,1612,238,2,84,20,7,29,72,168,154,158,19,5,11,1526,4,2884,22,0,73,5,122,5,91
