date,Allegany,Cayuga,Erie,Franklin,Hamilton,Monroe,Nassau,Orange,Orleans,Rockland,Suffolk,Ulster,Warren,Clinton,Columbia,Fulton,Lewis,Otsego,Rensselaer,St. Lawrence,Steuben,Tioga,Chemung,Chenango,Delaware,Dutchess,Essex,Greene,New York City,Niagara,Oneida,Ontario,Oswego,Putnam,Saratoga,Schoharie,Westchester,Wyoming,Yates,Broome,Cattaraugus,Chautauqua,Cortland,Genesee,Herkimer,Jefferson,Livingston,Madison,Montgomery,Onondaga,Schenectady,Schuyler,Tompkins,Unknown,Washington,Wayne,Seneca,Sullivan,Albany
01/21/2020,0,0,0,0,0,0,0,0,0,0,0,0,0,0,0,0,0,0,0,0,0,0,0,0,0,0,0,0,0,0,0,0,0,0,0,0,0,0,0,0,0,0,0,0,0,0,0,0,0,0,0,0,0,0,0,0,0,0,0
01/22/2020,0,0,0,0,0,0,0,0,0,0,0,0,0,0,0,0,0,0,0,0,0,0,0,0,0,0,0,0,0,0,0,0,0,0,0,0,0,0,0,0,0,0,0,0,0,0,0,0,0,0,0,0,0,0,0,0,0,0,0
01/23/2020,0,0,0,0,0,0,0,0,0,0,0,0,0,0,0,0,0,0,0,0,0,0,0,0,0,0,0,0,0,0,0,0,0,0,0,0,0,0,0,0,0,0,0,0,0,0,0,0,0,0,0,0,0,0,0,0,0,0,0
01/24/2020,0,0,0,0,0,0,0,0,0,0,0,0,0,0,0,0,0,0,0,0,0,0,0,0,0,0,0,0,0,0,0,0,0,0,0,0,0,0,0,0,0,0,0,0,0,0,0,0,0,0,0,0,0,0,0,0,0,0,0
01/25/2020,0,0,0,0,0,0,0,0,0,0,0,0,0,0,0,0,0,0,0,0,0,0,0,0,0,0,0,0,0,0,0,0,0,0,0,0,0,0,0,0,0,0,0,0,0,0,0,0,0,0,0,0,0,0,0,0,0,0,0
01/26/2020,0,0,0,0,0,0,0,0,0,0,0,0,0,0,0,0,0,0,0,0,0,0,0,0,0,0,0,0,0,0,0,0,0,0,0,0,0,0,0,0,0,0,0,0,0,0,0,0,0,0,0,0,0,0,0,0,0,0,0
01/27/2020,0,0,0,0,0,0,0,0,0,0,0,0,0,0,0,0,0,0,0,0,0,0,0,0,0,0,0,0,0,0,0,0,0,0,0,0,0,0,0,0,0,0,0,0,0,0,0,0,0,0,0,0,0,0,0,0,0,0,0
01/28/2020,0,0,0,0,0,0,0,0,0,0,0,0,0,0,0,0,0,0,0,0,0,0,0,0,0,0,0,0,0,0,0,0,0,0,0,0,0,0,0,0,0,0,0,0,0,0,0,0,0,0,0,0,0,0,0,0,0,0,0
01/29/2020,0,0,0,0,0,0,0,0,0,0,0,0,0,0,0,0,0,0,0,0,0,0,0,0,0,0,0,0,0,0,0,0,0,0,0,0,0,0,0,0,0,0,0,0,0,0,0,0,0,0,0,0,0,0,0,0,0,0,0
01/30/2020,0,0,0,0,0,0,0,0,0,0,0,0,0,0,0,0,0,0,0,0,0,0,0,0,0,0,0,0,0,0,0,0,0,0,0,0,0,0,0,0,0,0,0,0,0,0,0,0,0,0,0,0,0,0,0,0,0,0,0
01/31/2020,0,0,0,0,0,0,0,0,0,0,0,0,0,0,0,0,0,0,0,0,0,0,0,0,0,0,0,0,0,0,0,0,0,0,0,0,0,0,0,0,0,0,0,0,0,0,0,0,0,0,0,0,0,0,0,0,0,0,0
02/01/2020,0,0,0,0,0,0,0,0,0,0,0,0,0,0,0,0,0,0,0,0,0,0,0,0,0,0,0,0,0,0,0,0,0,0,0,0,0,0,0,0,0,0,0,0,0,0,0,0,0,0,0,0,0,0,0,0,0,0,0
02/02/2020,0,0,0,0,0,0,0,0,0,0,0,0,0,0,0,0,0,0,0,0,0,0,0,0,0,0,0,0,0,0,0,0,0,0,0,0,0,0,0,0,0,0,0,0,0,0,0,0,0,0,0,0,0,0,0,0,0,0,0
02/03/2020,0,0,0,0,0,0,0,0,0,0,0,0,0,0,0,0,0,0,0,0,0,0,0,0,0,0,0,0,0,0,0,0,0,0,0,0,0,0,0,0,0,0,0,0,0,0,0,0,0,0,0,0,0,0,0,0,0,0,0
02/04/2020,0,0,0,0,0,0,0,0,0,0,0,0,0,0,0,0,0,0,0,0,0,0,0,0,0,0,0,0,0,0,0,0,0,0,0,0,0,0,0,0,0,0,0,0,0,0,0,0,0,0,0,0,0,0,0,0,0,0,0
02/05/2020,0,0,0,0,0,0,0,0,0,0,0,0,0,0,0,0,0,0,0,0,0,0,0,0,0,0,0,0,0,0,0,0,0,0,0,0,0,0,0,0,0,0,0,0,0,0,0,0,0,0,0,0,0,0,0,0,0,0,0
02/06/2020,0,0,0,0,0,0,0,0,0,0,0,0,0,0,0,0,0,0,0,0,0,0,0,0,0,0,0,0,0,0,0,0,0,0,0,0,0,0,0,0,0,0,0,0,0,0,0,0,0,0,0,0,0,0,0,0,0,0,0
02/07/2020,0,0,0,0,0,0,0,0,0,0,0,0,0,0,0,0,0,0,0,0,0,0,0,0,0,0,0,0,0,0,0,0,0,0,0,0,0,0,0,0,0,0,0,0,0,0,0,0,0,0,0,0,0,0,0,0,0,0,0
02/08/2020,0,0,0,0,0,0,0,0,0,0,0,0,0,0,0,0,0,0,0,0,0,0,0,0,0,0,0,0,0,0,0,0,0,0,0,0,0,0,0,0,0,0,0,0,0,0,0,0,0,0,0,0,0,0,0,0,0,0,0
02/09/2020,0,0,0,0,0,0,0,0,0,0,0,0,0,0,0,0,0,0,0,0,0,0,0,0,0,0,0,0,0,0,0,0,0,0,0,0,0,0,0,0,0,0,0,0,0,0,0,0,0,0,0,0,0,0,0,0,0,0,0
02/10/2020,0,0,0,0,0,0,0,0,0,0,0,0,0,0,0,0,0,0,0,0,0,0,0,0,0,0,0,0,0,0,0,0,0,0,0,0,0,0,0,0,0,0,0,0,0,0,0,0,0,0,0,0,0,0,0,0,0,0,0
02/11/2020,0,0,0,0,0,0,0,0,0,0,0,0,0,0,0,0,0,0,0,0,0,0,0,0,0,0,0,0,0,0,0,0,0,0,0,0,0,0,0,0,0,0,0,0,0,0,0,0,0,0,0,0,0,0,0,0,0,0,0
02/12/2020,0,0,0,0,0,0,0,0,0,0,0,0,0,0,0,0,0,0,0,0,0,0,0,0,0,0,0,0,0,0,0,0,0,0,0,0,0,0,0,0,0,0,0,0,0,0,0,0,0,0,0,0,0,0,0,0,0,0,0
02/13/2020,0,0,0,0,0,0,0,0,0,0,0,0,0,0,0,0,0,0,0,0,0,0,0,0,0,0,0,0,0,0,0,0,0,0,0,0,0,0,0,0,0,0,0,0,0,0,0,0,0,0,0,0,0,0,0,0,0,0,0
02/14/2020,0,0,0,0,0,0,0,0,0,0,0,0,0,0,0,0,0,0,0,0,0,0,0,0,0,0,0,0,0,0,0,0,0,0,0,0,0,0,0,0,0,0,0,0,0,0,0,0,0,0,0,0,0,0,0,0,0,0,0
02/15/2020,0,0,0,0,0,0,0,0,0,0,0,0,0,0,0,0,0,0,0,0,0,0,0,0,0,0,0,0,0,0,0,0,0,0,0,0,0,0,0,0,0,0,0,0,0,0,0,0,0,0,0,0,0,0,0,0,0,0,0
02/16/2020,0,0,0,0,0,0,0,0,0,0,0,0,0,0,0,0,0,0,0,0,0,0,0,0,0,0,0,0,0,0,0,0,0,0,0,0,0,0,0,0,0,0,0,0,0,0,0,0,0,0,0,0,0,0,0,0,0,0,0
02/17/2020,0,0,0,0,0,0,0,0,0,0,0,0,0,0,0,0,0,0,0,0,0,0,0,0,0,0,0,0,0,0,0,0,0,0,0,0,0,0,0,0,0,0,0,0,0,0,0,0,0,0,0,0,0,0,0,0,0,0,0
02/18/2020,0,0,0,0,0,0,0,0,0,0,0,0,0,0,0,0,0,0,0,0,0,0,0,0,0,0,0,0,0,0,0,0,0,0,0,0,0,0,0,0,0,0,0,0,0,0,0,0,0,0,0,0,0,0,0,0,0,0,0
02/19/2020,0,0,0,0,0,0,0,0,0,0,0,0,0,0,0,0,0,0,0,0,0,0,0,0,0,0,0,0,0,0,0,0,0,0,0,0,0,0,0,0,0,0,0,0,0,0,0,0,0,0,0,0,0,0,0,0,0,0,0
02/20/2020,0,0,0,0,0,0,0,0,0,0,0,0,0,0,0,0,0,0,0,0,0,0,0,0,0,0,0,0,0,0,0,0,0,0,0,0,0,0,0,0,0,0,0,0,0,0,0,0,0,0,0,0,0,0,0,0,0,0,0
02/21/2020,0,0,0,0,0,0,0,0,0,0,0,0,0,0,0,0,0,0,0,0,0,0,0,0,0,0,0,0,0,0,0,0,0,0,0,0,0,0,0,0,0,0,0,0,0,0,0,0,0,0,0,0,0,0,0,0,0,0,0
02/22/2020,0,0,0,0,0,0,0,0,0,0,0,0,0,0,0,0,0,0,0,0,0,0,0,0,0,0,0,0,0,0,0,0,0,0,0,0,0,0,0,0,0,0,0,0,0,0,0,0,0,0,0,0,0,0,0,0,0,0,0
02/23/2020,0,0,0,0,0,0,0,0,0,0,0,0,0,0,0,0,0,0,0,0,0,0,0,0,0,0,0,0,0,0,0,0,0,0,0,0,0,0,0,0,0,0,0,0,0,0,0,0,0,0,0,0,0,0,0,0,0,0,0
02/24/2020,0,0,0,0,0,0,0,0,0,0,0,0,0,0,0,0,0,0,0,0,0,0,0,0,0,0,0,0,0,0,0,0,0,0,0,0,0,0,0,0,0,0,0,0,0,0,0,0,0,0,0,0,0,0,0,0,0,0,0
02/25/2020,0,0,0,0,0,0,0,0,0,0,0,0,0,0,0,0,0,0,0,0,0,0,0,0,0,0,0,0,0,0,0,0,0,0,0,0,0,0,0,0,0,0,0,0,0,0,0,0,0,0,0,0,0,0,0,0,0,0,0
02/26/2020,0,0,0,0,0,0,0,0,0,0,0,0,0,0,0,0,0,0,0,0,0,0,0,0,0,0,0,0,0,0,0,0,0,0,0,0,0,0,0,0,0,0,0,0,0,0,0,0,0,0,0,0,0,0,0,0,0,0,0
02/27/2020,0,0,0,0,0,0,0,0,0,0,0,0,0,0,0,0,0,0,0,0,0,0,0,0,0,0,0,0,0,0,0,0,0,0,0,0,0,0,0,0,0,0,0,0,0,0,0,0,0,0,0,0,0,0,0,0,0,0,0
02/28/2020,0,0,0,0,0,0,0,0,0,0,0,0,0,0,0,0,0,0,0,0,0,0,0,0,0,0,0,0,0,0,0,0,0,0,0,0,0,0,0,0,0,0,0,0,0,0,0,0,0,0,0,0,0,0,0,0,0,0,0
02/29/2020,0,0,0,0,0,0,0,0,0,0,0,0,0,0,0,0,0,0,0,0,0,0,0,0,0,0,0,0,0,0,0,0,0,0,0,0,0,0,0,0,0,0,0,0,0,0,0,0,0,0,0,0,0,0,0,0,0,0,0
03/01/2020,0,0,0,0,0,0,0,0,0,0,0,0,0,0,0,0,0,0,0,0,0,0,0,0,0,0,0,0,1,0,0,0,0,0,0,0,0,0,0,0,0,0,0,0,0,0,0,0,0,0,0,0,0,0,0,0,0,0,0
03/02/2020,0,0,0,0,0,0,0,0,0,0,0,0,0,0,0,0,0,0,0,0,0,0,0,0,0,0,0,0,1,0,0,0,0,0,0,0,0,0,0,0,0,0,0,0,0,0,0,0,0,0,0,0,0,0,0,0,0,0,0
03/03/2020,0,0,0,0,0,0,0,0,0,0,0,0,0,0,0,0,0,0,0,0,0,0,0,0,0,0,0,0,2,0,0,0,0,0,0,0,0,0,0,0,0,0,0,0,0,0,0,0,0,0,0,0,0,0,0,0,0,0,0
03/04/2020,0,0,0,0,0,0,0,0,0,0,0,0,0,0,0,0,0,0,0,0,0,0,0,0,0,0,0,0,2,0,0,0,0,0,0,0,9,0,0,0,0,0,0,0,0,0,0,0,0,0,0,0,0,0,0,0,0,0,0
03/05/2020,0,0,0,0,0,0,1,0,0,0,0,0,0,0,0,0,0,0,0,0,0,0,0,0,0,0,0,0,4,0,0,0,0,0,0,0,17,0,0,0,0,0,0,0,0,0,0,0,0,0,0,0,0,0,0,0,0,0,0
03/06/2020,0,0,0,0,0,0,4,0,0,2,0,0,0,0,0,0,0,0,0,0,0,0,0,0,0,0,0,0,5,0,0,0,0,0,0,0,33,0,0,0,0,0,0,0,0,0,0,0,0,0,0,0,0,0,0,0,0,0,0
03/07/2020,0,0,0,0,0,0,4,0,0,2,0,0,0,0,0,0,0,0,0,0,0,0,0,0,0,0,0,0,12,0,0,0,0,0,2,0,69,0,0,0,0,0,0,0,0,0,0,0,0,0,0,0,0,0,0,0,0,0,0
03/08/2020,0,0,0,0,0,0,5,0,0,2,1,1,0,0,0,0,0,0,0,0,0,0,0,0,0,0,0,0,14,0,0,0,0,0,2,0,81,0,0,0,0,0,0,0,0,0,0,0,0,0,0,0,0,0,0,0,0,0,0
03/09/2020,0,0,0,0,0,0,17,0,0,4,1,1,0,0,0,0,0,0,0,0,0,0,0,0,0,0,0,0,20,0,0,0,0,0,2,0,97,0,0,0,0,0,0,0,0,0,0,0,0,0,0,0,0,0,0,0,0,0,0
03/10/2020,0,0,0,0,0,0,19,0,0,6,1,1,0,0,0,0,0,0,0,0,0,0,0,0,0,0,0,0,37,0,0,0,0,0,2,0,107,0,0,0,0,0,0,0,0,0,0,0,0,0,0,0,0,0,0,0,0,0,0
03/11/2020,0,0,0,0,0,1,28,0,0,6,6,2,0,0,0,0,0,0,0,0,0,0,0,0,0,0,0,0,52,0,0,0,0,0,2,0,120,0,0,0,0,0,0,0,0,0,0,0,0,0,0,0,0,0,0,0,0,0,0
03/12/2020,0,0,0,0,0,1,41,1,0,7,21,4,0,0,0,0,0,0,0,0,0,0,0,0,1,1,0,0,96,0,0,0,0,0,3,0,147,0,0,0,0,0,0,0,1,0,0,0,0,0,0,0,0,0,0,0,0,0,2
03/13/2020,0,0,0,0,0,1,51,3,0,9,29,5,0,0,0,0,0,0,0,0,0,0,0,0,1,3,0,0,155,0,0,0,0,0,3,0,157,0,0,0,0,0,0,0,1,0,0,0,0,0,1,0,0,0,0,0,0,0,2
03/14/2020,0,0,0,0,0,2,79,6,0,12,41,5,0,0,0,0,0,0,0,0,0,1,0,0,1,4,0,0,269,0,0,0,0,0,3,0,178,0,0,1,0,0,0,0,1,0,0,0,0,0,1,0,1,0,0,0,0,0,5
03/15/2020,0,0,3,0,0,2,98,6,0,13,47,5,0,0,0,0,0,0,0,0,0,1,0,0,1,7,0,2,330,0,0,0,0,2,3,0,195,0,0,1,0,0,0,0,1,0,0,0,1,0,2,0,1,0,0,0,0,0,11
03/16/2020,2,0,6,0,0,10,109,11,0,16,63,7,0,0,0,0,0,0,0,0,0,1,0,0,1,10,0,2,464,0,0,1,0,2,5,0,219,0,0,1,0,0,0,0,1,0,0,0,1,1,4,0,1,0,0,0,0,0,12
03/17/2020,2,0,7,0,0,11,131,15,0,22,84,8,0,1,0,0,0,0,1,0,0,1,0,0,1,16,0,2,646,0,0,1,0,2,9,0,379,1,0,1,0,0,0,0,1,0,0,0,1,2,5,0,1,0,0,0,0,1,23
03/18/2020,2,0,7,0,1,14,183,32,0,30,116,9,1,1,0,0,0,0,4,0,0,1,0,1,1,20,1,2,1344,0,0,1,0,2,14,0,537,1,0,2,0,0,0,0,1,1,1,0,1,2,14,0,2,0,1,0,0,1,36
03/19/2020,2,0,28,0,1,28,382,51,0,53,178,12,1,1,0,0,0,0,4,0,0,1,0,1,1,31,1,2,2477,0,0,1,0,2,14,1,797,2,0,2,0,0,0,0,1,1,1,0,1,2,21,0,7,0,1,1,0,8,43
03/20/2020,2,0,31,0,2,32,754,84,0,101,371,12,1,2,1,1,0,0,8,0,0,1,0,2,1,36,1,2,4419,3,2,3,0,7,24,1,1091,2,0,2,0,0,0,1,2,1,1,0,2,8,21,0,7,0,1,1,0,8,61
03/21/2020,2,0,38,0,2,42,1234,163,0,262,662,18,1,4,2,1,0,0,20,0,2,1,0,2,1,49,2,2,6226,4,4,4,0,22,35,1,1387,2,0,2,0,0,0,1,3,1,2,0,3,17,32,0,11,0,1,3,0,12,88
03/22/2020,2,0,54,0,2,57,1900,247,0,455,1034,26,1,4,5,1,0,0,26,1,3,1,0,3,3,82,3,2,9065,6,5,6,0,37,41,1,1873,2,0,3,0,0,1,1,4,1,2,1,3,29,39,0,13,0,1,3,0,16,123
03/23/2020,2,2,87,0,2,76,2442,389,0,592,1458,35,2,6,10,1,0,1,29,1,4,1,0,3,3,100,3,4,12329,10,7,6,1,45,53,1,2894,4,0,7,0,0,2,1,4,2,3,4,3,52,44,0,15,0,3,6,0,23,127
03/24/2020,2,2,107,0,2,96,2869,498,2,671,1880,47,2,8,11,1,0,1,30,1,5,1,1,3,3,124,3,4,14943,11,8,7,2,67,60,1,3891,4,0,9,0,0,2,1,4,2,3,5,3,60,46,0,16,0,3,6,0,30,146
03/25/2020,2,2,122,1,2,118,3285,638,2,1069,2260,65,2,10,12,1,0,2,31,1,8,1,1,3,5,153,4,4,20061,12,9,9,2,84,64,2,4691,4,0,11,0,1,2,2,5,2,3,7,4,65,55,0,16,0,4,7,0,39,152
03/26/2020,2,2,134,1,2,139,3914,751,2,1197,2735,89,2,11,13,1,0,3,32,2,11,2,7,3,7,190,4,5,23182,14,13,11,4,94,73,2,5944,7,0,16,0,1,2,4,7,3,3,9,5,83,62,0,22,0,4,8,0,53,171
03/27/2020,2,2,219,2,2,160,4657,910,3,1457,3385,98,8,11,20,1,0,5,35,3,12,2,11,4,8,225,4,6,25509,23,13,14,4,111,82,3,7187,7,0,18,0,1,4,6,9,3,3,17,5,115,66,0,26,0,6,11,0,64,187
03/28/2020,2,2,354,4,2,202,5537,1101,3,1896,4138,128,13,12,22,1,0,7,38,8,13,4,12,8,8,262,4,7,30919,33,23,16,7,131,96,5,7875,7,0,23,1,5,5,7,9,6,5,19,5,129,72,1,45,0,6,12,0,72,195
03/29/2020,6,2,380,6,2,219,6445,1247,3,2209,5023,179,18,13,23,1,2,10,39,12,17,4,15,15,8,320,4,7,33983,38,26,18,8,144,102,5,8519,8,0,29,4,5,6,9,10,7,10,24,6,152,76,1,52,0,7,12,0,88,205
03/30/2020,7,3,443,6,2,242,7344,1435,4,2511,5791,207,18,17,26,1,2,17,40,13,19,4,15,17,11,392,5,10,38375,41,34,20,14,167,105,6,9326,8,0,35,6,5,8,9,12,11,12,34,6,180,80,2,66,0,7,15,0,101,217
03/31/2020,7,3,438,9,2,300,8544,1560,6,2863,6713,215,18,21,36,1,2,18,55,30,24,7,20,19,16,484,5,16,43518,42,40,22,15,186,108,6,9967,9,0,38,6,6,8,10,12,12,13,41,7,194,85,2,66,0,10,19,2,109,226
04/01/2020,10,3,553,9,2,349,9555,1756,6,3321,7605,222,18,25,41,2,2,19,60,34,38,7,22,26,20,547,6,18,47914,46,50,24,17,207,122,8,10683,10,0,42,7,10,10,13,16,12,14,67,7,249,93,2,68,0,10,24,2,121,240
04/02/2020,12,6,734,9,2,420,10587,2048,6,3751,8746,243,19,25,41,6,3,21,67,42,49,8,22,28,23,667,6,21,52400,91,68,31,28,236,132,8,11566,15,2,46,8,10,10,17,16,15,18,77,8,301,101,3,87,0,13,27,5,156,253
04/03/2020,12,6,802,9,2,464,12024,2397,6,4289,10154,243,19,25,41,6,3,21,71,42,49,8,22,28,23,809,6,21,57941,91,68,31,28,236,132,8,12350,15,2,46,8,10,10,17,16,15,18,77,8,301,101,3,87,0,13,27,5,156,267
04/04/2020,16,8,945,10,2,512,13346,2741,10,4872,12328,318,20,31,61,9,5,26,73,58,64,8,36,39,30,938,7,27,64274,103,80,35,30,283,141,11,13080,18,2,65,8,12,14,21,22,20,18,77,13,349,117,4,87,0,17,30,6,193,293
04/05/2020,16,8,1059,10,2,548,14398,3102,11,5362,12933,358,25,33,61,9,8,29,74,58,64,8,38,43,30,1077,7,27,68726,116,87,35,30,314,148,11,13722,22,2,71,10,12,14,22,22,26,19,89,15,349,128,4,95,0,18,32,9,234,305
04/06/2020,17,11,1163,10,2,574,15616,3397,13,5703,14473,382,26,36,70,9,8,34,78,63,73,9,47,46,32,1189,7,27,73553,130,100,39,33,345,153,11,14293,23,2,76,15,15,15,23,25,33,26,92,15,377,138,4,98,2091,19,34,9,259,319
04/07/2020,17,14,1163,10,2,596,16610,3599,15,5990,15561,402,31,37,72,13,8,34,91,63,79,10,49,51,36,1249,7,24,78498,143,118,39,34,366,163,12,14804,23,2,86,13,16,16,33,32,39,28,92,18,377,145,4,102,0,19,35,10,270,333
04/08/2020,21,15,1205,10,2,651,18548,3865,16,6413,15844,422,33,39,72,14,8,38,91,69,82,12,55,53,37,1395,7,25,83673,143,125,39,34,403,167,12,15887,27,2,88,15,17,16,47,32,40,28,92,18,377,149,4,102,0,20,39,12,279,342
04/09/2020,22,16,1362,11,3,698,20140,4090,22,6665,17413,460,40,40,70,15,6,39,79,76,89,17,59,55,37,1493,8,28,89127,146,158,43,36,438,172,12,17004,29,1,105,17,18,16,56,32,42,26,91,28,358,167,4,105,0,25,39,15,294,379
04/10/2020,26,27,1409,11,3,742,21512,4532,24,7122,18692,530,43,43,74,18,6,41,91,78,117,18,59,60,39,1598,10,34,94702,156,172,51,36,487,182,12,18077,30,2,112,18,20,17,65,36,43,29,99,29,369,191,5,105,0,26,41,15,318,426
04/11/2020,26,28,1472,11,3,767,22584,4847,24,7477,19883,589,44,43,77,21,6,43,96,80,119,19,60,61,39,1744,12,37,100840,167,181,56,37,494,187,12,18729,31,2,117,19,21,17,67,37,44,30,99,29,380,194,5,108,0,31,42,16,340,446
04/12/2020,26,29,1571,12,3,798,23553,5027,25,7721,20816,612,46,43,79,21,6,43,105,85,121,19,60,63,39,1838,12,44,105939,183,195,57,38,497,196,12,19313,31,3,126,28,22,18,69,37,46,30,101,29,397,199,5,109,0,34,42,16,358,478
04/13/2020,26,30,1624,12,3,823,24358,5182,26,7965,21643,630,48,44,80,21,6,43,113,89,123,20,60,65,42,1881,12,45,109706,189,206,57,38,502,201,12,19785,31,4,133,28,23,20,71,38,46,30,101,29,416,204,5,110,0,37,42,16,380,499
04/14/2020,28,33,1668,13,3,850,25250,5578,31,8335,22462,690,77,45,84,22,7,44,120,92,147,24,64,68,45,1934,12,66,113632,197,229,61,41,558,224,20,20191,32,6,146,32,23,22,76,39,47,31,104,32,431,235,6,112,0,40,48,18,415,535
04/15/2020,28,36,1751,13,3,884,26715,5716,33,8474,23278,733,77,45,96,24,7,44,124,92,151,25,69,71,46,2048,12,73,121653,204,246,62,42,571,227,20,20947,34,6,153,32,24,23,76,40,47,31,105,32,449,237,6,115,0,42,48,18,424,548
04/16/2020,28,36,1850,13,3,932,27772,5888,34,8752,24182,761,81,46,99,25,8,44,137,93,154,27,70,73,47,2085,12,74,126623,216,249,65,44,573,231,20,21828,34,7,167,32,24,24,78,43,48,32,105,32,462,245,6,116,0,46,49,18,437,581
04/17/2020,29,36,1929,13,3,975,28539,6084,34,8987,25035,788,91,47,101,27,8,44,150,96,154,30,71,76,48,2142,15,77,131003,227,261,67,45,578,236,20,22476,35,8,178,34,25,25,83,46,50,34,105,33,483,250,6,117,0,48,49,18,505,619
04/18/2020,30,36,1997,13,3,1008,29180,6281,41,9171,26143,820,94,48,105,27,8,47,164,98,160,32,72,77,49,2201,22,82,135052,234,268,69,45,582,244,20,23179,36,9,186,34,25,25,87,47,50,37,105,34,492,259,6,117,0,52,49,18,524,648
04/19/2020,30,36,2070,13,3,1032,30013,6394,46,9364,26888,854,96,49,107,27,8,48,173,105,167,35,73,78,49,2240,24,85,138370,246,275,70,47,592,251,20,23803,36,9,192,34,25,25,117,49,54,39,106,35,498,268,6,117,0,63,50,18,537,682
04/20/2020,30,36,2109,13,3,1054,30677,6497,46,9457,27662,877,101,51,111,27,9,49,177,110,167,37,73,78,49,2284,26,86,140881,255,279,71,48,599,254,20,24306,36,10,199,34,25,25,119,49,54,39,106,35,509,269,7,119,0,65,50,18,544,687
04/21/2020,30,36,2147,13,3,1070,31079,6576,53,9568,28154,893,102,51,113,27,9,49,183,120,170,37,75,79,49,2331,27,87,143547,260,284,72,49,605,257,20,24655,36,10,205,35,25,25,121,50,54,39,106,37,514,273,7,119,0,68,51,18,555,704
04/22/2020,30,36,2233,13,3,1112,31555,6705,56,9699,28854,913,108,51,117,28,9,49,186,123,171,39,75,79,50,2391,28,87,146787,268,301,73,49,611,264,20,25275,40,11,219,37,26,25,122,53,54,39,106,38,526,280,7,119,0,73,52,18,561,737
04/23/2020,30,37,2450,13,3,1152,32124,6816,59,9828,29567,942,119,52,123,28,9,50,191,139,171,40,76,82,50,2460,22,89,150327,295,317,73,49,615,265,21,25959,41,11,224,37,26,25,126,54,56,41,106,39,600,288,7,119,0,80,53,18,580,758
04/24/2020,31,39,2603,13,3,1199,32765,7170,60,10091,30606,976,122,53,129,29,9,50,198,144,171,40,79,84,51,2517,28,90,155081,332,323,73,51,619,278,21,26632,43,11,232,39,27,25,127,56,58,44,106,39,639,297,7,121,0,83,53,18,628,805
04/25/2020,35,47,2773,14,3,1285,33798,7988,75,11091,31368,1166,132,54,140,61,9,60,221,156,204,71,103,91,58,2660,30,107,159851,344,364,82,57,885,320,33,27230,57,16,251,45,27,28,141,56,59,58,121,46,664,431,7,126,0,113,65,36,689,899
04/26/2020,35,47,2954,14,3,1316,34522,8121,80,11256,32059,1190,135,57,143,62,9,60,242,167,207,71,106,93,58,2729,30,110,163106,368,384,84,61,904,330,35,27664,59,17,257,45,29,28,144,57,60,60,123,47,692,449,7,126,0,127,65,38,724,948
04/27/2020,35,48,3021,14,3,1331,34865,8253,80,11366,32470,1219,147,59,146,62,9,62,246,169,209,71,108,95,58,2793,30,111,165463,378,397,86,61,925,336,35,28007,63,17,261,45,30,28,148,58,60,62,124,47,726,457,7,126,0,130,69,38,748,979
04/28/2020,35,48,3089,14,3,1371,35085,8389,80,11453,32724,1230,150,59,154,66,9,65,250,170,210,82,113,95,59,2817,32,112,167487,386,411,90,63,932,343,38,28245,63,17,266,45,30,28,149,58,60,65,126,49,742,469,7,126,0,131,70,38,769,1009
04/29/2020,35,48,3196,15,3,1404,35505,8503,85,11586,33265,1252,152,59,165,67,9,66,262,170,214,84,119,96,60,2881,33,114,170124,401,422,90,63,946,346,39,28625,65,17,273,47,31,28,152,58,60,67,126,51,782,479,7,127,0,134,70,38,811,1067
04/30/2020,35,48,3319,15,3,1441,35854,8665,89,11708,33664,1279,176,59,170,71,9,67,287,173,216,88,122,98,61,2954,34,131,172784,420,439,90,63,970,354,42,28969,65,18,284,47,33,28,153,58,61,69,131,53,832,501,7,128,0,148,71,39,838,1165
05/01/2020,35,51,3481,15,3,1478,36161,8766,92,11812,34037,1298,182,61,202,75,9,67,298,176,216,90,123,99,61,3002,34,139,174931,440,451,91,64,990,358,43,29231,68,18,299,49,35,28,154,60,61,73,139,54,860,514,7,128,0,170,71,41,880,1204
05/02/2020,35,51,3598,15,3,1534,36519,8925,93,11945,34478,1327,185,62,205,79,9,67,311,176,217,90,124,99,61,3049,34,142,177490,457,474,92,66,1003,361,43,29626,69,18,305,50,35,28,155,61,62,76,149,54,903,521,7,128,0,184,73,42,931,1238
05/03/2020,35,51,3710,15,3,1566,36780,8982,97,12025,34855,1341,188,66,209,82,9,67,322,177,218,90,125,99,61,3086,35,151,179728,474,489,95,66,1013,363,45,29884,69,19,327,53,36,28,155,62,62,83,151,56,952,527,7,129,0,186,75,45,951,1258
05/04/2020,35,51,3802,16,3,1595,36965,9030,97,12095,35077,1354,192,68,213,84,9,67,337,178,219,90,126,100,62,3131,35,154,181034,493,550,96,67,1026,367,45,30097,69,19,334,53,37,28,159,63,63,85,217,56,971,535,7,129,0,188,76,45,976,1287
05/05/2020,35,51,3891,16,3,1624,37152,9159,99,12144,35275,1357,192,69,229,97,9,67,339,178,221,92,126,100,62,3151,38,166,182318,508,574,97,68,1031,368,45,30239,70,19,338,53,37,28,159,67,63,86,223,61,1002,537,7,129,0,188,78,46,984,1294
05/06/2020,35,51,4008,16,5,1655,37350,9215,103,12204,35543,1383,193,69,291,100,9,67,347,180,223,96,128,102,62,3192,38,188,183770,549,579,99,70,1040,371,45,30426,70,19,345,54,38,28,162,68,63,89,231,63,1056,551,7,129,0,189,78,46,996,1321
05/07/2020,35,52,4136,16,5,1689,37593,9343,108,12280,35892,1416,193,69,302,101,10,67,367,181,224,97,129,105,63,3233,38,198,185653,588,609,101,70,1066,374,45,30709,71,19,360,59,40,29,168,74,64,95,246,63,1115,551,7,130,0,190,78,46,1021,1348
05/08/2020,35,52,4255,17,5,1736,37812,9417,121,12349,36223,1429,199,74,304,103,10,67,380,187,225,99,130,105,63,3277,39,199,187157,605,620,104,72,1074,388,45,30904,73,20,364,59,40,29,169,76,66,100,249,64,1169,558,7,131,0,201,79,46,1039,1384
05/09/2020,35,53,4337,17,5,1776,38028,9501,122,12400,36461,1440,202,76,304,104,11,67,407,187,226,104,131,109,63,3319,39,204,188663,627,638,104,75,1080,399,46,31086,75,20,372,60,40,29,170,77,67,101,250,66,1218,571,7,132,0,204,79,48,1071,1416
05/10/2020,36,58,4453,17,5,1822,38217,9558,126,12451,36702,1450,207,76,312,107,11,67,409,187,227,105,131,109,64,3359,40,206,189656,643,660,106,75,1089,402,46,31293,77,21,373,60,41,29,172,79,68,102,251,67,1265,571,7,132,0,206,80,49,1093,1432
05/11/2020,38,60,4483,17,5,1851,38337,9599,130,12484,36911,1454,217,76,314,109,11,67,411,190,228,107,131,111,65,3378,40,206,190546,655,669,107,75,1098,403,46,31383,77,21,378,61,41,29,173,81,68,102,251,67,1287,575,7,132,0,210,81,49,1109,1456
05/12/2020,42,60,4530,17,5,1891,38434,9647,133,12504,37062,1465,221,77,314,135,11,67,416,191,229,107,131,112,65,3399,40,206,191320,671,676,107,76,1098,407,46,31471,77,21,379,61,42,30,174,81,68,102,251,67,1308,581,8,132,0,210,83,49,1119,1479
05/13/2020,44,60,4606,17,5,1960,38587,9708,142,12543,37305,1481,223,78,318,140,11,67,420,192,230,108,132,112,66,3429,40,206,192394,690,686,109,76,1108,410,47,31610,77,22,382,61,43,31,174,84,68,103,253,68,1395,587,8,136,0,214,84,49,1135,1494
05/14/2020,44,60,4671,17,5,2020,38743,9786,145,12596,37544,1495,227,81,327,144,12,67,423,192,230,108,132,112,67,3474,40,207,193663,710,698,129,78,1115,415,47,31791,77,22,383,64,44,33,175,86,69,106,255,69,1423,597,8,136,0,215,89,49,1168,1509
05/15/2020,44,61,4782,17,5,2092,38864,9840,147,12637,37719,1511,228,85,333,145,12,67,428,192,231,110,133,113,67,3498,40,209,195472,743,713,133,80,1121,421,47,31942,77,22,390,64,45,33,175,87,71,106,256,72,1440,603,8,136,0,217,91,49,1189,1538
05/16/2020,44,63,4867,18,5,2193,39033,9894,163,12688,37942,1537,228,91,338,148,13,67,438,192,233,112,134,115,68,3527,40,211,196481,770,751,139,83,1127,423,47,32096,78,22,413,65,48,34,178,91,71,107,258,75,1469,613,8,138,0,218,92,50,1217,1572
05/17/2020,44,63,4954,18,5,2259,39136,9958,167,12758,38117,1552,232,92,340,171,16,67,439,192,234,113,134,117,69,3543,41,212,197486,792,760,146,84,1136,428,47,32223,78,23,414,65,48,34,180,91,71,110,258,75,1501,620,9,139,0,219,96,51,1231,1579
05/18/2020,44,65,4993,18,5,2304,39225,9980,167,12777,38224,1557,234,94,346,182,17,67,444,192,235,113,134,118,69,3552,41,213,198114,818,772,148,84,1141,434,48,32322,79,25,423,67,49,35,180,92,71,110,258,75,1520,629,10,141,0,219,97,51,1246,1610
05/19/2020,44,68,5037,18,5,2377,39295,10003,168,12798,38327,1565,235,94,350,182,18,67,444,192,236,113,134,118,69,3710,42,214,198710,845,785,152,89,1159,436,48,32401,79,26,429,69,49,36,182,92,71,111,260,75,1665,631,10,142,0,220,98,51,1258,1655
05/20/2020,44,68,5131,18,5,2466,39368,10058,171,12831,38411,1571,235,94,350,184,18,67,453,195,237,114,134,118,69,3724,42,215,199392,858,802,170,90,1168,438,48,32516,79,34,436,70,50,36,184,93,71,111,292,75,1718,633,10,145,0,221,103,52,1267,1682
05/21/2020,44,72,5270,19,5,2531,39487,10107,174,12877,38553,1584,241,94,355,186,18,67,456,195,238,117,134,118,71,3745,44,215,200507,880,817,176,92,1175,440,49,32672,79,34,451,71,58,36,188,93,71,114,294,77,1771,638,10,145,0,222,103,52,1281,1700
05/22/2020,44,73,5397,19,5,2602,39608,10157,175,12905,38672,1595,246,94,356,189,19,67,460,195,240,118,135,118,72,3767,44,215,201298,897,828,180,96,1187,448,49,32766,79,34,468,74,63,37,189,95,72,114,297,77,1828,645,11,147,0,224,104,54,1287,1756
05/23/2020,44,76,5552,20,5,2662,39726,10212,196,12934,38802,1606,249,95,359,193,19,68,463,196,240,121,136,118,74,3793,44,217,202062,927,864,182,99,1200,452,49,32880,80,37,485,78,72,38,191,100,72,114,301,77,1904,648,11,149,0,225,107,54,1297,1770
05/24/2020,44,77,5626,20,5,2698,39837,10240,202,12963,38964,1617,250,95,365,194,19,69,463,197,240,122,136,118,77,3807,44,220,202931,941,878,184,100,1208,456,49,32967,81,37,501,78,75,39,191,101,72,114,301,79,1953,658,11,151,0,226,108,55,1310,1782
05/25/2020,44,77,5700,20,5,2734,39907,10259,205,12996,39090,1632,251,95,372,196,19,69,465,197,240,122,136,119,77,3825,44,225,203569,955,905,185,104,1214,461,49,33048,82,37,519,81,75,39,192,103,72,115,303,79,1981,664,11,154,0,228,109,55,1324,1791
05/26/2020,44,78,5753,20,5,2763,39974,10292,208,13019,39199,1638,251,95,373,196,20,69,466,197,240,122,136,123,77,3834,44,225,204111,965,917,195,104,1222,463,49,33106,82,37,522,81,77,39,193,103,72,118,303,80,2012,668,11,154,0,228,110,55,1338,1793
05/27/2020,45,80,5810,20,5,2792,40034,10307,210,13047,39258,1645,252,95,380,198,20,69,466,200,241,124,136,125,78,3847,44,231,204781,972,929,198,105,1227,465,49,33185,82,39,528,82,78,39,195,105,72,118,310,82,2033,673,11,155,0,228,110,55,1340,1796
05/28/2020,45,84,5886,20,5,2825,40140,10340,212,13076,39359,1658,253,95,380,200,20,70,469,201,241,126,136,126,78,3867,44,236,205854,984,959,201,107,1236,468,49,33292,82,39,545,85,81,39,197,106,72,118,310,82,2054,676,11,156,0,231,112,56,1351,1814
05/29/2020,45,89,5935,21,5,2861,40226,10376,216,13100,39445,1663,254,95,382,206,20,71,478,202,241,126,137,130,79,3887,44,237,206800,1008,988,205,108,1241,473,49,33348,82,39,557,86,82,39,199,107,74,118,310,84,2092,680,11,157,0,232,113,57,1364,1834
05/30/2020,45,90,6014,22,5,2910,40307,10404,228,13128,39532,1678,255,95,383,207,20,71,486,202,241,128,137,132,79,3899,44,238,207539,1020,1006,206,108,1248,477,50,33428,84,39,561,87,83,41,200,107,74,118,311,89,2133,686,11,161,0,235,113,58,1375,1843
05/31/2020,45,91,6070,22,5,2943,40396,10421,229,13151,39643,1685,255,95,387,208,20,72,491,204,241,130,137,133,79,3909,45,238,208085,1037,1027,207,109,1252,480,50,33480,86,39,566,88,84,41,202,108,74,119,316,91,2170,689,11,164,0,235,115,58,1387,1860
06/01/2020,48,92,6123,23,5,2965,40479,10437,236,13185,39705,1691,255,96,389,210,20,72,492,205,241,130,137,133,81,3924,45,239,208550,1046,1036,208,110,1257,483,50,33551,86,39,574,89,85,41,202,109,74,119,316,91,2197,693,11,164,0,235,116,59,1389,1882
06/02/2020,48,93,6173,23,5,2990,40572,10464,241,13223,39980,1696,255,97,391,212,20,73,493,205,242,131,137,133,82,3936,46,241,209195,1048,1049,209,110,1262,484,51,33632,86,39,578,89,86,41,202,111,74,119,317,93,2228,696,12,164,0,237,116,59,1392,1900
06/03/2020,49,96,6234,23,5,3049,40644,10475,246,13259,40062,1701,256,97,399,213,20,73,495,206,243,133,137,133,82,3951,46,241,209688,1067,1058,215,112,1264,489,51,33690,87,39,589,90,89,41,202,113,74,120,319,94,2256,701,12,165,0,238,120,60,1393,1920
06/04/2020,49,96,6308,23,5,3082,40713,10486,247,13280,40153,1704,256,97,400,215,20,73,495,207,245,133,137,133,82,3962,46,241,210227,1085,1069,218,112,1268,493,51,33766,87,39,593,91,95,41,205,113,74,120,319,96,2295,701,12,165,0,238,121,60,1405,1930
06/05/2020,51,98,6359,23,5,3118,40797,10499,247,13297,40239,1711,256,97,411,219,20,73,497,207,246,134,137,133,84,3984,46,242,210728,1099,1077,219,112,1270,496,51,33853,88,39,605,92,97,41,205,115,75,121,323,96,2329,706,12,167,0,240,122,61,1409,1941
06/06/2020,51,100,6429,23,5,3168,40853,10523,254,13315,40278,1714,257,97,412,222,20,74,499,209,251,134,137,133,85,3995,46,246,211274,1109,1127,220,114,1274,501,54,33923,89,39,613,92,99,41,206,122,75,121,325,98,2375,710,12,171,0,240,123,61,1411,1953
06/07/2020,51,101,6486,23,5,3191,40904,10529,255,13325,40329,1718,257,97,414,224,20,74,502,209,251,134,137,134,85,4000,46,246,211728,1112,1143,221,115,1277,502,54,33953,89,39,620,94,101,41,208,123,77,121,327,100,2392,711,12,171,0,240,124,61,1415,1961
06/08/2020,51,101,6531,23,5,3204,40947,10538,256,13340,40377,1721,257,97,414,227,20,75,503,209,251,134,137,135,85,4006,47,247,212122,1116,1170,221,115,1279,504,54,33999,90,39,624,95,101,42,208,124,78,121,327,100,2408,712,12,171,0,240,125,61,1417,1978
06/09/2020,51,102,6595,23,5,3244,40980,10548,257,13353,40426,1724,257,97,414,228,20,75,505,209,252,134,138,135,86,4016,48,248,212469,1125,1185,222,115,1280,511,54,34034,91,39,627,95,103,42,210,125,79,121,331,100,2427,715,12,171,0,240,126,61,1418,1983
06/10/2020,52,102,6616,23,5,3256,41015,10556,259,13372,40464,1726,257,97,420,228,20,77,507,209,253,135,138,137,87,4022,48,249,212884,1129,1203,222,115,1282,511,54,34075,91,39,630,96,105,42,211,125,79,121,331,100,2433,716,12,171,0,240,126,61,1425,1986
06/11/2020,53,102,6659,23,5,3294,41060,10565,260,13385,40512,1729,257,98,424,230,20,78,508,212,254,135,138,137,88,4027,48,249,213271,1136,1216,229,119,1282,513,54,34105,91,39,641,98,106,42,212,125,79,121,333,101,2454,717,12,171,0,241,127,62,1426,1996
06/12/2020,53,103,6717,24,5,3321,41114,10573,260,13396,40559,1734,257,98,428,231,20,78,510,214,254,137,138,138,88,4035,48,249,213707,1143,1237,230,120,1282,514,54,34174,91,39,644,101,106,42,212,127,80,121,333,103,2474,721,12,172,0,242,129,63,1428,2007
06/13/2020,54,103,6753,25,5,3341,41172,10578,261,13411,40615,1739,257,98,431,232,20,80,511,214,255,137,138,138,88,4049,48,250,214242,1154,1253,230,122,1285,514,54,34252,91,39,647,101,106,42,212,128,81,122,333,103,2498,723,12,173,0,242,131,63,1430,2016
06/14/2020,54,106,6785,25,6,3371,41204,10586,267,13423,40659,1741,257,98,436,234,20,80,513,215,255,139,138,138,88,4056,48,251,214627,1166,1273,233,122,1288,515,54,34289,92,40,651,104,107,42,212,128,81,123,334,104,2519,725,12,173,0,243,133,63,1430,2020
06/15/2020,55,106,6817,25,6,3381,41240,10588,268,13441,40692,1741,257,98,439,235,20,80,514,215,256,139,138,138,88,4068,48,251,215011,1169,1280,233,126,1291,517,54,34326,92,40,655,106,107,42,213,128,81,123,335,104,2531,732,12,173,0,243,133,64,1432,2022
06/16/2020,55,106,6852,25,6,3403,41290,10595,268,13460,40738,1742,257,99,442,236,20,81,514,215,257,140,138,139,88,4075,48,252,215342,1171,1301,234,139,1292,522,54,34357,93,40,656,107,108,42,213,128,81,123,336,104,2545,735,12,173,0,243,134,64,1433,2026
06/17/2020,55,106,6882,25,6,3419,41320,10614,270,13467,40770,1744,257,99,442,236,21,82,515,215,257,140,138,139,89,4077,48,252,215686,1177,1307,234,139,1294,523,55,34384,93,40,657,109,108,42,216,128,82,123,338,104,2558,737,12,173,0,243,137,64,1433,2029
06/18/2020,57,106,6920,26,6,3440,41349,10619,271,13474,40810,1746,258,99,443,236,21,82,515,215,257,140,138,139,89,4088,48,252,216013,1183,1332,235,144,1295,526,55,34408,93,40,657,109,110,44,217,128,82,123,341,105,2615,738,12,173,0,243,139,64,1434,2034
06/19/2020,58,107,6955,27,6,3462,41387,10635,274,13486,40864,1749,261,99,446,237,21,82,519,215,257,140,139,139,89,4110,48,254,216421,1185,1357,239,167,1299,528,55,34454,93,40,663,109,112,44,218,131,82,123,342,106,2634,746,12,173,0,243,141,64,1434,2049
06/20/2020,58,108,6980,27,6,3488,41443,10653,275,13495,40908,1750,261,100,451,243,22,82,521,216,261,140,139,139,90,4127,49,255,216803,1188,1378,239,169,1301,531,56,34485,93,41,665,113,115,44,222,134,83,123,343,106,2644,749,12,174,0,244,143,64,1435,2053
06/21/2020,58,108,7004,27,6,3499,41479,10663,276,13504,40972,1754,261,100,451,243,23,82,524,216,261,140,139,139,90,4138,49,256,217189,1192,1393,240,173,1301,533,57,34520,93,41,668,115,116,44,222,136,84,123,345,106,2666,754,12,175,0,244,143,64,1437,2054
06/22/2020,58,108,7035,27,6,3513,41513,10669,276,13514,41010,1756,262,100,452,244,23,83,528,217,263,140,139,140,90,4145,49,256,217487,1193,1416,242,173,1305,535,57,34556,93,42,670,115,116,44,225,137,84,124,347,108,2675,761,12,175,0,244,143,64,1438,2060
06/23/2020,58,108,7073,28,6,3541,41544,10681,277,13529,41056,1757,262,100,454,244,24,83,533,217,263,141,139,141,91,4150,49,256,217803,1195,1421,242,179,1305,538,57,34580,93,43,671,118,116,44,229,137,84,125,347,109,2702,770,12,175,0,244,145,64,1440,2062
06/24/2020,58,109,7108,28,6,3568,41585,10684,277,13534,41101,1760,262,100,454,244,24,83,534,217,263,141,139,142,91,4158,49,256,218089,1199,1445,246,188,1306,538,57,34596,93,44,671,120,118,44,230,142,84,125,347,110,2734,772,12,175,0,244,150,64,1447,2065
06/25/2020,58,109,7138,28,6,3603,41646,10694,279,13549,41151,1765,263,101,455,244,25,83,541,217,264,141,139,144,91,4176,49,257,218429,1203,1479,248,191,1311,540,57,34641,93,44,680,121,121,44,231,143,85,126,349,111,2751,778,12,175,0,245,154,66,1448,2076
06/26/2020,58,109,7181,28,6,3642,41684,10713,279,13557,41208,1768,263,101,460,248,26,83,549,218,264,141,139,145,91,4179,49,257,218799,1213,1520,252,192,1317,540,57,34699,94,45,697,123,122,44,232,149,85,126,351,113,2782,781,12,175,0,245,159,69,1449,2084
06/27/2020,58,111,7206,29,6,3677,41725,10725,280,13566,41253,1773,263,101,461,249,26,84,550,218,264,142,139,146,91,4191,50,260,219157,1223,1547,254,194,1319,546,57,34747,95,45,701,123,123,44,237,154,85,126,351,116,2791,786,12,175,0,245,161,69,1451,2091
06/28/2020,59,113,7228,29,6,3691,41754,10728,281,13576,41306,1778,263,101,463,255,29,84,551,218,266,142,140,146,91,4198,50,260,219481,1226,1586,256,195,1323,548,58,34779,95,45,703,123,123,46,238,158,85,128,352,118,2816,792,12,176,0,246,162,69,1451,2097
06/29/2020,59,114,7249,30,6,3710,41780,10731,281,13580,41339,1778,263,101,463,256,30,84,553,219,266,142,140,146,91,4201,50,260,219670,1228,1616,257,196,1325,549,58,34797,95,46,710,123,123,47,238,159,86,128,353,118,2822,799,12,177,0,246,165,69,1451,2099
06/30/2020,59,115,7292,30,6,3743,41807,10738,281,13590,41385,1781,263,101,464,256,30,84,553,219,266,143,141,146,91,4207,50,260,219844,1234,1627,259,197,1326,549,58,34837,95,46,716,123,127,47,238,159,86,129,357,118,2842,800,12,177,0,246,170,69,1451,2102
07/01/2020,61,119,7337,31,6,3781,41853,10745,281,13602,41427,1782,263,101,466,257,30,84,555,219,268,143,144,146,91,4213,50,260,220143,1237,1642,265,201,1329,550,58,34865,95,46,722,123,127,47,238,162,88,130,357,118,2863,805,13,177,0,246,174,70,1452,2112
07/02/2020,62,119,7370,32,6,3834,41910,10759,282,13612,41491,1790,264,101,472,260,30,84,556,220,268,143,144,148,91,4225,50,260,220567,1248,1672,268,206,1332,555,58,34911,95,46,729,124,127,47,238,164,90,130,359,119,2897,816,13,178,0,246,176,70,1453,2125
07/03/2020,63,120,7427,33,6,3886,41947,10774,282,13623,41538,1815,266,101,474,261,30,84,559,222,268,143,145,148,91,4231,54,263,221028,1262,1708,275,206,1333,561,58,34979,95,46,736,124,129,48,239,172,93,130,360,119,2909,824,13,178,0,246,181,70,1455,2130
07/04/2020,63,120,7462,33,6,3923,41988,10781,282,13629,41585,1825,268,101,474,261,31,86,563,223,269,145,146,149,91,4238,55,263,221395,1277,1725,278,206,1335,562,58,35019,96,48,752,127,131,50,239,172,93,131,363,119,2928,831,13,178,0,246,183,70,1456,2145
07/05/2020,63,120,7475,33,6,3954,42031,10790,282,13648,41642,1834,269,103,475,261,31,86,565,224,270,146,146,150,91,4243,56,263,221637,1284,1742,280,206,1336,566,59,35042,97,48,753,127,132,51,239,173,94,132,363,119,2949,834,13,179,0,246,185,71,1456,2152
07/06/2020,63,122,7500,33,6,3975,42053,10796,284,13656,41685,1840,272,103,477,262,31,86,568,226,271,148,146,156,91,4246,57,263,221882,1290,1749,282,206,1337,572,59,35083,97,48,757,128,134,52,242,179,94,133,364,120,2963,838,13,179,0,247,186,71,1457,2160
07/07/2020,63,122,7544,33,6,4005,42088,10813,285,13668,41730,1843,273,105,479,262,31,86,571,226,271,150,147,157,91,4248,57,263,222156,1297,1760,283,207,1340,578,59,35105,97,48,762,128,135,53,242,181,94,134,367,121,2997,843,13,179,0,247,191,71,1459,2164
07/08/2020,64,122,7596,33,6,4047,42122,10821,286,13679,41799,1845,273,106,482,262,31,86,580,227,271,150,147,159,91,4250,57,263,222444,1307,1776,286,210,1344,582,60,35153,98,48,766,130,149,54,244,181,94,137,368,121,3029,844,13,180,0,247,193,71,1460,2175
07/09/2020,64,124,7624,34,6,4075,42164,10825,286,13683,41849,1851,273,107,482,263,31,86,586,227,272,151,148,163,91,4255,59,263,222723,1315,1791,290,211,1348,585,61,35182,99,48,770,131,152,55,244,182,95,140,368,125,3050,848,13,180,0,248,195,73,1460,2183
07/10/2020,64,124,7660,35,6,4121,42232,10835,287,13691,41911,1853,274,107,482,264,31,88,588,227,272,159,148,166,91,4262,59,264,223078,1327,1806,293,216,1355,587,62,35225,101,48,784,134,155,56,246,184,95,144,371,128,3078,852,13,181,0,249,201,73,1464,2190
