date,Athens,Belmont,Butler,Carroll,Champaign,Clermont,Clinton,Columbiana,Crawford,Erie,Hardin,Harrison,Hocking,Knox,Lawrence,Lorain,Preble,Summit,Vinton,Washington,Wayne,Williams,Wood,Ashland,Cuyahoga,Delaware,Franklin,Fulton,Gallia,Henry,Licking,Lucas,Medina,Monroe,Montgomery,Morgan,Perry,Pickaway,Pike,Richland,Ross,Scioto,Trumbull,Van Wert,Ashtabula,Brown,Clark,Coshocton,Defiance,Fairfield,Hancock,Highland,Huron,Jackson,Jefferson,Madison,Mahoning,Marion,Ottawa,Paulding,Sandusky,Shelby,Adams,Auglaize,Darke,Fayette,Geauga,Greene,Guernsey,Hamilton,Holmes,Lake,Logan,Meigs,Mercer,Miami,Muskingum,Portage,Putnam,Seneca,Stark,Tuscarawas,Union,Unknown,Warren,Noble,Wyandot,Morrow,Allen
01/21/2020,0,0,0,0,0,0,0,0,0,0,0,0,0,0,0,0,0,0,0,0,0,0,0,0,0,0,0,0,0,0,0,0,0,0,0,0,0,0,0,0,0,0,0,0,0,0,0,0,0,0,0,0,0,0,0,0,0,0,0,0,0,0,0,0,0,0,0,0,0,0,0,0,0,0,0,0,0,0,0,0,0,0,0,0,0,0,0,0,0
01/22/2020,0,0,0,0,0,0,0,0,0,0,0,0,0,0,0,0,0,0,0,0,0,0,0,0,0,0,0,0,0,0,0,0,0,0,0,0,0,0,0,0,0,0,0,0,0,0,0,0,0,0,0,0,0,0,0,0,0,0,0,0,0,0,0,0,0,0,0,0,0,0,0,0,0,0,0,0,0,0,0,0,0,0,0,0,0,0,0,0,0
01/23/2020,0,0,0,0,0,0,0,0,0,0,0,0,0,0,0,0,0,0,0,0,0,0,0,0,0,0,0,0,0,0,0,0,0,0,0,0,0,0,0,0,0,0,0,0,0,0,0,0,0,0,0,0,0,0,0,0,0,0,0,0,0,0,0,0,0,0,0,0,0,0,0,0,0,0,0,0,0,0,0,0,0,0,0,0,0,0,0,0,0
01/24/2020,0,0,0,0,0,0,0,0,0,0,0,0,0,0,0,0,0,0,0,0,0,0,0,0,0,0,0,0,0,0,0,0,0,0,0,0,0,0,0,0,0,0,0,0,0,0,0,0,0,0,0,0,0,0,0,0,0,0,0,0,0,0,0,0,0,0,0,0,0,0,0,0,0,0,0,0,0,0,0,0,0,0,0,0,0,0,0,0,0
01/25/2020,0,0,0,0,0,0,0,0,0,0,0,0,0,0,0,0,0,0,0,0,0,0,0,0,0,0,0,0,0,0,0,0,0,0,0,0,0,0,0,0,0,0,0,0,0,0,0,0,0,0,0,0,0,0,0,0,0,0,0,0,0,0,0,0,0,0,0,0,0,0,0,0,0,0,0,0,0,0,0,0,0,0,0,0,0,0,0,0,0
01/26/2020,0,0,0,0,0,0,0,0,0,0,0,0,0,0,0,0,0,0,0,0,0,0,0,0,0,0,0,0,0,0,0,0,0,0,0,0,0,0,0,0,0,0,0,0,0,0,0,0,0,0,0,0,0,0,0,0,0,0,0,0,0,0,0,0,0,0,0,0,0,0,0,0,0,0,0,0,0,0,0,0,0,0,0,0,0,0,0,0,0
01/27/2020,0,0,0,0,0,0,0,0,0,0,0,0,0,0,0,0,0,0,0,0,0,0,0,0,0,0,0,0,0,0,0,0,0,0,0,0,0,0,0,0,0,0,0,0,0,0,0,0,0,0,0,0,0,0,0,0,0,0,0,0,0,0,0,0,0,0,0,0,0,0,0,0,0,0,0,0,0,0,0,0,0,0,0,0,0,0,0,0,0
01/28/2020,0,0,0,0,0,0,0,0,0,0,0,0,0,0,0,0,0,0,0,0,0,0,0,0,0,0,0,0,0,0,0,0,0,0,0,0,0,0,0,0,0,0,0,0,0,0,0,0,0,0,0,0,0,0,0,0,0,0,0,0,0,0,0,0,0,0,0,0,0,0,0,0,0,0,0,0,0,0,0,0,0,0,0,0,0,0,0,0,0
01/29/2020,0,0,0,0,0,0,0,0,0,0,0,0,0,0,0,0,0,0,0,0,0,0,0,0,0,0,0,0,0,0,0,0,0,0,0,0,0,0,0,0,0,0,0,0,0,0,0,0,0,0,0,0,0,0,0,0,0,0,0,0,0,0,0,0,0,0,0,0,0,0,0,0,0,0,0,0,0,0,0,0,0,0,0,0,0,0,0,0,0
01/30/2020,0,0,0,0,0,0,0,0,0,0,0,0,0,0,0,0,0,0,0,0,0,0,0,0,0,0,0,0,0,0,0,0,0,0,0,0,0,0,0,0,0,0,0,0,0,0,0,0,0,0,0,0,0,0,0,0,0,0,0,0,0,0,0,0,0,0,0,0,0,0,0,0,0,0,0,0,0,0,0,0,0,0,0,0,0,0,0,0,0
01/31/2020,0,0,0,0,0,0,0,0,0,0,0,0,0,0,0,0,0,0,0,0,0,0,0,0,0,0,0,0,0,0,0,0,0,0,0,0,0,0,0,0,0,0,0,0,0,0,0,0,0,0,0,0,0,0,0,0,0,0,0,0,0,0,0,0,0,0,0,0,0,0,0,0,0,0,0,0,0,0,0,0,0,0,0,0,0,0,0,0,0
02/01/2020,0,0,0,0,0,0,0,0,0,0,0,0,0,0,0,0,0,0,0,0,0,0,0,0,0,0,0,0,0,0,0,0,0,0,0,0,0,0,0,0,0,0,0,0,0,0,0,0,0,0,0,0,0,0,0,0,0,0,0,0,0,0,0,0,0,0,0,0,0,0,0,0,0,0,0,0,0,0,0,0,0,0,0,0,0,0,0,0,0
02/02/2020,0,0,0,0,0,0,0,0,0,0,0,0,0,0,0,0,0,0,0,0,0,0,0,0,0,0,0,0,0,0,0,0,0,0,0,0,0,0,0,0,0,0,0,0,0,0,0,0,0,0,0,0,0,0,0,0,0,0,0,0,0,0,0,0,0,0,0,0,0,0,0,0,0,0,0,0,0,0,0,0,0,0,0,0,0,0,0,0,0
02/03/2020,0,0,0,0,0,0,0,0,0,0,0,0,0,0,0,0,0,0,0,0,0,0,0,0,0,0,0,0,0,0,0,0,0,0,0,0,0,0,0,0,0,0,0,0,0,0,0,0,0,0,0,0,0,0,0,0,0,0,0,0,0,0,0,0,0,0,0,0,0,0,0,0,0,0,0,0,0,0,0,0,0,0,0,0,0,0,0,0,0
02/04/2020,0,0,0,0,0,0,0,0,0,0,0,0,0,0,0,0,0,0,0,0,0,0,0,0,0,0,0,0,0,0,0,0,0,0,0,0,0,0,0,0,0,0,0,0,0,0,0,0,0,0,0,0,0,0,0,0,0,0,0,0,0,0,0,0,0,0,0,0,0,0,0,0,0,0,0,0,0,0,0,0,0,0,0,0,0,0,0,0,0
02/05/2020,0,0,0,0,0,0,0,0,0,0,0,0,0,0,0,0,0,0,0,0,0,0,0,0,0,0,0,0,0,0,0,0,0,0,0,0,0,0,0,0,0,0,0,0,0,0,0,0,0,0,0,0,0,0,0,0,0,0,0,0,0,0,0,0,0,0,0,0,0,0,0,0,0,0,0,0,0,0,0,0,0,0,0,0,0,0,0,0,0
02/06/2020,0,0,0,0,0,0,0,0,0,0,0,0,0,0,0,0,0,0,0,0,0,0,0,0,0,0,0,0,0,0,0,0,0,0,0,0,0,0,0,0,0,0,0,0,0,0,0,0,0,0,0,0,0,0,0,0,0,0,0,0,0,0,0,0,0,0,0,0,0,0,0,0,0,0,0,0,0,0,0,0,0,0,0,0,0,0,0,0,0
02/07/2020,0,0,0,0,0,0,0,0,0,0,0,0,0,0,0,0,0,0,0,0,0,0,0,0,0,0,0,0,0,0,0,0,0,0,0,0,0,0,0,0,0,0,0,0,0,0,0,0,0,0,0,0,0,0,0,0,0,0,0,0,0,0,0,0,0,0,0,0,0,0,0,0,0,0,0,0,0,0,0,0,0,0,0,0,0,0,0,0,0
02/08/2020,0,0,0,0,0,0,0,0,0,0,0,0,0,0,0,0,0,0,0,0,0,0,0,0,0,0,0,0,0,0,0,0,0,0,0,0,0,0,0,0,0,0,0,0,0,0,0,0,0,0,0,0,0,0,0,0,0,0,0,0,0,0,0,0,0,0,0,0,0,0,0,0,0,0,0,0,0,0,0,0,0,0,0,0,0,0,0,0,0
02/09/2020,0,0,0,0,0,0,0,0,0,0,0,0,0,0,0,0,0,0,0,0,0,0,0,0,0,0,0,0,0,0,0,0,0,0,0,0,0,0,0,0,0,0,0,0,0,0,0,0,0,0,0,0,0,0,0,0,0,0,0,0,0,0,0,0,0,0,0,0,0,0,0,0,0,0,0,0,0,0,0,0,0,0,0,0,0,0,0,0,0
02/10/2020,0,0,0,0,0,0,0,0,0,0,0,0,0,0,0,0,0,0,0,0,0,0,0,0,0,0,0,0,0,0,0,0,0,0,0,0,0,0,0,0,0,0,0,0,0,0,0,0,0,0,0,0,0,0,0,0,0,0,0,0,0,0,0,0,0,0,0,0,0,0,0,0,0,0,0,0,0,0,0,0,0,0,0,0,0,0,0,0,0
02/11/2020,0,0,0,0,0,0,0,0,0,0,0,0,0,0,0,0,0,0,0,0,0,0,0,0,0,0,0,0,0,0,0,0,0,0,0,0,0,0,0,0,0,0,0,0,0,0,0,0,0,0,0,0,0,0,0,0,0,0,0,0,0,0,0,0,0,0,0,0,0,0,0,0,0,0,0,0,0,0,0,0,0,0,0,0,0,0,0,0,0
02/12/2020,0,0,0,0,0,0,0,0,0,0,0,0,0,0,0,0,0,0,0,0,0,0,0,0,0,0,0,0,0,0,0,0,0,0,0,0,0,0,0,0,0,0,0,0,0,0,0,0,0,0,0,0,0,0,0,0,0,0,0,0,0,0,0,0,0,0,0,0,0,0,0,0,0,0,0,0,0,0,0,0,0,0,0,0,0,0,0,0,0
02/13/2020,0,0,0,0,0,0,0,0,0,0,0,0,0,0,0,0,0,0,0,0,0,0,0,0,0,0,0,0,0,0,0,0,0,0,0,0,0,0,0,0,0,0,0,0,0,0,0,0,0,0,0,0,0,0,0,0,0,0,0,0,0,0,0,0,0,0,0,0,0,0,0,0,0,0,0,0,0,0,0,0,0,0,0,0,0,0,0,0,0
02/14/2020,0,0,0,0,0,0,0,0,0,0,0,0,0,0,0,0,0,0,0,0,0,0,0,0,0,0,0,0,0,0,0,0,0,0,0,0,0,0,0,0,0,0,0,0,0,0,0,0,0,0,0,0,0,0,0,0,0,0,0,0,0,0,0,0,0,0,0,0,0,0,0,0,0,0,0,0,0,0,0,0,0,0,0,0,0,0,0,0,0
02/15/2020,0,0,0,0,0,0,0,0,0,0,0,0,0,0,0,0,0,0,0,0,0,0,0,0,0,0,0,0,0,0,0,0,0,0,0,0,0,0,0,0,0,0,0,0,0,0,0,0,0,0,0,0,0,0,0,0,0,0,0,0,0,0,0,0,0,0,0,0,0,0,0,0,0,0,0,0,0,0,0,0,0,0,0,0,0,0,0,0,0
02/16/2020,0,0,0,0,0,0,0,0,0,0,0,0,0,0,0,0,0,0,0,0,0,0,0,0,0,0,0,0,0,0,0,0,0,0,0,0,0,0,0,0,0,0,0,0,0,0,0,0,0,0,0,0,0,0,0,0,0,0,0,0,0,0,0,0,0,0,0,0,0,0,0,0,0,0,0,0,0,0,0,0,0,0,0,0,0,0,0,0,0
02/17/2020,0,0,0,0,0,0,0,0,0,0,0,0,0,0,0,0,0,0,0,0,0,0,0,0,0,0,0,0,0,0,0,0,0,0,0,0,0,0,0,0,0,0,0,0,0,0,0,0,0,0,0,0,0,0,0,0,0,0,0,0,0,0,0,0,0,0,0,0,0,0,0,0,0,0,0,0,0,0,0,0,0,0,0,0,0,0,0,0,0
02/18/2020,0,0,0,0,0,0,0,0,0,0,0,0,0,0,0,0,0,0,0,0,0,0,0,0,0,0,0,0,0,0,0,0,0,0,0,0,0,0,0,0,0,0,0,0,0,0,0,0,0,0,0,0,0,0,0,0,0,0,0,0,0,0,0,0,0,0,0,0,0,0,0,0,0,0,0,0,0,0,0,0,0,0,0,0,0,0,0,0,0
02/19/2020,0,0,0,0,0,0,0,0,0,0,0,0,0,0,0,0,0,0,0,0,0,0,0,0,0,0,0,0,0,0,0,0,0,0,0,0,0,0,0,0,0,0,0,0,0,0,0,0,0,0,0,0,0,0,0,0,0,0,0,0,0,0,0,0,0,0,0,0,0,0,0,0,0,0,0,0,0,0,0,0,0,0,0,0,0,0,0,0,0
02/20/2020,0,0,0,0,0,0,0,0,0,0,0,0,0,0,0,0,0,0,0,0,0,0,0,0,0,0,0,0,0,0,0,0,0,0,0,0,0,0,0,0,0,0,0,0,0,0,0,0,0,0,0,0,0,0,0,0,0,0,0,0,0,0,0,0,0,0,0,0,0,0,0,0,0,0,0,0,0,0,0,0,0,0,0,0,0,0,0,0,0
02/21/2020,0,0,0,0,0,0,0,0,0,0,0,0,0,0,0,0,0,0,0,0,0,0,0,0,0,0,0,0,0,0,0,0,0,0,0,0,0,0,0,0,0,0,0,0,0,0,0,0,0,0,0,0,0,0,0,0,0,0,0,0,0,0,0,0,0,0,0,0,0,0,0,0,0,0,0,0,0,0,0,0,0,0,0,0,0,0,0,0,0
02/22/2020,0,0,0,0,0,0,0,0,0,0,0,0,0,0,0,0,0,0,0,0,0,0,0,0,0,0,0,0,0,0,0,0,0,0,0,0,0,0,0,0,0,0,0,0,0,0,0,0,0,0,0,0,0,0,0,0,0,0,0,0,0,0,0,0,0,0,0,0,0,0,0,0,0,0,0,0,0,0,0,0,0,0,0,0,0,0,0,0,0
02/23/2020,0,0,0,0,0,0,0,0,0,0,0,0,0,0,0,0,0,0,0,0,0,0,0,0,0,0,0,0,0,0,0,0,0,0,0,0,0,0,0,0,0,0,0,0,0,0,0,0,0,0,0,0,0,0,0,0,0,0,0,0,0,0,0,0,0,0,0,0,0,0,0,0,0,0,0,0,0,0,0,0,0,0,0,0,0,0,0,0,0
02/24/2020,0,0,0,0,0,0,0,0,0,0,0,0,0,0,0,0,0,0,0,0,0,0,0,0,0,0,0,0,0,0,0,0,0,0,0,0,0,0,0,0,0,0,0,0,0,0,0,0,0,0,0,0,0,0,0,0,0,0,0,0,0,0,0,0,0,0,0,0,0,0,0,0,0,0,0,0,0,0,0,0,0,0,0,0,0,0,0,0,0
02/25/2020,0,0,0,0,0,0,0,0,0,0,0,0,0,0,0,0,0,0,0,0,0,0,0,0,0,0,0,0,0,0,0,0,0,0,0,0,0,0,0,0,0,0,0,0,0,0,0,0,0,0,0,0,0,0,0,0,0,0,0,0,0,0,0,0,0,0,0,0,0,0,0,0,0,0,0,0,0,0,0,0,0,0,0,0,0,0,0,0,0
02/26/2020,0,0,0,0,0,0,0,0,0,0,0,0,0,0,0,0,0,0,0,0,0,0,0,0,0,0,0,0,0,0,0,0,0,0,0,0,0,0,0,0,0,0,0,0,0,0,0,0,0,0,0,0,0,0,0,0,0,0,0,0,0,0,0,0,0,0,0,0,0,0,0,0,0,0,0,0,0,0,0,0,0,0,0,0,0,0,0,0,0
02/27/2020,0,0,0,0,0,0,0,0,0,0,0,0,0,0,0,0,0,0,0,0,0,0,0,0,0,0,0,0,0,0,0,0,0,0,0,0,0,0,0,0,0,0,0,0,0,0,0,0,0,0,0,0,0,0,0,0,0,0,0,0,0,0,0,0,0,0,0,0,0,0,0,0,0,0,0,0,0,0,0,0,0,0,0,0,0,0,0,0,0
02/28/2020,0,0,0,0,0,0,0,0,0,0,0,0,0,0,0,0,0,0,0,0,0,0,0,0,0,0,0,0,0,0,0,0,0,0,0,0,0,0,0,0,0,0,0,0,0,0,0,0,0,0,0,0,0,0,0,0,0,0,0,0,0,0,0,0,0,0,0,0,0,0,0,0,0,0,0,0,0,0,0,0,0,0,0,0,0,0,0,0,0
02/29/2020,0,0,0,0,0,0,0,0,0,0,0,0,0,0,0,0,0,0,0,0,0,0,0,0,0,0,0,0,0,0,0,0,0,0,0,0,0,0,0,0,0,0,0,0,0,0,0,0,0,0,0,0,0,0,0,0,0,0,0,0,0,0,0,0,0,0,0,0,0,0,0,0,0,0,0,0,0,0,0,0,0,0,0,0,0,0,0,0,0
03/01/2020,0,0,0,0,0,0,0,0,0,0,0,0,0,0,0,0,0,0,0,0,0,0,0,0,0,0,0,0,0,0,0,0,0,0,0,0,0,0,0,0,0,0,0,0,0,0,0,0,0,0,0,0,0,0,0,0,0,0,0,0,0,0,0,0,0,0,0,0,0,0,0,0,0,0,0,0,0,0,0,0,0,0,0,0,0,0,0,0,0
03/02/2020,0,0,0,0,0,0,0,0,0,0,0,0,0,0,0,0,0,0,0,0,0,0,0,0,0,0,0,0,0,0,0,0,0,0,0,0,0,0,0,0,0,0,0,0,0,0,0,0,0,0,0,0,0,0,0,0,0,0,0,0,0,0,0,0,0,0,0,0,0,0,0,0,0,0,0,0,0,0,0,0,0,0,0,0,0,0,0,0,0
03/03/2020,0,0,0,0,0,0,0,0,0,0,0,0,0,0,0,0,0,0,0,0,0,0,0,0,0,0,0,0,0,0,0,0,0,0,0,0,0,0,0,0,0,0,0,0,0,0,0,0,0,0,0,0,0,0,0,0,0,0,0,0,0,0,0,0,0,0,0,0,0,0,0,0,0,0,0,0,0,0,0,0,0,0,0,0,0,0,0,0,0
03/04/2020,0,0,0,0,0,0,0,0,0,0,0,0,0,0,0,0,0,0,0,0,0,0,0,0,0,0,0,0,0,0,0,0,0,0,0,0,0,0,0,0,0,0,0,0,0,0,0,0,0,0,0,0,0,0,0,0,0,0,0,0,0,0,0,0,0,0,0,0,0,0,0,0,0,0,0,0,0,0,0,0,0,0,0,0,0,0,0,0,0
03/05/2020,0,0,0,0,0,0,0,0,0,0,0,0,0,0,0,0,0,0,0,0,0,0,0,0,0,0,0,0,0,0,0,0,0,0,0,0,0,0,0,0,0,0,0,0,0,0,0,0,0,0,0,0,0,0,0,0,0,0,0,0,0,0,0,0,0,0,0,0,0,0,0,0,0,0,0,0,0,0,0,0,0,0,0,0,0,0,0,0,0
03/06/2020,0,0,0,0,0,0,0,0,0,0,0,0,0,0,0,0,0,0,0,0,0,0,0,0,0,0,0,0,0,0,0,0,0,0,0,0,0,0,0,0,0,0,0,0,0,0,0,0,0,0,0,0,0,0,0,0,0,0,0,0,0,0,0,0,0,0,0,0,0,0,0,0,0,0,0,0,0,0,0,0,0,0,0,0,0,0,0,0,0
03/07/2020,0,0,0,0,0,0,0,0,0,0,0,0,0,0,0,0,0,0,0,0,0,0,0,0,0,0,0,0,0,0,0,0,0,0,0,0,0,0,0,0,0,0,0,0,0,0,0,0,0,0,0,0,0,0,0,0,0,0,0,0,0,0,0,0,0,0,0,0,0,0,0,0,0,0,0,0,0,0,0,0,0,0,0,0,0,0,0,0,0
03/08/2020,0,0,0,0,0,0,0,0,0,0,0,0,0,0,0,0,0,0,0,0,0,0,0,0,0,0,0,0,0,0,0,0,0,0,0,0,0,0,0,0,0,0,0,0,0,0,0,0,0,0,0,0,0,0,0,0,0,0,0,0,0,0,0,0,0,0,0,0,0,0,0,0,0,0,0,0,0,0,0,0,0,0,0,0,0,0,0,0,0
03/09/2020,0,0,0,0,0,0,0,0,0,0,0,0,0,0,0,0,0,0,0,0,0,0,0,0,3,0,0,0,0,0,0,0,0,0,0,0,0,0,0,0,0,0,0,0,0,0,0,0,0,0,0,0,0,0,0,0,0,0,0,0,0,0,0,0,0,0,0,0,0,0,0,0,0,0,0,0,0,0,0,0,0,0,0,0,0,0,0,0,0
03/10/2020,0,0,0,0,0,0,0,0,0,0,0,0,0,0,0,0,0,0,0,0,0,0,0,0,3,0,0,0,0,0,0,0,0,0,0,0,0,0,0,0,0,0,0,0,0,0,0,0,0,0,0,0,0,0,0,0,0,0,0,0,0,0,0,0,0,0,0,0,0,0,0,0,0,0,0,0,0,0,0,0,0,0,0,0,0,0,0,0,0
03/11/2020,0,0,0,0,0,0,0,0,0,0,0,0,0,0,0,0,0,0,0,0,0,0,0,0,3,0,0,0,0,0,0,0,0,0,0,0,0,0,0,0,0,0,0,0,0,0,0,0,0,0,0,0,0,0,0,0,0,0,0,0,0,0,0,0,0,0,0,0,0,0,0,0,0,0,0,0,0,0,0,0,1,0,0,0,0,0,0,0,0
03/12/2020,0,0,0,0,0,0,0,0,0,0,0,0,0,0,0,0,0,0,0,0,0,0,0,0,3,0,0,0,0,0,0,0,0,0,0,0,0,0,0,0,0,0,1,0,0,0,0,0,0,0,0,0,0,0,0,0,0,0,0,0,0,0,0,0,0,0,0,0,0,0,0,0,0,0,0,0,0,0,0,0,1,0,0,0,0,0,0,0,0
03/13/2020,0,0,0,0,0,0,0,0,0,0,0,0,0,0,0,0,0,0,0,0,0,0,0,0,11,0,0,0,0,0,0,0,0,0,0,0,0,0,0,0,0,0,1,0,0,0,0,0,0,0,0,0,0,0,0,0,0,0,0,0,0,0,0,0,0,0,0,0,0,0,0,0,0,0,0,0,0,0,0,0,1,0,0,0,0,0,0,0,0
03/14/2020,0,2,4,0,0,0,0,0,0,0,0,0,0,0,0,1,0,2,0,0,0,0,0,0,11,0,1,0,0,0,0,0,0,0,0,0,0,0,0,0,0,0,2,0,0,0,0,0,0,0,0,0,0,0,0,0,0,0,0,0,0,0,0,0,0,0,0,0,0,0,0,0,0,0,0,0,0,0,0,0,2,1,0,0,0,0,0,0,0
03/15/2020,0,2,6,0,0,0,0,0,0,0,0,0,0,0,0,2,0,2,0,0,0,0,0,0,14,0,3,0,0,0,0,1,1,0,0,0,0,0,0,0,0,0,2,0,0,0,0,0,0,0,0,0,0,0,0,0,0,0,0,0,0,0,0,0,0,0,0,0,0,0,0,0,0,0,0,0,0,0,0,0,3,1,0,0,0,0,0,0,0
03/16/2020,0,2,6,0,0,0,0,0,0,0,0,0,0,0,0,3,0,2,0,0,0,0,0,0,24,0,3,0,0,0,0,1,2,0,0,0,0,0,0,0,0,0,2,0,0,0,0,0,0,0,0,0,0,0,0,0,0,0,0,0,0,0,0,0,0,0,1,0,0,0,0,0,0,0,0,0,0,0,0,0,3,1,0,0,0,0,0,0,0
03/17/2020,0,2,6,0,0,0,0,0,0,0,0,0,0,0,0,4,0,4,0,0,0,0,0,0,31,0,4,0,0,0,0,1,3,0,0,0,0,0,0,0,0,0,2,0,0,0,0,2,0,0,0,0,0,0,0,0,1,0,0,0,0,0,0,0,1,0,1,0,0,0,0,1,0,0,0,0,0,0,0,0,3,1,0,0,0,0,0,0,0
03/18/2020,0,2,8,0,0,0,0,0,0,0,0,0,0,0,0,6,0,4,0,0,0,0,0,1,38,1,7,0,0,0,0,1,4,0,0,0,0,0,0,0,0,0,2,0,0,0,1,2,0,0,0,0,1,0,0,0,3,0,0,0,0,0,0,0,1,0,1,0,0,0,0,2,0,0,0,1,0,0,0,0,3,1,0,0,0,0,0,0,0
03/19/2020,0,2,8,0,0,0,0,0,0,0,0,0,0,0,0,6,0,6,0,0,0,0,0,1,53,2,10,0,0,0,0,1,5,0,1,0,0,0,0,1,0,0,2,0,0,0,1,2,0,0,0,0,1,0,0,0,5,0,0,0,0,0,0,0,1,0,1,0,0,2,0,2,0,0,0,1,0,0,0,0,5,1,0,0,0,0,0,0,0
03/20/2020,0,2,12,0,0,0,0,1,0,0,0,0,0,0,0,10,0,10,0,0,0,0,0,1,69,2,14,0,0,0,0,2,5,0,1,0,0,0,0,1,0,0,3,0,1,0,1,2,0,0,0,0,1,0,0,0,7,1,0,0,0,0,0,0,1,0,1,0,0,7,0,3,0,0,0,1,0,0,0,0,6,1,1,0,2,0,0,0,0
03/21/2020,0,2,16,0,0,2,0,1,0,1,0,0,0,0,0,14,0,15,0,0,0,0,0,1,92,4,21,0,0,0,1,4,9,0,1,0,0,0,0,1,0,0,3,0,1,0,1,2,2,0,0,0,1,0,0,0,14,1,0,0,0,0,0,0,1,0,1,0,0,8,0,4,0,0,0,11,0,0,0,0,8,1,1,0,2,0,0,0,0
03/22/2020,0,2,17,1,0,5,1,2,0,1,0,0,0,0,0,19,0,23,0,0,0,0,1,1,125,6,34,0,1,0,1,5,10,0,5,0,0,0,0,1,0,0,3,0,2,0,1,2,2,0,1,0,1,0,0,0,18,1,0,0,0,0,0,0,1,0,2,1,0,19,0,6,0,0,0,13,0,1,0,0,10,2,1,0,3,0,0,0,0
03/23/2020,0,2,17,2,0,5,1,2,0,1,0,0,0,1,0,24,0,28,0,1,0,0,2,1,149,7,46,0,1,0,1,9,15,0,7,0,0,0,0,1,0,0,3,0,3,0,1,3,2,0,1,0,1,0,0,1,23,3,0,0,1,0,0,0,1,0,2,1,0,26,0,8,1,0,0,17,0,2,0,0,13,2,1,0,5,0,0,0,0
03/24/2020,0,2,18,3,1,5,1,3,1,1,0,0,0,1,0,30,0,36,0,1,0,0,2,1,167,11,75,0,1,0,2,11,15,0,10,0,0,0,0,4,0,0,4,0,3,0,2,3,2,2,1,1,2,0,0,1,28,4,0,0,1,0,0,0,1,0,5,3,0,38,0,11,2,0,0,19,0,4,0,0,13,3,2,0,7,0,0,0,0
03/25/2020,0,3,18,3,1,5,2,4,1,2,0,0,0,2,1,37,0,43,0,1,1,0,3,1,206,12,88,0,1,0,5,23,22,0,14,0,0,1,0,4,0,0,9,0,3,0,2,4,2,5,1,1,2,0,0,2,42,4,0,0,1,0,0,0,1,1,4,3,0,48,0,14,2,0,1,19,0,4,0,1,13,3,3,0,8,0,0,0,0
03/26/2020,1,3,21,3,2,6,2,5,1,3,0,0,0,2,1,44,0,50,0,1,2,0,6,1,259,15,109,0,1,0,5,35,24,0,14,0,0,2,0,4,0,0,12,0,3,0,2,4,2,6,2,1,3,0,1,3,51,4,0,0,1,0,0,0,1,1,7,3,0,53,0,19,2,0,1,20,1,8,0,1,16,3,3,1,10,0,1,0,0
03/27/2020,1,6,23,3,2,6,2,7,1,3,0,0,0,2,1,56,0,65,0,2,3,0,9,3,330,22,152,2,1,0,10,50,32,0,19,0,0,2,0,4,0,0,17,0,5,0,2,4,5,8,2,1,3,0,1,4,68,5,0,0,1,1,0,0,1,1,10,3,0,63,0,27,2,0,2,32,2,13,0,2,22,3,3,0,11,0,1,0,0
03/28/2020,2,8,25,4,2,8,3,9,2,5,0,0,0,2,1,65,0,79,0,2,4,0,10,2,370,26,222,2,1,0,14,67,37,0,20,0,0,4,1,5,0,0,27,1,6,0,2,4,5,14,3,1,3,0,5,4,80,5,1,0,2,3,0,1,1,1,14,3,0,71,0,30,3,0,2,38,2,19,0,1,25,5,3,0,16,0,1,0,2
03/29/2020,3,8,27,4,2,8,3,11,2,5,0,0,0,3,1,74,0,99,0,3,4,0,12,2,449,31,247,2,1,0,17,94,45,0,25,0,0,4,1,5,0,0,36,1,6,0,7,4,5,14,3,1,3,0,5,4,84,6,1,0,3,3,0,2,3,1,17,3,0,85,0,35,3,0,2,43,2,27,0,2,29,5,3,0,20,0,1,0,4
03/30/2020,3,8,30,5,3,9,3,11,5,5,0,0,0,3,1,78,1,118,0,3,7,0,13,2,493,38,281,2,1,0,21,114,48,0,31,0,0,5,1,5,1,0,42,1,6,1,6,5,5,13,3,1,3,0,7,5,117,7,2,0,3,4,0,2,12,1,22,3,0,101,1,43,3,0,2,46,2,32,0,3,44,7,4,0,20,0,1,0,4
03/31/2020,3,9,36,5,3,10,3,15,5,5,0,0,0,4,1,82,1,131,0,3,9,0,15,2,527,40,325,2,1,0,25,133,55,0,37,0,1,12,1,6,2,0,50,1,6,2,6,5,5,14,5,1,4,0,11,7,153,8,2,0,4,5,0,2,13,1,24,6,0,124,1,44,3,0,2,52,2,38,0,3,45,9,4,0,21,0,2,0,5
04/01/2020,3,11,41,5,4,11,4,19,5,5,0,0,0,4,1,85,1,144,0,3,11,0,15,2,589,47,391,2,1,0,25,171,59,0,41,0,2,12,1,8,2,0,58,2,6,2,6,7,6,22,6,2,4,0,11,9,177,9,4,0,5,6,0,3,22,1,25,8,0,154,1,48,3,0,4,60,2,44,0,4,52,14,4,0,23,0,2,1,6
04/02/2020,3,12,45,5,4,14,5,22,6,5,1,0,0,5,2,90,1,155,0,4,11,1,18,3,663,50,441,3,3,0,30,206,68,0,49,0,2,12,1,8,3,0,63,2,8,2,7,8,6,28,8,3,4,0,13,11,192,10,5,0,5,6,0,3,22,1,33,8,1,178,1,62,3,0,5,62,3,59,0,4,67,16,4,0,26,0,2,1,10
04/03/2020,3,13,49,5,4,16,7,28,7,6,1,0,0,6,4,95,3,165,0,4,18,1,20,3,780,61,503,3,4,0,41,233,72,0,57,0,2,13,1,10,4,0,72,2,9,2,7,8,6,32,9,4,5,0,14,12,203,11,5,0,5,7,0,5,26,1,35,9,1,220,1,66,3,0,6,64,3,65,0,4,79,17,5,0,31,0,2,1,13
04/04/2020,3,17,59,8,5,20,7,36,7,6,1,0,0,6,7,105,4,184,0,6,25,1,23,3,781,69,557,5,4,0,50,272,74,0,69,0,3,20,1,14,4,0,90,2,11,3,7,8,7,36,9,4,6,0,14,15,250,12,5,0,5,10,1,6,28,2,38,11,1,288,1,76,3,0,6,69,4,74,0,5,92,19,7,0,35,0,5,3,15
04/05/2020,3,20,68,8,5,21,8,42,9,8,1,0,0,7,8,110,5,184,0,8,26,1,29,3,826,70,597,5,4,0,55,302,78,2,84,0,3,29,1,17,4,0,89,2,12,3,8,9,7,46,11,4,6,0,14,17,261,19,5,0,5,12,2,6,32,2,38,13,1,319,1,79,5,0,7,76,4,84,0,6,95,20,8,0,36,0,5,5,18
04/06/2020,3,22,75,9,5,27,8,53,9,10,2,0,0,7,10,117,5,189,0,15,26,1,34,3,871,77,644,5,4,0,57,321,83,2,109,1,4,27,1,19,6,1,102,2,15,3,10,10,8,54,14,6,9,0,15,17,272,25,5,1,5,17,2,8,32,2,40,15,1,394,2,87,5,0,8,90,5,94,1,6,109,23,8,0,37,0,5,5,19
04/07/2020,3,25,92,9,5,22,9,59,9,10,2,0,0,7,9,116,7,199,0,27,29,1,38,3,911,77,703,5,4,0,61,347,88,2,132,1,4,31,1,20,9,1,110,2,18,4,11,10,9,59,15,6,10,0,15,18,300,28,5,1,5,18,2,8,34,2,41,20,1,411,2,92,5,1,8,101,6,101,1,6,110,23,8,0,45,0,5,6,22
04/08/2020,3,30,102,9,5,27,11,71,9,10,2,0,0,7,13,136,8,211,0,30,30,1,41,3,960,79,761,5,4,1,64,371,94,2,147,2,6,35,1,25,10,1,126,2,20,4,13,10,10,65,17,6,9,2,18,20,305,32,6,2,5,19,2,8,38,4,44,21,2,437,3,99,5,1,11,107,6,108,1,6,114,26,8,0,46,0,5,6,23
04/09/2020,3,36,108,9,5,33,12,81,12,10,3,0,0,8,15,140,9,221,0,34,30,1,42,4,1014,84,802,5,4,1,78,403,98,2,156,2,6,39,1,27,10,2,132,2,19,4,14,12,10,68,16,6,10,2,19,21,334,40,8,2,7,21,3,8,40,5,47,21,4,473,3,106,5,1,12,110,8,116,1,7,120,26,9,0,53,1,8,6,23
04/10/2020,3,42,112,10,6,36,15,92,13,10,4,0,0,9,15,150,10,235,0,35,37,2,49,5,1052,88,850,5,4,1,79,443,103,2,161,2,7,44,1,28,12,3,149,2,19,4,14,15,11,73,17,6,10,2,20,23,358,42,9,2,7,24,3,9,40,5,49,22,5,504,3,108,7,1,12,113,8,124,1,8,125,26,10,0,72,1,9,8,24
04/11/2020,3,49,115,11,6,41,15,96,13,10,4,0,2,9,15,161,11,243,0,36,40,3,52,5,1113,89,894,6,4,1,80,490,107,2,175,2,8,51,1,34,13,4,155,2,24,5,18,15,11,78,20,6,15,2,23,23,375,49,10,3,10,25,3,14,42,7,53,24,5,529,3,112,7,1,12,116,8,134,1,8,133,26,10,0,74,1,10,8,27
04/12/2020,3,50,117,13,6,41,15,105,16,10,5,0,2,10,16,176,15,257,0,39,50,3,54,5,1152,94,943,7,5,1,83,503,110,2,198,2,8,58,1,36,17,4,168,2,26,6,20,16,11,81,19,6,14,2,24,23,417,53,10,5,11,27,3,14,45,9,61,28,6,535,3,114,7,1,13,117,8,139,1,9,154,27,10,0,75,1,11,8,33
04/13/2020,3,53,121,14,6,39,16,114,17,12,8,0,2,10,17,184,16,262,0,41,54,3,54,5,1197,96,1012,7,8,1,86,514,112,2,201,2,8,83,1,43,19,4,174,2,31,5,20,16,12,84,19,7,14,2,24,24,443,91,11,5,12,27,3,14,49,10,68,30,6,558,3,117,8,1,13,121,8,144,1,9,167,28,11,0,76,2,12,9,37
04/14/2020,3,57,127,14,6,44,18,115,19,14,11,0,4,10,17,191,17,273,0,44,51,3,61,5,1239,99,1053,7,6,1,86,540,116,2,205,2,8,97,1,43,20,4,187,2,32,5,20,16,12,90,20,7,14,3,24,24,469,110,11,5,13,27,3,15,50,12,69,31,7,576,3,121,8,1,13,122,8,146,2,10,171,28,11,0,78,2,13,10,46
04/15/2020,3,58,133,14,6,49,23,123,23,16,11,1,3,10,17,203,20,294,0,47,56,6,64,6,1281,108,1102,8,6,2,88,596,122,2,211,2,8,172,1,44,21,4,199,2,36,8,21,16,12,92,23,7,14,3,24,23,486,164,12,5,13,27,3,18,52,12,82,31,10,594,3,124,8,2,13,125,8,158,4,11,176,28,11,0,85,3,14,14,51
04/16/2020,3,59,148,14,6,60,23,136,26,19,12,1,4,11,19,221,20,310,0,53,66,6,67,5,1331,114,1212,10,6,2,92,644,126,2,213,3,8,196,1,48,26,5,203,2,45,8,23,16,12,96,25,7,16,3,24,29,512,276,17,5,14,28,3,19,55,12,92,33,10,615,3,127,8,2,13,127,8,162,4,11,204,29,11,0,89,3,14,14,57
04/17/2020,3,63,155,15,6,66,26,154,28,23,13,2,4,11,20,245,21,323,0,55,72,6,73,5,1383,119,1320,13,6,3,94,682,130,2,222,3,8,253,1,50,28,5,213,2,54,8,25,16,13,95,27,7,16,3,24,27,547,428,21,5,16,28,3,21,55,12,96,33,10,658,3,130,12,2,13,129,8,166,13,11,210,31,12,0,93,3,16,16,65
04/18/2020,3,68,164,15,7,71,26,161,36,27,15,2,4,11,20,291,21,340,0,57,77,7,80,5,1453,119,1403,14,6,3,94,724,132,2,229,3,9,302,1,60,33,7,231,2,64,9,26,16,13,97,30,7,15,4,26,30,572,983,27,5,17,28,3,22,55,13,98,39,10,701,3,131,13,2,13,129,8,168,14,11,221,31,12,0,112,3,17,19,70
04/19/2020,3,68,166,15,8,72,26,167,41,33,17,2,4,11,21,294,21,350,0,65,79,8,84,6,1466,123,1513,17,6,3,102,789,135,2,232,3,9,477,1,65,36,9,237,3,66,9,25,16,14,97,29,7,16,5,28,30,589,1834,27,5,18,29,3,22,56,13,100,38,11,718,3,133,13,2,13,129,8,176,18,12,224,31,12,0,112,6,17,20,79
04/20/2020,3,73,180,16,8,72,26,182,37,37,17,2,4,13,21,303,24,370,0,65,81,8,84,5,1577,122,1510,16,6,3,100,823,139,2,235,3,9,1246,2,64,29,6,249,3,68,9,26,16,15,99,30,7,20,4,30,30,604,2073,29,5,17,28,3,23,57,13,105,39,12,735,4,135,13,2,13,131,9,180,21,13,237,32,13,0,116,4,17,23,84
04/21/2020,3,84,184,16,7,74,26,185,37,37,20,2,5,13,23,320,25,385,0,69,82,8,92,5,1653,127,1557,16,6,4,102,853,142,2,237,3,10,1635,2,66,30,6,257,3,70,9,28,16,15,101,29,7,23,4,31,30,621,2132,32,5,17,28,3,23,58,13,113,39,12,768,4,139,13,2,13,133,9,186,22,11,251,34,16,0,117,3,20,24,88
04/22/2020,3,93,192,18,7,73,26,195,36,44,20,2,5,13,22,332,25,415,0,73,85,16,98,5,1713,128,1598,18,6,4,103,878,143,2,241,4,11,1658,2,68,30,6,261,3,80,10,28,16,17,106,30,8,25,4,31,30,635,2137,32,8,17,30,4,28,62,13,117,39,15,785,4,145,14,2,14,134,9,197,24,11,266,38,16,0,118,3,21,25,94
04/23/2020,4,95,201,18,8,76,27,208,37,43,20,2,5,14,22,344,25,447,0,75,88,23,105,5,1768,132,1673,18,6,4,104,936,148,2,250,4,11,1661,2,70,30,6,272,3,98,11,29,16,17,109,32,8,24,4,33,38,666,2161,34,7,20,30,4,29,62,13,119,40,15,868,5,148,15,2,16,134,10,206,47,11,290,42,16,0,124,3,21,25,100
04/24/2020,3,98,208,19,8,77,27,214,38,44,21,2,6,15,22,366,25,460,0,80,91,28,122,5,1817,137,1768,18,6,4,105,985,149,2,251,4,12,1659,2,73,35,6,278,3,103,11,30,16,18,108,34,8,25,4,33,47,688,2169,35,8,20,30,4,29,74,13,126,40,15,932,5,154,16,2,16,134,12,213,49,12,294,42,17,0,128,4,24,26,108
04/25/2020,3,101,216,20,12,77,27,219,39,47,23,2,11,15,22,374,25,475,0,93,100,27,132,5,1867,138,1839,19,6,4,108,1033,153,2,256,4,12,1662,3,77,35,6,287,3,107,11,32,16,19,110,34,8,27,4,35,51,721,2172,37,8,20,30,4,30,75,13,128,41,15,975,5,157,18,2,18,135,11,214,51,12,303,48,18,0,131,4,24,26,108
04/26/2020,3,106,225,19,12,77,28,223,39,46,23,4,14,15,23,377,25,485,0,94,104,29,133,6,1902,143,1942,19,6,4,108,1104,160,2,260,4,13,1658,3,78,35,6,293,3,110,11,33,16,19,114,34,9,28,4,37,50,737,2178,37,8,20,30,4,30,75,13,137,43,15,1005,5,157,18,2,18,135,11,220,54,13,310,50,18,0,133,5,24,34,106
04/27/2020,3,114,234,19,12,76,28,228,41,49,22,4,16,15,24,395,25,500,0,94,114,29,139,6,1938,148,2005,19,6,4,110,1130,159,2,262,4,12,1698,3,76,36,6,295,3,110,11,43,16,19,116,35,10,29,4,39,52,764,2188,37,8,19,30,4,31,75,14,146,45,15,1048,5,158,18,2,18,136,11,221,54,14,312,57,18,0,124,5,24,34,103
04/28/2020,3,118,254,19,14,78,28,235,41,52,24,4,16,15,24,406,25,542,3,95,119,31,145,6,1984,151,2090,20,6,5,114,1166,162,2,266,4,13,1706,3,80,36,6,299,3,113,11,48,17,20,121,37,10,30,4,42,56,784,2191,38,8,19,30,4,32,75,15,148,45,15,1091,5,160,18,2,18,136,10,226,63,14,324,59,18,0,131,5,24,36,103
04/29/2020,3,128,261,19,14,81,29,247,45,54,24,4,16,16,24,418,27,584,5,95,125,33,154,6,2030,153,2216,21,6,5,115,1208,165,3,279,4,12,1722,3,80,37,8,305,3,116,11,51,17,20,129,37,11,30,4,43,60,804,2196,37,8,23,30,5,32,76,15,153,46,15,1150,5,165,18,2,18,138,10,230,64,14,333,60,19,0,134,5,25,41,116
04/30/2020,3,144,281,21,14,88,29,253,45,56,25,4,18,16,24,452,27,608,6,98,128,34,164,7,2126,160,2441,22,6,5,118,1251,167,3,285,4,12,1732,3,81,39,10,308,3,126,11,57,17,20,137,37,11,29,4,43,63,828,2196,38,8,27,30,4,32,76,15,154,46,15,1218,6,168,18,2,21,139,12,236,67,14,347,74,22,0,146,5,24,42,121
05/01/2020,4,153,296,21,14,93,31,267,48,56,25,4,18,16,24,471,27,639,6,99,143,36,174,7,2217,163,2589,24,6,5,121,1297,171,3,293,4,12,1731,3,85,39,11,318,3,136,11,57,17,20,138,37,10,29,4,43,64,853,2276,40,8,28,30,5,33,76,16,155,46,15,1297,6,170,18,2,26,142,15,237,68,14,363,94,22,0,160,5,24,45,121
05/02/2020,4,156,318,21,14,99,31,274,50,58,26,5,19,18,25,480,27,679,6,100,149,36,183,8,2305,168,2698,24,6,5,122,1331,172,4,311,4,13,1724,3,89,40,11,324,3,142,11,63,17,20,140,38,10,31,4,43,64,883,2294,40,8,32,30,5,34,76,17,159,48,16,1353,6,170,19,2,28,143,17,243,69,14,379,109,22,0,166,5,24,75,123
05/03/2020,4,163,328,21,15,101,31,278,52,58,26,6,19,18,25,490,27,701,6,102,153,36,187,9,2338,175,2905,24,6,5,125,1376,172,3,316,4,13,1729,3,90,41,12,331,3,146,11,67,17,20,150,38,10,31,5,45,67,937,2329,40,8,34,30,5,35,77,20,163,48,19,1380,6,172,19,3,29,143,17,247,69,14,398,118,24,0,168,5,24,75,124
05/04/2020,4,174,334,21,14,103,31,287,56,60,26,6,19,19,24,503,27,716,6,103,161,41,193,9,2398,179,2988,26,6,5,130,1429,175,4,320,5,13,1828,3,90,41,12,347,3,149,12,70,17,20,152,39,11,32,5,45,71,961,2332,40,8,36,30,5,35,77,20,169,49,19,1434,6,173,19,3,33,144,18,251,71,14,405,126,25,0,172,5,24,75,133
05/05/2020,4,181,346,21,15,109,31,292,57,67,26,6,19,19,24,510,27,751,8,105,166,42,203,9,2428,184,3097,29,6,6,133,1478,177,4,328,5,13,1831,4,91,42,13,356,3,160,13,69,17,21,155,39,11,33,6,46,73,998,2335,44,8,41,30,5,36,77,21,172,50,19,1480,6,176,19,3,38,144,21,254,71,14,414,133,26,0,178,5,24,83,135
05/06/2020,4,201,361,21,15,110,31,297,60,71,26,6,20,20,24,518,27,787,8,106,173,42,210,12,2542,190,3237,30,6,6,137,1527,184,4,332,5,13,1836,4,92,42,13,363,3,165,13,71,17,21,158,39,11,34,7,48,73,1024,2347,44,8,40,30,5,36,79,21,181,50,20,1527,6,180,19,3,42,144,22,262,71,14,427,144,26,0,179,6,24,83,139
05/07/2020,4,205,372,21,16,110,32,311,65,75,26,6,20,20,24,528,27,831,9,111,177,43,212,12,2591,196,3377,30,6,6,146,1583,185,5,345,5,13,1841,4,94,44,15,371,3,169,16,74,18,21,162,39,11,34,7,49,73,1044,2350,44,8,41,31,5,36,79,23,184,52,20,1572,7,187,23,3,42,145,23,265,73,14,450,153,28,0,188,5,25,83,138
05/08/2020,4,216,404,23,16,120,33,313,69,78,27,6,20,20,24,537,27,867,10,111,183,44,220,12,2668,199,3615,30,6,8,150,1665,190,8,356,5,13,1842,4,103,49,15,392,3,172,16,80,19,21,171,39,11,37,7,50,78,1087,2366,45,8,47,31,5,42,82,23,187,52,20,1664,7,192,23,3,62,176,24,272,75,14,464,168,28,0,191,5,26,84,139
05/09/2020,5,229,436,23,17,122,33,319,71,79,27,6,20,20,24,543,28,880,11,113,188,44,222,14,2755,211,3710,30,6,8,162,1710,193,8,369,5,13,1844,5,113,48,13,404,3,190,16,90,19,26,177,39,12,38,7,54,81,1104,2381,46,9,48,31,6,42,84,27,189,53,21,1731,7,194,23,3,66,244,25,274,76,14,479,196,28,0,202,6,27,84,144
05/10/2020,6,234,452,23,18,123,34,325,72,80,28,6,20,20,25,548,28,892,11,114,188,44,224,14,2795,220,3777,31,6,8,162,1757,194,10,390,5,14,1845,5,118,51,13,406,3,192,17,93,19,26,177,39,12,38,8,54,83,1119,2387,46,9,49,31,6,42,84,27,189,59,21,1757,8,197,23,3,67,268,25,276,76,14,500,211,28,0,206,6,27,84,144
05/11/2020,6,258,479,24,19,125,35,336,77,83,28,6,22,20,25,554,28,915,12,114,188,44,225,15,2861,222,3881,31,6,9,164,1806,195,19,422,5,14,1933,5,121,53,13,408,3,193,17,98,19,26,178,39,12,38,8,56,84,1144,2404,47,9,52,32,6,43,89,27,191,63,21,1823,8,199,23,3,84,313,27,280,76,14,511,216,28,0,209,6,27,87,146
05/12/2020,6,266,496,24,19,125,35,343,79,85,28,7,22,20,25,560,28,930,15,114,190,44,229,15,2908,232,4002,32,6,10,172,1836,203,22,433,5,14,1955,5,130,55,13,413,3,199,20,104,19,26,188,39,14,39,8,56,87,1150,2412,49,9,53,33,6,46,90,27,195,67,21,1859,8,203,23,3,86,314,31,275,77,14,515,223,28,0,213,6,27,87,154
05/13/2020,6,276,509,24,21,129,36,354,86,86,29,8,28,20,26,569,28,946,15,115,192,44,229,15,2979,234,4113,32,6,10,175,1858,205,25,442,5,14,1958,5,135,55,13,420,3,208,21,114,19,26,191,40,14,39,9,56,88,1163,2419,52,10,53,33,6,47,93,27,198,68,21,1886,8,206,23,3,90,316,32,280,77,14,526,229,28,0,237,6,27,91,155
05/14/2020,6,296,542,24,20,136,37,367,89,86,30,8,29,20,27,576,28,976,15,116,194,44,233,15,3066,240,4227,32,6,10,180,1883,207,28,468,5,15,1990,5,143,56,13,432,3,212,21,122,19,26,198,42,14,40,9,58,93,1174,2431,56,10,54,34,7,51,95,27,206,70,22,1927,10,210,23,3,109,317,31,284,77,15,538,235,28,0,252,6,27,93,164
05/15/2020,8,300,558,24,22,144,38,397,92,88,29,9,31,21,27,585,28,989,16,116,198,46,237,15,3156,241,4330,34,6,10,182,1921,210,53,489,5,15,2005,5,150,58,13,440,3,223,22,131,20,26,203,44,14,39,10,59,95,1185,2436,57,11,56,35,8,54,102,28,212,73,22,1961,10,214,24,3,115,326,31,289,80,15,548,246,30,0,259,6,29,97,164
05/16/2020,8,318,578,24,23,149,39,415,94,97,30,9,59,21,27,589,28,995,16,116,200,47,241,15,3223,257,4420,34,7,10,184,1945,212,53,500,5,15,2011,5,155,58,14,447,4,229,22,138,20,26,203,45,14,40,11,59,98,1199,2449,65,11,56,34,8,54,111,30,220,75,24,2007,10,219,24,3,121,327,34,290,80,15,553,258,31,0,269,6,29,97,165
05/17/2020,8,328,591,25,23,152,39,420,94,102,30,9,61,22,27,595,29,1004,16,116,201,47,249,15,3321,258,4493,34,7,10,185,1960,216,55,504,5,15,2018,5,159,58,14,450,4,232,22,139,19,26,205,45,16,41,11,61,98,1212,2500,65,11,56,34,8,54,118,31,220,75,24,2047,11,224,23,3,133,332,35,292,82,15,558,264,35,0,275,6,29,97,167
05/18/2020,9,341,610,26,23,152,40,434,97,121,30,9,61,22,27,605,30,1028,16,116,202,47,257,15,3410,263,4574,35,7,10,190,1986,224,56,520,5,15,2021,5,161,58,14,461,5,232,23,148,20,27,208,46,15,42,11,61,99,1226,2513,66,11,57,34,8,55,121,32,221,78,25,2082,13,226,24,3,141,332,36,296,84,15,595,269,37,0,283,6,30,98,168
05/19/2020,13,343,639,26,23,156,41,453,98,124,30,10,61,23,27,610,30,1042,16,116,206,47,257,15,3463,266,4706,35,7,12,190,1999,229,56,531,5,16,2025,6,165,59,14,469,5,244,23,155,21,28,215,46,15,43,11,61,100,1247,2524,64,11,62,34,8,55,126,31,226,78,26,2138,13,231,24,3,148,332,38,297,84,15,610,272,36,0,285,6,31,101,171
05/20/2020,13,352,671,26,25,160,43,457,101,124,30,10,63,23,28,620,30,1077,16,116,209,48,254,17,3512,277,4793,35,8,12,197,2021,237,59,539,5,15,2029,6,166,60,14,478,4,250,23,166,22,30,217,46,16,44,11,62,102,1252,2540,64,12,63,35,8,57,134,32,231,85,28,2167,15,235,25,3,162,337,40,298,84,16,620,281,37,0,292,6,33,104,172
05/21/2020,13,362,699,26,25,167,43,467,103,131,33,10,63,23,27,624,30,1141,17,116,211,47,259,17,3667,280,4885,35,7,13,199,2056,245,65,554,5,16,2031,6,170,60,14,499,5,263,23,178,22,30,222,47,16,46,11,62,105,1277,2557,66,12,63,35,8,55,142,33,241,86,29,2228,15,246,32,4,163,337,42,303,84,16,642,293,40,0,309,6,33,104,176
05/22/2020,13,374,734,28,26,170,43,476,104,133,37,10,64,23,28,626,30,1183,18,116,242,48,261,17,3762,282,4996,35,7,13,200,2071,258,71,561,5,17,2033,6,178,61,14,507,5,272,24,184,23,32,229,47,16,48,11,62,128,1295,2581,66,12,63,36,8,56,146,34,248,86,29,2279,20,252,33,5,170,337,43,308,84,16,655,301,40,0,310,6,33,103,178
05/23/2020,13,381,750,28,26,177,43,477,104,137,38,10,64,23,28,637,30,1204,19,116,248,51,269,17,3851,292,5097,35,7,14,201,2087,274,71,578,5,17,2038,6,179,62,14,514,5,274,24,195,24,32,233,48,18,49,11,62,132,1317,2608,87,13,65,37,8,58,147,34,250,92,30,2349,22,263,38,6,178,346,44,309,85,17,670,306,42,0,319,5,36,104,184
05/24/2020,14,384,776,28,26,181,43,478,104,155,40,10,65,23,28,641,31,1220,19,117,248,51,274,17,3927,296,5188,36,7,14,204,2107,288,71,593,5,18,2042,6,183,63,15,525,5,277,24,206,24,32,240,48,18,52,11,62,133,1334,2617,90,13,65,40,8,59,151,34,256,93,31,2403,25,267,37,6,184,348,45,310,85,18,682,312,43,0,328,5,36,104,189
05/25/2020,14,390,802,28,26,188,43,609,104,157,41,10,65,23,28,648,30,1236,19,117,250,52,276,18,3963,300,5310,36,7,15,207,2126,302,71,605,5,18,2043,6,186,66,15,529,5,281,25,223,24,32,240,48,18,55,11,62,134,1341,2619,91,13,68,41,8,64,153,37,257,93,31,2458,27,268,37,6,190,348,45,314,87,19,685,318,45,0,336,5,36,104,191
05/26/2020,18,402,817,28,27,193,43,657,106,159,41,10,69,23,28,653,30,1277,19,117,252,52,277,19,4060,302,5414,35,7,15,214,2152,307,73,609,5,18,2046,6,187,66,15,540,6,283,25,225,26,32,246,48,19,55,12,63,141,1347,2623,92,13,70,40,8,64,156,37,258,94,32,2492,28,282,37,6,200,351,45,316,87,19,697,321,46,0,340,5,36,104,191
05/27/2020,18,403,826,29,27,197,43,682,110,163,41,10,69,23,28,659,31,1315,19,118,256,52,280,19,4137,302,5486,36,7,15,218,2162,310,74,617,5,18,2046,6,189,67,15,544,6,316,25,231,34,33,248,48,19,55,12,65,144,1367,2628,94,13,70,40,8,64,156,37,261,98,33,2523,29,287,37,6,201,351,46,313,87,19,700,326,46,0,344,5,37,104,201
05/28/2020,18,412,847,30,27,202,43,684,110,165,42,10,69,23,29,667,33,1335,19,118,260,51,282,19,4211,310,5566,37,7,15,222,2178,313,75,637,5,18,2048,6,193,67,15,551,6,324,28,234,37,33,251,51,22,56,13,66,148,1397,2642,93,13,72,40,8,65,162,39,272,101,34,2555,29,290,37,6,201,352,48,318,88,20,705,337,49,0,351,5,38,104,206
05/29/2020,18,419,862,30,27,206,43,739,110,167,45,10,69,24,30,672,35,1380,19,118,266,54,285,20,4318,320,5674,39,7,15,230,2202,328,77,651,5,18,2050,6,197,68,15,562,6,330,28,252,38,33,258,50,23,56,13,67,152,1405,2657,95,14,73,40,9,71,167,40,277,101,34,2603,32,302,37,6,203,355,50,322,90,20,716,339,51,0,359,6,39,105,212
05/30/2020,18,428,874,30,27,206,43,743,114,171,60,10,69,25,30,678,35,1390,21,118,272,54,287,20,4369,331,5773,40,9,15,243,2241,337,78,656,5,18,2050,6,199,71,15,569,6,338,28,277,38,33,259,50,23,57,14,67,152,1428,2660,99,14,73,41,9,73,167,40,282,101,35,2642,34,306,38,6,210,355,50,323,91,20,723,342,51,1,366,6,40,107,211
05/31/2020,18,429,893,31,28,211,43,793,114,172,61,10,69,25,30,687,37,1420,21,118,274,55,294,20,4444,337,5862,41,8,15,248,2267,337,78,663,5,18,2074,6,200,71,16,573,6,339,29,285,40,34,267,50,25,58,14,67,156,1431,2666,99,14,79,43,10,73,170,40,284,101,35,2672,39,308,39,6,211,357,52,325,92,20,727,343,52,0,373,6,41,107,212
06/01/2020,18,435,909,31,28,213,43,875,115,175,61,10,69,25,30,692,39,1453,21,118,277,55,295,20,4508,337,5933,44,8,16,249,2277,346,79,684,5,18,2086,8,201,72,18,582,6,340,29,295,40,34,280,50,25,60,14,67,155,1438,2668,103,14,81,43,10,72,174,40,286,103,36,2698,43,309,39,6,216,358,52,327,93,20,736,349,52,0,378,6,42,107,212
06/02/2020,18,438,919,31,28,215,43,881,116,178,61,10,70,25,30,702,39,1475,21,118,281,55,300,20,4581,340,5996,44,8,16,258,2282,356,79,688,5,19,2092,8,205,73,17,584,7,340,28,298,41,34,301,51,26,60,14,66,157,1456,2674,103,14,82,43,10,75,181,40,292,102,36,2721,45,309,40,6,217,361,52,329,93,21,743,352,52,0,383,6,45,107,212
06/03/2020,18,439,933,31,28,216,45,889,117,182,64,10,70,25,30,709,39,1487,21,118,288,56,303,21,4669,344,6112,45,8,17,265,2296,366,79,695,5,19,2095,9,209,73,17,584,7,345,30,306,40,34,310,51,26,60,14,67,162,1463,2679,102,14,85,46,10,76,184,40,295,102,36,2739,46,318,40,6,220,362,52,332,95,24,752,360,55,0,390,6,44,107,214
06/04/2020,18,447,948,34,28,218,45,891,118,185,71,10,70,25,31,722,39,1505,21,118,293,56,304,21,4732,355,6216,45,8,17,267,2313,376,80,720,5,19,2096,9,216,73,17,594,7,347,30,313,45,34,314,53,26,61,14,67,163,1466,2686,104,14,85,46,11,77,189,41,300,105,38,2767,54,320,43,6,223,366,54,333,95,26,782,367,55,0,398,6,48,108,219
06/05/2020,18,449,975,35,28,219,47,894,118,184,73,10,70,25,30,730,39,1529,21,118,296,58,306,23,4789,360,6323,45,8,17,271,2329,376,80,734,5,19,2099,9,222,73,18,600,7,369,31,323,48,34,318,53,29,61,15,67,164,1486,2688,107,14,91,47,11,77,190,41,303,106,38,2811,57,325,43,6,227,367,56,335,95,26,803,371,56,0,407,6,48,108,221
06/06/2020,18,450,985,36,29,224,47,894,118,184,73,10,71,26,30,737,39,1540,20,118,296,58,308,24,4827,366,6406,45,9,19,275,2340,382,80,766,6,20,2099,9,223,73,18,607,8,372,31,336,48,35,321,54,29,62,15,68,164,1502,2689,109,14,94,47,11,78,191,42,306,108,41,2831,60,327,43,6,230,373,56,338,96,27,813,376,58,0,413,6,48,108,222
06/07/2020,18,451,999,36,33,227,47,896,120,189,73,10,71,28,30,747,39,1548,20,118,298,58,307,24,4858,368,6512,46,9,18,277,2348,387,80,791,6,20,2106,9,231,74,18,612,8,372,31,355,48,36,326,56,29,63,15,68,166,1511,2691,109,14,95,49,11,78,193,42,309,111,42,2860,68,331,44,6,233,374,56,339,97,27,817,378,58,0,419,6,48,108,222
06/08/2020,18,453,1013,36,34,232,48,899,121,190,76,10,74,29,30,755,39,1571,21,118,300,58,308,24,4910,369,6586,50,9,19,280,2354,388,81,817,6,20,2108,9,232,74,19,616,8,374,31,371,48,37,333,58,30,63,15,69,167,1516,2694,109,14,97,49,11,80,193,43,313,114,43,2891,69,334,46,6,237,375,57,341,97,27,821,381,58,0,427,6,48,108,224
06/09/2020,18,455,1034,36,35,234,48,901,121,191,77,10,73,29,30,757,39,1592,21,118,301,58,308,25,4939,378,6667,51,9,19,284,2372,390,81,835,6,21,2109,9,232,75,19,618,8,375,32,377,48,38,336,60,30,64,16,69,167,1522,2695,112,14,98,49,11,80,194,43,317,120,44,2918,69,337,46,6,237,376,57,344,98,28,827,382,61,0,443,6,48,108,227
06/10/2020,22,460,1045,36,34,237,49,903,121,191,78,10,73,29,30,762,40,1621,21,118,302,58,312,26,5011,384,6741,52,9,19,285,2390,394,83,847,6,21,2110,9,234,77,19,620,8,377,32,384,48,39,342,60,31,64,16,69,167,1529,2697,111,14,102,49,12,81,195,43,327,122,44,2975,72,337,46,6,239,379,55,346,99,28,839,389,61,0,461,6,48,108,229
06/11/2020,23,462,1048,36,34,235,50,911,123,191,87,10,73,30,32,772,40,1623,21,117,304,58,314,26,5057,387,6844,52,9,19,287,2394,394,83,874,6,22,2121,10,238,78,19,625,9,382,36,394,49,40,348,61,33,71,16,69,167,1563,2699,111,14,102,49,12,82,210,44,331,129,44,3011,74,338,47,6,242,380,55,348,100,29,845,392,62,0,473,6,49,110,233
06/12/2020,23,463,1065,36,34,236,52,914,122,191,87,10,73,31,32,779,41,1638,21,117,304,58,316,26,5112,389,6918,52,9,19,297,2411,397,83,901,6,22,2115,9,242,79,19,642,10,381,37,400,50,40,353,61,32,72,16,69,168,1576,2701,114,14,102,49,12,84,220,44,331,132,44,3078,84,344,47,6,244,382,56,352,100,29,847,397,62,0,497,6,48,110,232
06/13/2020,23,466,1080,37,34,237,52,916,122,209,92,10,73,31,32,786,42,1655,22,118,304,58,320,28,5144,394,7030,52,9,20,305,2419,396,82,934,6,23,2123,9,246,79,21,652,10,382,38,403,51,40,360,61,33,74,16,70,168,1586,2704,116,14,102,49,14,84,222,44,331,133,44,3130,87,346,48,6,243,384,57,352,101,29,855,398,62,0,508,6,48,110,238
06/14/2020,23,467,1090,37,34,238,53,917,122,210,93,10,73,31,32,794,43,1666,22,118,306,58,321,28,5175,398,7076,53,9,20,312,2428,397,82,969,6,23,2125,9,249,79,21,656,13,385,39,409,51,40,364,61,34,77,16,70,168,1595,2706,117,14,103,49,15,85,222,45,334,135,44,3185,87,347,48,6,245,386,57,353,101,29,863,399,62,0,512,6,48,110,240
06/15/2020,23,469,1103,37,35,240,54,920,123,213,93,10,73,32,34,804,44,1675,22,118,308,59,321,28,5220,402,7202,53,9,20,314,2457,398,82,992,6,23,2126,9,252,79,21,658,14,390,38,425,51,40,370,61,34,77,16,71,168,1600,2706,118,16,104,49,15,85,222,45,337,143,44,3250,90,348,48,6,246,388,58,353,101,29,870,405,62,0,517,6,48,110,241
06/16/2020,23,469,1120,37,36,244,54,921,123,215,94,11,73,33,35,807,44,1706,22,118,311,59,329,29,5271,403,7289,53,9,20,317,2460,400,82,1026,6,24,2125,9,253,81,21,665,14,392,38,460,52,40,374,61,34,79,16,71,168,1607,2712,118,17,104,49,17,86,222,45,342,151,44,3316,92,350,48,7,247,388,58,354,101,29,881,406,62,0,525,6,49,110,241
06/17/2020,24,472,1129,37,36,252,54,923,122,215,96,11,73,33,37,814,45,1712,22,118,313,59,329,31,5336,403,7365,53,9,20,321,2462,402,82,1058,6,24,2128,11,257,81,21,675,14,397,39,502,53,40,387,61,35,81,16,71,169,1606,2712,118,17,104,50,17,86,223,45,344,150,44,3374,92,354,48,8,253,392,60,359,101,30,891,405,63,0,532,6,50,110,242
06/18/2020,24,472,1153,37,37,256,54,940,122,215,105,11,73,33,40,822,46,1722,22,119,316,59,331,37,5404,410,7487,53,9,21,324,2468,404,82,1118,6,25,2131,12,260,82,21,682,14,402,40,568,54,40,392,62,35,95,16,71,170,1619,2713,118,17,106,50,18,87,227,45,349,156,44,3508,101,356,48,9,253,393,61,364,102,30,908,408,67,0,549,6,50,110,246
06/19/2020,24,476,1166,38,37,266,54,954,122,216,106,11,73,33,42,825,49,1735,22,119,321,59,332,37,5481,412,7590,53,9,21,329,2478,406,82,1174,6,25,2135,12,266,82,21,693,15,406,41,606,56,40,398,62,37,96,16,74,172,1632,2715,118,18,109,51,18,89,227,45,353,158,44,3634,109,358,48,9,255,397,61,366,103,30,918,409,69,0,559,6,55,110,247
06/20/2020,24,477,1194,39,37,275,54,956,122,217,107,11,73,33,42,831,50,1743,22,119,323,59,333,39,5555,419,7694,53,9,22,330,2483,407,82,1214,6,26,2137,13,269,84,21,698,16,402,43,639,59,42,404,62,37,97,16,74,174,1639,2715,118,18,109,51,18,89,228,45,355,165,44,3744,111,364,48,9,257,399,63,367,103,31,927,416,71,1,571,6,55,110,248
06/21/2020,25,484,1201,41,37,279,55,961,122,217,107,11,73,34,44,843,51,1756,22,119,327,59,334,39,5633,427,7794,53,9,23,331,2490,413,82,1263,6,26,2139,14,271,84,21,711,16,407,43,653,60,42,409,62,39,110,16,74,174,1654,2715,119,18,109,51,18,90,227,45,357,169,45,3829,127,367,48,9,258,400,64,369,105,31,942,429,71,0,584,6,55,110,251
06/22/2020,25,493,1223,42,37,287,55,975,122,218,107,11,74,34,45,854,52,1780,22,120,330,60,337,40,5734,433,7915,53,9,23,337,2511,416,82,1292,6,26,2141,17,277,85,22,726,16,410,45,670,60,42,414,63,39,122,16,74,175,1665,2713,122,19,110,52,19,90,228,45,361,175,46,4020,136,369,50,9,257,405,65,369,105,31,957,436,71,0,594,6,55,110,253
06/23/2020,26,500,1248,42,37,288,55,983,125,218,107,11,74,34,48,867,51,1796,22,120,332,60,342,44,5820,439,8029,54,9,23,340,2516,426,83,1345,6,26,2144,17,280,86,27,742,18,411,45,688,60,43,426,64,39,127,16,74,176,1669,2713,122,21,110,52,19,91,228,45,363,177,46,4098,152,373,50,9,258,410,67,371,105,32,960,444,73,0,614,6,55,110,255
06/24/2020,28,506,1269,43,37,294,55,984,125,219,107,12,74,34,52,878,51,1809,22,120,338,60,344,45,5964,441,8144,54,9,23,344,2527,434,83,1392,6,26,2148,17,285,87,28,756,19,412,47,697,64,43,433,65,39,129,16,74,177,1680,2714,123,21,110,52,19,91,228,45,369,183,47,4189,162,381,50,9,259,411,69,379,106,31,963,449,73,0,629,6,55,110,257
06/25/2020,29,516,1301,46,37,300,55,1033,126,221,108,12,75,36,55,889,55,1839,22,120,343,60,345,46,6111,449,8310,54,9,23,351,2534,441,83,1465,6,26,2150,19,296,89,28,771,20,413,50,703,64,43,438,68,39,144,17,75,179,1682,2717,124,22,112,55,20,93,230,45,372,187,49,4337,169,390,51,10,259,413,71,382,107,31,977,454,73,0,649,6,55,111,261
06/26/2020,29,519,1322,46,37,307,56,1087,127,223,108,12,76,37,55,901,57,1863,22,122,346,62,350,45,6287,458,8511,56,10,24,358,2538,451,85,1527,7,26,2157,20,300,96,31,788,21,412,51,712,66,43,448,69,42,147,17,76,181,1695,2717,126,22,114,55,20,96,231,45,378,189,51,4491,176,393,52,10,265,418,72,395,109,31,990,462,74,0,698,7,57,111,264
06/27/2020,30,521,1350,47,37,319,56,1093,129,225,111,12,76,38,57,912,57,1884,22,122,348,63,354,45,6429,461,8694,56,10,26,371,2549,460,85,1553,7,26,2162,20,306,97,33,800,21,412,52,722,67,44,458,71,43,153,17,76,182,1705,2719,127,22,114,55,20,96,233,45,379,193,51,4661,184,405,54,11,265,421,73,400,110,31,1008,475,76,0,708,8,57,113,265
06/28/2020,30,523,1371,48,37,327,60,1197,130,225,111,12,76,38,59,925,59,1896,22,122,350,63,363,46,6571,471,8840,57,10,27,381,2567,464,85,1603,7,26,2164,20,310,100,34,809,21,415,53,727,70,45,470,69,43,159,17,76,184,1720,2721,127,22,115,56,20,98,233,45,382,194,58,4794,190,415,56,11,266,425,74,407,112,31,1016,486,77,0,725,9,57,113,269
06/29/2020,32,524,1388,50,37,336,60,1202,132,226,111,12,76,38,60,937,60,1920,22,124,352,63,368,51,6694,482,8982,57,11,28,396,2584,469,85,1646,7,28,2169,20,312,105,34,824,23,419,53,728,75,45,476,72,42,165,17,76,185,1736,2724,127,22,120,58,21,98,233,46,383,201,59,4922,197,422,56,11,266,431,73,409,113,32,1026,498,77,0,731,9,57,114,284
06/30/2020,33,528,1405,51,37,347,61,1205,135,228,111,12,76,39,63,947,62,1953,22,124,353,65,376,53,6831,494,9148,57,14,29,404,2600,480,85,1704,9,30,2170,20,314,107,35,834,24,420,52,729,76,45,481,76,42,170,17,76,187,1741,2726,129,23,122,58,21,99,234,46,387,208,59,5010,202,433,58,11,270,437,73,412,113,33,1042,507,77,0,738,9,58,114,293
07/01/2020,37,534,1448,51,38,356,62,1209,135,229,113,12,76,39,65,962,66,1969,22,127,354,65,384,55,7013,518,9338,57,14,29,416,2628,491,86,1784,9,30,2176,20,318,109,36,863,27,421,53,739,81,48,503,76,43,177,17,80,188,1752,2731,130,23,122,59,21,99,236,46,390,222,60,5224,204,443,58,11,272,442,73,418,115,33,1052,515,80,0,757,11,58,115,297
07/02/2020,37,534,1448,51,38,356,62,1209,135,229,113,12,76,39,65,962,66,1969,22,127,354,65,384,55,7013,518,9338,57,14,29,416,2628,491,86,1784,9,30,2176,20,318,109,36,863,27,421,53,739,81,48,503,76,43,177,17,80,188,1752,2731,130,23,122,59,21,99,236,46,390,222,60,5224,204,443,58,11,272,442,73,418,115,33,1052,515,80,1301,757,11,58,115,297
07/03/2020,43,543,1511,58,39,390,66,1288,134,234,120,12,78,45,67,983,70,2079,22,130,359,68,404,58,7392,541,9825,61,14,29,442,2669,506,88,1918,11,32,2184,22,325,113,38,916,32,425,54,761,90,49,529,78,44,199,18,83,192,1805,2730,139,23,126,64,22,104,245,46,399,244,67,5605,220,480,58,11,278,455,76,428,126,33,1079,529,80,0,814,11,58,116,305
07/04/2020,49,544,1547,58,39,394,68,1295,135,236,120,12,78,48,68,997,73,2110,22,131,360,69,412,58,7571,553,10023,61,16,29,466,2700,508,88,1931,11,32,2188,23,332,118,38,925,34,431,56,765,94,50,543,78,44,211,22,87,193,1818,2730,143,23,127,65,23,106,246,46,400,248,68,5770,226,492,58,12,280,455,81,432,127,33,1091,541,82,0,823,11,58,116,308
07/05/2020,56,546,1576,59,40,400,68,1303,135,242,123,12,78,51,70,1021,73,2131,22,132,362,70,421,59,7724,568,10271,61,17,29,477,2723,516,89,1981,11,34,2191,23,337,124,38,939,35,433,56,765,97,50,559,78,45,215,23,87,195,1825,2732,143,23,134,68,22,106,248,46,405,251,70,5924,231,497,62,12,281,463,83,440,128,33,1107,552,85,0,839,11,58,116,315
07/06/2020,59,549,1599,59,40,414,68,1307,135,244,123,12,78,51,71,1035,73,2143,22,135,363,71,428,59,7883,582,10410,61,18,30,493,2752,523,89,2034,11,35,2197,23,345,127,41,967,35,435,57,766,111,51,572,79,45,220,23,88,197,1832,2734,149,25,136,68,24,107,251,46,407,258,74,6019,236,500,62,12,282,466,83,442,128,34,1123,567,86,0,860,11,59,116,321
07/07/2020,63,554,1637,59,41,422,68,1306,136,246,123,12,78,52,72,1051,78,2175,22,135,363,72,436,60,8048,588,10587,62,18,30,496,2788,536,89,2134,11,35,2201,24,347,130,45,974,38,436,58,772,127,51,585,79,45,223,24,91,199,1849,2734,150,26,137,69,24,107,253,46,408,276,74,6158,239,508,64,12,287,472,86,449,129,34,1133,568,89,0,881,11,59,117,323
07/08/2020,79,555,1674,60,44,431,68,1309,136,250,123,12,79,53,74,1064,80,2241,22,140,365,72,452,62,8277,617,10879,63,20,32,520,2836,543,89,2201,11,37,2205,24,351,132,54,997,42,437,59,780,130,53,605,83,46,228,26,92,202,1861,2736,160,26,138,70,24,107,253,48,414,287,76,6287,245,529,65,12,290,475,89,461,132,35,1156,585,92,0,895,11,60,118,328
07/09/2020,91,558,1721,60,46,436,70,1324,137,260,123,12,79,53,79,1073,81,2269,22,142,367,72,461,62,8518,645,11122,65,20,32,536,2859,548,89,2283,11,40,2206,27,359,136,56,1014,43,438,59,784,132,54,614,84,47,234,27,95,206,1885,2737,161,27,142,72,24,109,253,51,415,300,76,6396,252,551,66,12,294,486,92,477,133,36,1171,590,92,1150,918,13,61,120,338
07/10/2020,111,567,1767,64,51,453,79,1350,138,267,123,12,80,53,82,1097,82,2299,23,144,372,74,474,63,8786,675,11433,66,20,33,560,2889,566,89,2378,12,41,2216,27,363,139,65,1032,45,445,60,793,141,53,643,85,49,238,27,105,213,1907,2740,166,28,157,74,25,109,253,55,425,322,79,6563,257,570,68,12,295,503,96,487,134,40,1196,601,93,0,945,13,62,121,348
