date,Blount,Cannon,Carroll,Clay,Cocke,Grainger,Hardeman,Hawkins,Haywood,Hickman,Johnson,Lauderdale,Lincoln,Loudon,Marshall,McNairy,Monroe,Perry,Polk,Putnam,Scott,Shelby,Stewart,Union,Van Buren,Wayne,Anderson,Bradley,Chester,Cumberland,DeKalb,Decatur,Dickson,Fayette,Fentress,Gibson,Grundy,Hamblen,Hamilton,Houston,Humphreys,Jackson,Jefferson,Lake,Lawrence,Macon,Madison,McMinn,Morgan,Overton,Rhea,Roane,Rutherford,Sequatchie,Smith,Sullivan,Tipton,Warren,Washington,Campbell,Cheatham,Coffee,Davidson,Franklin,Giles,Hancock,Hardin,Knox,Montgomery,Robertson,Sevier,Sumner,Trousdale,Unicoi,Unknown,White,Williamson,Wilson,Crockett,Greene,Henry,Weakley,Bedford,Benton,Carter,Claiborne,Dyer,Henderson,Lewis,Marion,Maury,Meigs,Moore,Obion,Pickett,Bledsoe
01/21/2020,0,0,0,0,0,0,0,0,0,0,0,0,0,0,0,0,0,0,0,0,0,0,0,0,0,0,0,0,0,0,0,0,0,0,0,0,0,0,0,0,0,0,0,0,0,0,0,0,0,0,0,0,0,0,0,0,0,0,0,0,0,0,0,0,0,0,0,0,0,0,0,0,0,0,0,0,0,0,0,0,0,0,0,0,0,0,0,0,0,0,0,0,0,0,0,0
01/22/2020,0,0,0,0,0,0,0,0,0,0,0,0,0,0,0,0,0,0,0,0,0,0,0,0,0,0,0,0,0,0,0,0,0,0,0,0,0,0,0,0,0,0,0,0,0,0,0,0,0,0,0,0,0,0,0,0,0,0,0,0,0,0,0,0,0,0,0,0,0,0,0,0,0,0,0,0,0,0,0,0,0,0,0,0,0,0,0,0,0,0,0,0,0,0,0,0
01/23/2020,0,0,0,0,0,0,0,0,0,0,0,0,0,0,0,0,0,0,0,0,0,0,0,0,0,0,0,0,0,0,0,0,0,0,0,0,0,0,0,0,0,0,0,0,0,0,0,0,0,0,0,0,0,0,0,0,0,0,0,0,0,0,0,0,0,0,0,0,0,0,0,0,0,0,0,0,0,0,0,0,0,0,0,0,0,0,0,0,0,0,0,0,0,0,0,0
01/24/2020,0,0,0,0,0,0,0,0,0,0,0,0,0,0,0,0,0,0,0,0,0,0,0,0,0,0,0,0,0,0,0,0,0,0,0,0,0,0,0,0,0,0,0,0,0,0,0,0,0,0,0,0,0,0,0,0,0,0,0,0,0,0,0,0,0,0,0,0,0,0,0,0,0,0,0,0,0,0,0,0,0,0,0,0,0,0,0,0,0,0,0,0,0,0,0,0
01/25/2020,0,0,0,0,0,0,0,0,0,0,0,0,0,0,0,0,0,0,0,0,0,0,0,0,0,0,0,0,0,0,0,0,0,0,0,0,0,0,0,0,0,0,0,0,0,0,0,0,0,0,0,0,0,0,0,0,0,0,0,0,0,0,0,0,0,0,0,0,0,0,0,0,0,0,0,0,0,0,0,0,0,0,0,0,0,0,0,0,0,0,0,0,0,0,0,0
01/26/2020,0,0,0,0,0,0,0,0,0,0,0,0,0,0,0,0,0,0,0,0,0,0,0,0,0,0,0,0,0,0,0,0,0,0,0,0,0,0,0,0,0,0,0,0,0,0,0,0,0,0,0,0,0,0,0,0,0,0,0,0,0,0,0,0,0,0,0,0,0,0,0,0,0,0,0,0,0,0,0,0,0,0,0,0,0,0,0,0,0,0,0,0,0,0,0,0
01/27/2020,0,0,0,0,0,0,0,0,0,0,0,0,0,0,0,0,0,0,0,0,0,0,0,0,0,0,0,0,0,0,0,0,0,0,0,0,0,0,0,0,0,0,0,0,0,0,0,0,0,0,0,0,0,0,0,0,0,0,0,0,0,0,0,0,0,0,0,0,0,0,0,0,0,0,0,0,0,0,0,0,0,0,0,0,0,0,0,0,0,0,0,0,0,0,0,0
01/28/2020,0,0,0,0,0,0,0,0,0,0,0,0,0,0,0,0,0,0,0,0,0,0,0,0,0,0,0,0,0,0,0,0,0,0,0,0,0,0,0,0,0,0,0,0,0,0,0,0,0,0,0,0,0,0,0,0,0,0,0,0,0,0,0,0,0,0,0,0,0,0,0,0,0,0,0,0,0,0,0,0,0,0,0,0,0,0,0,0,0,0,0,0,0,0,0,0
01/29/2020,0,0,0,0,0,0,0,0,0,0,0,0,0,0,0,0,0,0,0,0,0,0,0,0,0,0,0,0,0,0,0,0,0,0,0,0,0,0,0,0,0,0,0,0,0,0,0,0,0,0,0,0,0,0,0,0,0,0,0,0,0,0,0,0,0,0,0,0,0,0,0,0,0,0,0,0,0,0,0,0,0,0,0,0,0,0,0,0,0,0,0,0,0,0,0,0
01/30/2020,0,0,0,0,0,0,0,0,0,0,0,0,0,0,0,0,0,0,0,0,0,0,0,0,0,0,0,0,0,0,0,0,0,0,0,0,0,0,0,0,0,0,0,0,0,0,0,0,0,0,0,0,0,0,0,0,0,0,0,0,0,0,0,0,0,0,0,0,0,0,0,0,0,0,0,0,0,0,0,0,0,0,0,0,0,0,0,0,0,0,0,0,0,0,0,0
01/31/2020,0,0,0,0,0,0,0,0,0,0,0,0,0,0,0,0,0,0,0,0,0,0,0,0,0,0,0,0,0,0,0,0,0,0,0,0,0,0,0,0,0,0,0,0,0,0,0,0,0,0,0,0,0,0,0,0,0,0,0,0,0,0,0,0,0,0,0,0,0,0,0,0,0,0,0,0,0,0,0,0,0,0,0,0,0,0,0,0,0,0,0,0,0,0,0,0
02/01/2020,0,0,0,0,0,0,0,0,0,0,0,0,0,0,0,0,0,0,0,0,0,0,0,0,0,0,0,0,0,0,0,0,0,0,0,0,0,0,0,0,0,0,0,0,0,0,0,0,0,0,0,0,0,0,0,0,0,0,0,0,0,0,0,0,0,0,0,0,0,0,0,0,0,0,0,0,0,0,0,0,0,0,0,0,0,0,0,0,0,0,0,0,0,0,0,0
02/02/2020,0,0,0,0,0,0,0,0,0,0,0,0,0,0,0,0,0,0,0,0,0,0,0,0,0,0,0,0,0,0,0,0,0,0,0,0,0,0,0,0,0,0,0,0,0,0,0,0,0,0,0,0,0,0,0,0,0,0,0,0,0,0,0,0,0,0,0,0,0,0,0,0,0,0,0,0,0,0,0,0,0,0,0,0,0,0,0,0,0,0,0,0,0,0,0,0
02/03/2020,0,0,0,0,0,0,0,0,0,0,0,0,0,0,0,0,0,0,0,0,0,0,0,0,0,0,0,0,0,0,0,0,0,0,0,0,0,0,0,0,0,0,0,0,0,0,0,0,0,0,0,0,0,0,0,0,0,0,0,0,0,0,0,0,0,0,0,0,0,0,0,0,0,0,0,0,0,0,0,0,0,0,0,0,0,0,0,0,0,0,0,0,0,0,0,0
02/04/2020,0,0,0,0,0,0,0,0,0,0,0,0,0,0,0,0,0,0,0,0,0,0,0,0,0,0,0,0,0,0,0,0,0,0,0,0,0,0,0,0,0,0,0,0,0,0,0,0,0,0,0,0,0,0,0,0,0,0,0,0,0,0,0,0,0,0,0,0,0,0,0,0,0,0,0,0,0,0,0,0,0,0,0,0,0,0,0,0,0,0,0,0,0,0,0,0
02/05/2020,0,0,0,0,0,0,0,0,0,0,0,0,0,0,0,0,0,0,0,0,0,0,0,0,0,0,0,0,0,0,0,0,0,0,0,0,0,0,0,0,0,0,0,0,0,0,0,0,0,0,0,0,0,0,0,0,0,0,0,0,0,0,0,0,0,0,0,0,0,0,0,0,0,0,0,0,0,0,0,0,0,0,0,0,0,0,0,0,0,0,0,0,0,0,0,0
02/06/2020,0,0,0,0,0,0,0,0,0,0,0,0,0,0,0,0,0,0,0,0,0,0,0,0,0,0,0,0,0,0,0,0,0,0,0,0,0,0,0,0,0,0,0,0,0,0,0,0,0,0,0,0,0,0,0,0,0,0,0,0,0,0,0,0,0,0,0,0,0,0,0,0,0,0,0,0,0,0,0,0,0,0,0,0,0,0,0,0,0,0,0,0,0,0,0,0
02/07/2020,0,0,0,0,0,0,0,0,0,0,0,0,0,0,0,0,0,0,0,0,0,0,0,0,0,0,0,0,0,0,0,0,0,0,0,0,0,0,0,0,0,0,0,0,0,0,0,0,0,0,0,0,0,0,0,0,0,0,0,0,0,0,0,0,0,0,0,0,0,0,0,0,0,0,0,0,0,0,0,0,0,0,0,0,0,0,0,0,0,0,0,0,0,0,0,0
02/08/2020,0,0,0,0,0,0,0,0,0,0,0,0,0,0,0,0,0,0,0,0,0,0,0,0,0,0,0,0,0,0,0,0,0,0,0,0,0,0,0,0,0,0,0,0,0,0,0,0,0,0,0,0,0,0,0,0,0,0,0,0,0,0,0,0,0,0,0,0,0,0,0,0,0,0,0,0,0,0,0,0,0,0,0,0,0,0,0,0,0,0,0,0,0,0,0,0
02/09/2020,0,0,0,0,0,0,0,0,0,0,0,0,0,0,0,0,0,0,0,0,0,0,0,0,0,0,0,0,0,0,0,0,0,0,0,0,0,0,0,0,0,0,0,0,0,0,0,0,0,0,0,0,0,0,0,0,0,0,0,0,0,0,0,0,0,0,0,0,0,0,0,0,0,0,0,0,0,0,0,0,0,0,0,0,0,0,0,0,0,0,0,0,0,0,0,0
02/10/2020,0,0,0,0,0,0,0,0,0,0,0,0,0,0,0,0,0,0,0,0,0,0,0,0,0,0,0,0,0,0,0,0,0,0,0,0,0,0,0,0,0,0,0,0,0,0,0,0,0,0,0,0,0,0,0,0,0,0,0,0,0,0,0,0,0,0,0,0,0,0,0,0,0,0,0,0,0,0,0,0,0,0,0,0,0,0,0,0,0,0,0,0,0,0,0,0
02/11/2020,0,0,0,0,0,0,0,0,0,0,0,0,0,0,0,0,0,0,0,0,0,0,0,0,0,0,0,0,0,0,0,0,0,0,0,0,0,0,0,0,0,0,0,0,0,0,0,0,0,0,0,0,0,0,0,0,0,0,0,0,0,0,0,0,0,0,0,0,0,0,0,0,0,0,0,0,0,0,0,0,0,0,0,0,0,0,0,0,0,0,0,0,0,0,0,0
02/12/2020,0,0,0,0,0,0,0,0,0,0,0,0,0,0,0,0,0,0,0,0,0,0,0,0,0,0,0,0,0,0,0,0,0,0,0,0,0,0,0,0,0,0,0,0,0,0,0,0,0,0,0,0,0,0,0,0,0,0,0,0,0,0,0,0,0,0,0,0,0,0,0,0,0,0,0,0,0,0,0,0,0,0,0,0,0,0,0,0,0,0,0,0,0,0,0,0
02/13/2020,0,0,0,0,0,0,0,0,0,0,0,0,0,0,0,0,0,0,0,0,0,0,0,0,0,0,0,0,0,0,0,0,0,0,0,0,0,0,0,0,0,0,0,0,0,0,0,0,0,0,0,0,0,0,0,0,0,0,0,0,0,0,0,0,0,0,0,0,0,0,0,0,0,0,0,0,0,0,0,0,0,0,0,0,0,0,0,0,0,0,0,0,0,0,0,0
02/14/2020,0,0,0,0,0,0,0,0,0,0,0,0,0,0,0,0,0,0,0,0,0,0,0,0,0,0,0,0,0,0,0,0,0,0,0,0,0,0,0,0,0,0,0,0,0,0,0,0,0,0,0,0,0,0,0,0,0,0,0,0,0,0,0,0,0,0,0,0,0,0,0,0,0,0,0,0,0,0,0,0,0,0,0,0,0,0,0,0,0,0,0,0,0,0,0,0
02/15/2020,0,0,0,0,0,0,0,0,0,0,0,0,0,0,0,0,0,0,0,0,0,0,0,0,0,0,0,0,0,0,0,0,0,0,0,0,0,0,0,0,0,0,0,0,0,0,0,0,0,0,0,0,0,0,0,0,0,0,0,0,0,0,0,0,0,0,0,0,0,0,0,0,0,0,0,0,0,0,0,0,0,0,0,0,0,0,0,0,0,0,0,0,0,0,0,0
02/16/2020,0,0,0,0,0,0,0,0,0,0,0,0,0,0,0,0,0,0,0,0,0,0,0,0,0,0,0,0,0,0,0,0,0,0,0,0,0,0,0,0,0,0,0,0,0,0,0,0,0,0,0,0,0,0,0,0,0,0,0,0,0,0,0,0,0,0,0,0,0,0,0,0,0,0,0,0,0,0,0,0,0,0,0,0,0,0,0,0,0,0,0,0,0,0,0,0
02/17/2020,0,0,0,0,0,0,0,0,0,0,0,0,0,0,0,0,0,0,0,0,0,0,0,0,0,0,0,0,0,0,0,0,0,0,0,0,0,0,0,0,0,0,0,0,0,0,0,0,0,0,0,0,0,0,0,0,0,0,0,0,0,0,0,0,0,0,0,0,0,0,0,0,0,0,0,0,0,0,0,0,0,0,0,0,0,0,0,0,0,0,0,0,0,0,0,0
02/18/2020,0,0,0,0,0,0,0,0,0,0,0,0,0,0,0,0,0,0,0,0,0,0,0,0,0,0,0,0,0,0,0,0,0,0,0,0,0,0,0,0,0,0,0,0,0,0,0,0,0,0,0,0,0,0,0,0,0,0,0,0,0,0,0,0,0,0,0,0,0,0,0,0,0,0,0,0,0,0,0,0,0,0,0,0,0,0,0,0,0,0,0,0,0,0,0,0
02/19/2020,0,0,0,0,0,0,0,0,0,0,0,0,0,0,0,0,0,0,0,0,0,0,0,0,0,0,0,0,0,0,0,0,0,0,0,0,0,0,0,0,0,0,0,0,0,0,0,0,0,0,0,0,0,0,0,0,0,0,0,0,0,0,0,0,0,0,0,0,0,0,0,0,0,0,0,0,0,0,0,0,0,0,0,0,0,0,0,0,0,0,0,0,0,0,0,0
02/20/2020,0,0,0,0,0,0,0,0,0,0,0,0,0,0,0,0,0,0,0,0,0,0,0,0,0,0,0,0,0,0,0,0,0,0,0,0,0,0,0,0,0,0,0,0,0,0,0,0,0,0,0,0,0,0,0,0,0,0,0,0,0,0,0,0,0,0,0,0,0,0,0,0,0,0,0,0,0,0,0,0,0,0,0,0,0,0,0,0,0,0,0,0,0,0,0,0
02/21/2020,0,0,0,0,0,0,0,0,0,0,0,0,0,0,0,0,0,0,0,0,0,0,0,0,0,0,0,0,0,0,0,0,0,0,0,0,0,0,0,0,0,0,0,0,0,0,0,0,0,0,0,0,0,0,0,0,0,0,0,0,0,0,0,0,0,0,0,0,0,0,0,0,0,0,0,0,0,0,0,0,0,0,0,0,0,0,0,0,0,0,0,0,0,0,0,0
02/22/2020,0,0,0,0,0,0,0,0,0,0,0,0,0,0,0,0,0,0,0,0,0,0,0,0,0,0,0,0,0,0,0,0,0,0,0,0,0,0,0,0,0,0,0,0,0,0,0,0,0,0,0,0,0,0,0,0,0,0,0,0,0,0,0,0,0,0,0,0,0,0,0,0,0,0,0,0,0,0,0,0,0,0,0,0,0,0,0,0,0,0,0,0,0,0,0,0
02/23/2020,0,0,0,0,0,0,0,0,0,0,0,0,0,0,0,0,0,0,0,0,0,0,0,0,0,0,0,0,0,0,0,0,0,0,0,0,0,0,0,0,0,0,0,0,0,0,0,0,0,0,0,0,0,0,0,0,0,0,0,0,0,0,0,0,0,0,0,0,0,0,0,0,0,0,0,0,0,0,0,0,0,0,0,0,0,0,0,0,0,0,0,0,0,0,0,0
02/24/2020,0,0,0,0,0,0,0,0,0,0,0,0,0,0,0,0,0,0,0,0,0,0,0,0,0,0,0,0,0,0,0,0,0,0,0,0,0,0,0,0,0,0,0,0,0,0,0,0,0,0,0,0,0,0,0,0,0,0,0,0,0,0,0,0,0,0,0,0,0,0,0,0,0,0,0,0,0,0,0,0,0,0,0,0,0,0,0,0,0,0,0,0,0,0,0,0
02/25/2020,0,0,0,0,0,0,0,0,0,0,0,0,0,0,0,0,0,0,0,0,0,0,0,0,0,0,0,0,0,0,0,0,0,0,0,0,0,0,0,0,0,0,0,0,0,0,0,0,0,0,0,0,0,0,0,0,0,0,0,0,0,0,0,0,0,0,0,0,0,0,0,0,0,0,0,0,0,0,0,0,0,0,0,0,0,0,0,0,0,0,0,0,0,0,0,0
02/26/2020,0,0,0,0,0,0,0,0,0,0,0,0,0,0,0,0,0,0,0,0,0,0,0,0,0,0,0,0,0,0,0,0,0,0,0,0,0,0,0,0,0,0,0,0,0,0,0,0,0,0,0,0,0,0,0,0,0,0,0,0,0,0,0,0,0,0,0,0,0,0,0,0,0,0,0,0,0,0,0,0,0,0,0,0,0,0,0,0,0,0,0,0,0,0,0,0
02/27/2020,0,0,0,0,0,0,0,0,0,0,0,0,0,0,0,0,0,0,0,0,0,0,0,0,0,0,0,0,0,0,0,0,0,0,0,0,0,0,0,0,0,0,0,0,0,0,0,0,0,0,0,0,0,0,0,0,0,0,0,0,0,0,0,0,0,0,0,0,0,0,0,0,0,0,0,0,0,0,0,0,0,0,0,0,0,0,0,0,0,0,0,0,0,0,0,0
02/28/2020,0,0,0,0,0,0,0,0,0,0,0,0,0,0,0,0,0,0,0,0,0,0,0,0,0,0,0,0,0,0,0,0,0,0,0,0,0,0,0,0,0,0,0,0,0,0,0,0,0,0,0,0,0,0,0,0,0,0,0,0,0,0,0,0,0,0,0,0,0,0,0,0,0,0,0,0,0,0,0,0,0,0,0,0,0,0,0,0,0,0,0,0,0,0,0,0
02/29/2020,0,0,0,0,0,0,0,0,0,0,0,0,0,0,0,0,0,0,0,0,0,0,0,0,0,0,0,0,0,0,0,0,0,0,0,0,0,0,0,0,0,0,0,0,0,0,0,0,0,0,0,0,0,0,0,0,0,0,0,0,0,0,0,0,0,0,0,0,0,0,0,0,0,0,0,0,0,0,0,0,0,0,0,0,0,0,0,0,0,0,0,0,0,0,0,0
03/01/2020,0,0,0,0,0,0,0,0,0,0,0,0,0,0,0,0,0,0,0,0,0,0,0,0,0,0,0,0,0,0,0,0,0,0,0,0,0,0,0,0,0,0,0,0,0,0,0,0,0,0,0,0,0,0,0,0,0,0,0,0,0,0,0,0,0,0,0,0,0,0,0,0,0,0,0,0,0,0,0,0,0,0,0,0,0,0,0,0,0,0,0,0,0,0,0,0
03/02/2020,0,0,0,0,0,0,0,0,0,0,0,0,0,0,0,0,0,0,0,0,0,0,0,0,0,0,0,0,0,0,0,0,0,0,0,0,0,0,0,0,0,0,0,0,0,0,0,0,0,0,0,0,0,0,0,0,0,0,0,0,0,0,0,0,0,0,0,0,0,0,0,0,0,0,0,0,0,0,0,0,0,0,0,0,0,0,0,0,0,0,0,0,0,0,0,0
03/03/2020,0,0,0,0,0,0,0,0,0,0,0,0,0,0,0,0,0,0,0,0,0,0,0,0,0,0,0,0,0,0,0,0,0,0,0,0,0,0,0,0,0,0,0,0,0,0,0,0,0,0,0,0,0,0,0,0,0,0,0,0,0,0,0,0,0,0,0,0,0,0,0,0,0,0,0,0,0,0,0,0,0,0,0,0,0,0,0,0,0,0,0,0,0,0,0,0
03/04/2020,0,0,0,0,0,0,0,0,0,0,0,0,0,0,0,0,0,0,0,0,0,0,0,0,0,0,0,0,0,0,0,0,0,0,0,0,0,0,0,0,0,0,0,0,0,0,0,0,0,0,0,0,0,0,0,0,0,0,0,0,0,0,0,0,0,0,0,0,0,0,0,0,0,0,0,0,0,0,0,0,0,0,0,0,0,0,0,0,0,0,0,0,0,0,0,0
03/05/2020,0,0,0,0,0,0,0,0,0,0,0,0,0,0,0,0,0,0,0,0,0,0,0,0,0,0,0,0,0,0,0,0,0,0,0,0,0,0,0,0,0,0,0,0,0,0,0,0,0,0,0,0,0,0,0,0,0,0,0,0,0,0,0,0,0,0,0,0,0,0,0,0,0,0,0,0,1,0,0,0,0,0,0,0,0,0,0,0,0,0,0,0,0,0,0,0
03/06/2020,0,0,0,0,0,0,0,0,0,0,0,0,0,0,0,0,0,0,0,0,0,0,0,0,0,0,0,0,0,0,0,0,0,0,0,0,0,0,0,0,0,0,0,0,0,0,0,0,0,0,0,0,0,0,0,0,0,0,0,0,0,0,0,0,0,0,0,0,0,0,0,0,0,0,0,0,1,0,0,0,0,0,0,0,0,0,0,0,0,0,0,0,0,0,0,0
03/07/2020,0,0,0,0,0,0,0,0,0,0,0,0,0,0,0,0,0,0,0,0,0,0,0,0,0,0,0,0,0,0,0,0,0,0,0,0,0,0,0,0,0,0,0,0,0,0,0,0,0,0,0,0,0,0,0,0,0,0,0,0,0,0,0,0,0,0,0,0,0,0,0,0,0,0,0,0,1,0,0,0,0,0,0,0,0,0,0,0,0,0,0,0,0,0,0,0
03/08/2020,0,0,0,0,0,0,0,0,0,0,0,0,0,0,0,0,0,0,0,0,0,1,0,0,0,0,0,0,0,0,0,0,0,0,0,0,0,0,0,0,0,0,0,0,0,0,0,0,0,0,0,0,0,0,0,0,0,0,0,0,0,0,1,0,0,0,0,0,0,0,0,0,0,0,0,0,1,0,0,0,0,0,0,0,0,0,0,0,0,0,0,0,0,0,0,0
03/09/2020,0,0,0,0,0,0,0,0,0,0,0,0,0,0,0,0,0,0,0,0,0,1,0,0,0,0,0,0,0,0,0,0,0,0,0,0,0,0,0,0,0,0,0,0,0,0,0,0,0,0,0,0,0,0,0,0,0,0,0,0,0,0,1,0,0,0,0,0,0,0,0,0,0,0,0,0,2,0,0,0,0,0,0,0,0,0,0,0,0,0,0,0,0,0,0,0
03/10/2020,0,0,0,0,0,0,0,0,0,0,0,0,0,0,0,0,0,0,0,0,0,1,0,0,0,0,0,0,0,0,0,0,0,0,0,0,0,0,0,0,0,0,0,0,0,0,0,0,0,0,0,0,0,0,0,1,0,0,0,0,0,0,1,0,0,0,0,0,0,0,0,0,0,0,0,0,4,0,0,0,0,0,0,0,0,0,0,0,0,0,0,0,0,0,0,0
03/11/2020,0,0,0,0,0,0,0,0,0,0,0,0,0,0,0,0,0,0,0,0,0,1,0,0,0,0,0,0,0,0,0,0,0,0,0,0,0,0,0,0,0,0,0,0,0,0,0,0,0,0,0,0,0,0,0,1,0,0,0,0,0,0,2,0,0,0,0,0,0,0,0,0,0,0,0,0,4,0,0,0,0,0,0,0,0,0,0,0,0,0,0,0,0,0,0,0
03/12/2020,0,0,0,0,0,0,0,0,0,0,0,0,0,0,0,0,0,0,0,0,0,2,0,0,0,0,0,0,0,0,0,0,0,0,0,0,0,0,0,0,0,0,0,0,0,0,0,0,0,0,0,0,0,0,0,1,0,0,0,0,0,0,6,0,0,0,0,1,0,0,0,0,0,0,0,0,8,0,0,0,0,0,0,0,0,0,0,0,0,0,0,0,0,0,0,0
03/13/2020,0,0,0,0,0,0,0,0,0,0,0,0,0,0,0,0,0,0,0,0,0,2,0,0,0,0,0,0,0,0,0,0,0,0,0,0,0,0,1,0,0,0,1,0,0,0,0,0,0,0,0,0,1,0,0,1,0,0,0,0,0,0,10,0,0,0,0,1,0,0,0,0,0,0,0,0,9,0,0,0,0,0,0,0,0,0,0,0,0,0,0,0,0,0,0,0
03/14/2020,0,0,0,0,0,0,0,0,0,0,0,0,0,0,0,0,0,0,0,0,0,2,0,0,0,0,0,0,0,0,0,0,0,0,0,0,0,0,1,0,0,0,1,0,0,0,0,0,0,0,0,0,1,0,0,1,0,0,0,1,0,0,14,0,0,0,0,1,0,0,0,0,0,0,0,0,10,0,0,0,0,0,0,0,0,0,0,0,0,0,0,0,0,0,0,0
03/15/2020,0,0,0,0,0,0,0,0,0,0,0,0,0,0,0,0,0,0,0,0,0,2,0,0,0,0,0,0,0,0,0,0,0,0,0,0,0,0,1,0,0,0,1,0,0,0,0,0,0,0,0,0,1,0,0,1,0,0,0,1,0,0,17,0,0,0,0,1,0,0,0,0,0,0,0,0,14,0,0,0,0,0,0,0,0,0,0,0,0,0,0,0,0,0,0,0
03/16/2020,0,0,0,0,0,0,0,0,0,0,0,0,0,0,0,0,0,0,0,0,0,2,0,0,0,0,0,0,0,0,0,0,0,0,0,0,0,0,1,0,0,0,1,0,0,0,0,0,0,0,0,0,1,0,0,1,0,0,0,1,0,0,25,0,0,0,0,1,0,0,1,0,0,0,0,0,18,0,0,0,0,0,0,0,0,0,0,0,0,0,0,0,0,0,0,0
03/17/2020,0,0,0,0,0,0,0,0,0,0,0,0,0,0,0,0,0,0,0,0,0,2,0,0,0,0,0,0,0,0,0,0,0,0,0,0,0,0,1,0,0,0,1,0,0,0,0,0,0,0,0,0,1,0,0,1,0,0,0,1,0,0,42,0,0,0,0,2,0,0,1,0,0,0,0,0,21,0,0,0,0,0,0,0,0,0,0,0,0,0,0,0,0,0,0,0
03/18/2020,0,0,0,0,0,0,0,0,0,0,0,0,0,0,0,0,0,0,0,0,0,4,0,0,0,0,0,0,0,0,0,0,0,0,0,0,0,0,1,0,0,0,1,0,0,0,0,0,0,0,0,0,1,0,0,1,0,0,0,1,1,0,58,0,0,0,0,2,0,1,1,2,0,0,0,0,24,0,0,0,0,0,0,0,0,0,0,0,0,0,0,0,0,0,0,0
03/19/2020,0,0,0,0,0,0,0,0,0,0,0,0,0,0,0,0,0,0,0,0,0,22,0,0,0,0,0,0,0,1,0,0,0,0,0,0,0,0,1,0,0,0,1,0,0,0,0,0,0,0,0,0,1,0,0,1,0,0,2,1,1,0,75,0,0,0,0,2,1,2,1,3,0,0,2,0,35,2,0,0,0,0,0,0,0,0,1,0,0,0,0,0,0,0,0,0
03/20/2020,1,0,0,0,0,0,0,0,0,0,0,0,0,0,0,0,0,0,0,0,0,42,0,0,0,0,1,1,0,2,0,0,2,0,0,0,0,1,5,0,0,0,1,0,0,0,0,0,0,0,0,0,1,0,0,1,1,0,2,1,2,0,110,0,0,0,0,3,3,2,1,11,0,0,2,0,35,3,0,1,0,0,0,0,0,0,1,0,0,0,1,0,0,0,0,0
03/21/2020,1,0,1,0,1,0,0,0,0,0,0,0,0,0,0,0,3,0,0,5,2,42,0,0,0,0,1,1,0,2,0,0,3,1,0,0,0,2,7,0,0,0,1,0,0,0,0,0,0,0,0,1,5,0,0,1,2,0,2,2,2,0,140,0,0,0,0,4,3,2,2,11,0,0,8,0,47,3,0,1,0,0,0,0,0,0,2,0,0,0,1,0,0,0,0,0
03/22/2020,1,0,2,0,1,0,0,0,0,0,0,0,0,1,0,0,3,1,0,6,2,66,0,0,0,0,1,2,1,2,0,0,4,3,0,1,0,2,8,1,0,0,2,0,0,0,0,1,0,0,0,1,8,0,0,1,5,0,2,2,4,0,167,1,0,0,0,5,3,3,3,22,0,0,28,0,48,3,0,2,0,0,0,0,0,0,2,0,0,1,2,0,0,0,0,0
03/23/2020,1,0,2,0,1,0,0,0,0,0,0,0,0,1,0,0,3,1,0,6,2,66,0,0,0,0,1,2,1,2,0,0,4,3,0,1,0,2,8,1,0,0,2,0,0,0,0,1,0,0,0,1,8,0,0,1,5,0,2,2,4,0,184,1,0,0,0,5,3,3,3,22,0,0,109,0,48,3,0,2,0,0,0,0,0,0,2,0,0,1,2,0,0,0,0,0
03/24/2020,3,0,3,0,1,0,0,0,0,0,0,0,1,2,0,0,3,1,0,8,2,135,0,0,0,0,1,2,1,3,1,0,5,3,0,2,1,2,8,1,0,0,4,0,0,0,1,2,0,1,0,1,13,0,0,2,6,0,7,2,5,0,253,1,0,0,1,15,6,12,3,34,0,0,34,0,64,7,0,5,0,0,0,0,0,1,2,0,0,1,6,0,0,0,0,0
03/25/2020,3,0,3,0,1,0,0,1,0,0,0,0,1,3,0,0,3,1,0,9,2,170,0,0,0,0,3,3,1,3,1,0,5,3,0,2,1,2,15,3,0,0,4,0,0,0,2,2,0,1,0,1,19,0,0,2,6,0,7,2,7,0,257,1,0,0,1,20,6,15,3,36,0,0,78,1,66,10,0,7,0,0,1,0,0,1,2,0,1,1,7,0,0,0,0,0
03/26/2020,4,1,3,0,1,0,0,1,0,0,0,0,1,6,0,0,3,1,0,11,2,198,0,0,0,0,3,5,2,6,2,0,7,3,0,2,1,2,28,2,0,0,4,0,0,1,2,3,0,1,0,1,27,0,0,4,8,0,9,2,7,0,293,3,0,0,1,26,6,20,3,43,0,1,110,1,70,13,0,8,0,0,1,1,0,2,3,0,2,2,7,1,0,0,0,0
03/27/2020,6,2,4,0,1,0,0,2,0,0,0,0,1,6,0,0,3,2,0,13,2,223,0,0,0,0,4,6,2,6,3,0,9,3,0,2,1,2,30,2,0,0,5,0,0,1,3,3,0,1,0,1,39,0,1,6,10,0,10,4,7,0,312,3,0,0,1,31,9,22,6,58,0,1,171,1,91,20,0,8,0,0,1,2,0,2,3,0,2,2,7,1,0,0,0,0
03/28/2020,9,3,4,0,1,0,1,2,0,0,1,0,1,6,0,0,3,2,0,17,2,275,0,1,0,0,5,5,2,6,3,0,11,4,0,2,2,2,35,2,0,0,5,0,0,2,3,3,1,2,0,1,46,0,1,6,11,0,14,4,7,0,376,3,0,0,1,33,11,23,6,82,1,1,161,1,95,20,0,8,0,1,1,3,1,2,3,0,2,4,8,1,0,0,0,2
03/29/2020,9,2,5,0,1,0,1,2,2,0,2,0,1,8,0,1,3,2,0,17,2,362,0,1,0,0,6,8,2,9,3,0,11,10,0,3,2,2,35,2,0,0,5,0,0,3,3,3,1,2,0,2,48,0,1,8,15,0,14,4,8,1,394,6,0,0,1,38,13,25,6,93,1,1,190,1,101,27,0,9,1,1,1,3,1,2,3,0,2,5,8,1,0,1,0,2
03/30/2020,10,2,5,0,1,0,1,4,2,0,2,0,1,8,1,1,3,2,0,24,2,396,0,1,0,1,9,9,3,11,4,0,12,10,1,5,2,2,40,1,0,0,5,0,2,3,5,3,1,2,0,2,57,0,1,11,16,1,14,4,8,1,443,5,1,0,1,52,13,27,7,164,3,1,101,1,111,32,0,12,1,1,1,3,1,2,3,0,2,6,11,1,0,1,0,2
03/31/2020,25,3,5,0,1,0,1,4,2,0,2,0,1,8,1,1,5,2,0,24,2,396,0,1,0,1,10,10,3,11,4,0,17,12,1,6,4,2,48,1,2,0,6,0,2,4,5,3,1,2,0,2,57,0,1,11,16,1,14,4,10,1,541,5,3,0,1,66,19,27,7,164,3,1,259,1,111,32,0,12,1,1,2,4,1,2,3,0,2,6,15,1,0,1,0,2
04/01/2020,28,3,5,1,1,3,4,5,2,1,2,1,2,8,1,1,5,2,0,31,3,496,0,1,0,1,10,14,3,14,5,0,18,14,1,6,6,3,50,1,2,0,6,0,2,4,7,3,1,2,0,2,86,1,3,17,22,1,21,4,11,1,673,7,3,0,2,78,27,35,9,201,5,1,442,2,148,45,0,15,1,1,4,4,1,2,3,0,2,8,17,1,0,2,0,2
04/02/2020,32,4,5,1,1,3,4,7,2,1,2,2,2,9,2,3,5,2,1,37,3,638,0,1,0,2,10,18,3,16,5,0,20,14,1,6,8,3,61,1,2,2,6,0,2,5,13,3,1,2,0,3,113,2,3,17,24,1,21,4,11,3,785,8,3,0,2,92,37,41,10,268,6,1,101,2,199,62,0,16,4,1,6,4,1,2,5,0,2,13,18,2,0,2,0,2
04/03/2020,33,4,6,1,1,3,5,8,2,1,2,2,4,12,4,3,5,2,2,81,3,640,0,1,0,2,10,21,5,22,5,0,21,17,1,7,11,3,67,1,3,3,6,0,3,7,17,3,2,2,0,3,127,2,3,18,28,1,20,4,11,3,808,12,3,0,2,98,41,51,13,283,7,1,52,2,221,71,0,16,4,1,6,4,3,2,5,0,2,14,20,2,0,2,0,2
04/04/2020,34,4,6,1,1,3,6,9,2,1,2,2,5,13,4,3,6,3,3,81,3,706,1,1,0,2,10,21,6,23,5,0,22,18,1,8,12,4,71,2,3,3,6,0,3,7,19,3,4,2,0,5,140,2,3,18,31,1,22,5,12,4,856,12,3,0,2,99,46,51,13,301,7,1,63,2,239,82,0,16,4,1,8,4,3,2,7,0,2,16,21,2,0,2,0,2
04/05/2020,36,6,7,1,1,3,6,10,3,2,2,2,5,13,6,3,6,3,3,81,3,754,2,1,0,2,10,21,6,26,7,0,23,20,2,11,12,4,79,2,3,3,6,0,3,9,19,3,4,3,0,5,147,2,3,21,33,1,23,5,13,5,924,12,3,0,2,115,51,59,14,321,8,1,81,2,258,93,0,17,4,5,8,4,3,2,9,1,2,16,21,2,0,2,0,3
04/06/2020,38,7,8,1,1,3,6,14,5,2,2,5,5,13,9,4,6,3,3,81,3,766,2,1,0,2,10,23,6,26,7,0,24,21,2,12,15,4,83,2,3,3,7,0,4,11,22,3,5,4,0,5,161,2,3,25,36,1,24,5,13,7,1034,14,3,0,2,119,54,60,16,335,11,1,69,2,260,97,0,17,5,5,8,4,3,2,9,1,2,20,24,2,0,2,0,3
04/07/2020,41,7,8,1,2,3,6,16,6,2,2,5,6,15,9,5,6,3,3,81,4,845,2,1,0,2,11,25,7,32,7,0,27,21,2,13,16,4,95,2,4,3,10,0,6,12,43,3,5,4,0,5,178,1,3,26,38,2,27,6,13,7,1075,14,3,0,2,143,65,65,18,361,14,1,0,2,278,113,0,18,6,5,10,4,3,2,10,2,2,21,26,2,0,3,0,3
04/08/2020,42,7,8,2,2,3,6,18,7,2,2,6,7,15,9,7,6,3,3,81,5,912,2,2,0,2,11,28,7,33,7,1,27,22,2,13,16,4,95,2,4,4,12,0,10,16,43,3,5,5,0,5,193,1,3,27,38,2,30,6,13,7,1140,17,3,0,2,148,72,67,19,376,14,1,0,2,287,117,0,20,6,5,12,4,3,2,11,2,2,21,29,3,0,4,0,3
04/09/2020,44,7,10,2,3,3,6,21,9,2,2,7,7,15,9,9,7,3,3,82,5,1006,2,2,0,2,11,28,7,34,7,1,28,25,2,16,17,4,98,2,4,5,12,0,11,16,47,3,5,5,0,5,203,1,5,34,39,3,32,9,15,10,1140,17,3,0,2,157,79,70,21,389,14,1,0,3,288,123,0,22,6,5,14,4,3,2,14,2,2,22,31,3,0,4,0,3
04/10/2020,45,7,10,2,3,4,7,22,13,2,2,8,8,16,9,9,8,3,5,84,8,1083,3,3,0,2,11,31,7,39,8,1,29,28,2,18,19,4,102,3,4,5,13,0,12,19,56,4,5,5,0,5,222,1,5,35,43,3,37,10,17,10,1224,17,3,0,2,164,84,73,21,413,14,1,22,3,299,129,0,25,6,5,15,4,3,3,15,2,2,22,32,3,0,5,0,3
04/11/2020,46,7,10,2,3,4,7,22,13,2,2,8,8,16,9,9,8,3,4,85,8,1147,4,3,0,2,12,31,6,40,9,1,30,30,2,19,21,4,105,3,4,5,14,0,12,25,56,4,5,5,0,5,235,1,7,37,44,4,37,10,17,11,1256,22,3,0,2,169,88,81,21,435,17,1,0,3,312,135,0,26,6,5,17,4,3,3,18,2,2,24,32,3,0,7,0,3
04/12/2020,46,7,10,2,3,4,7,22,13,2,2,8,8,16,9,9,8,3,4,85,8,1216,4,3,0,2,12,31,6,40,9,1,30,30,2,19,21,4,105,3,4,5,14,0,12,25,56,4,5,5,0,5,235,1,7,37,44,4,37,10,17,11,1348,22,3,0,2,169,88,81,21,435,17,1,0,3,312,135,0,26,6,5,17,4,3,3,18,2,2,24,32,3,0,7,0,3
04/13/2020,46,7,12,4,5,4,7,24,12,2,2,9,9,16,9,9,8,4,5,87,9,1331,4,3,1,2,15,32,6,43,10,3,30,36,2,20,23,6,109,3,4,7,16,4,13,26,68,5,5,5,0,5,250,3,10,42,50,4,42,11,18,11,1385,21,3,0,2,173,102,88,22,454,20,1,0,4,318,143,0,27,8,6,23,4,3,4,22,2,2,26,33,3,0,8,0,8
04/14/2020,47,7,12,4,7,4,7,24,12,2,2,9,9,17,9,9,9,4,5,92,10,1359,4,3,1,2,15,33,5,51,10,3,33,37,3,21,22,6,110,3,4,6,16,4,15,27,73,5,5,6,0,5,253,3,10,43,52,4,44,12,19,12,1457,23,3,0,2,174,101,92,22,466,20,1,0,4,322,145,0,27,8,6,25,4,3,5,22,2,2,26,33,3,0,8,0,8
04/15/2020,47,7,13,5,8,4,7,26,12,2,2,12,9,18,9,9,9,5,5,93,11,1432,4,3,1,2,16,33,6,53,10,3,37,39,3,24,24,7,110,4,4,6,16,4,15,29,75,5,5,7,0,6,269,3,11,43,53,4,45,12,19,13,1492,23,4,0,4,179,102,94,22,478,20,1,0,4,322,155,0,28,8,6,33,4,4,5,24,2,2,27,33,3,1,8,0,8
04/16/2020,46,8,13,5,11,4,7,26,12,2,2,12,9,19,12,9,9,6,5,93,11,1508,4,3,1,2,15,35,6,55,10,3,39,42,4,25,25,7,110,4,4,6,16,4,15,30,73,6,5,7,0,7,271,3,11,45,54,4,46,12,20,17,1560,23,5,0,4,186,102,95,22,491,20,1,0,4,324,161,0,29,8,6,40,4,5,5,24,2,2,27,33,3,1,8,0,7
04/17/2020,46,9,13,5,11,4,7,27,12,2,2,13,9,21,13,9,10,6,5,94,11,1682,5,3,1,2,15,38,6,56,10,5,42,44,4,27,25,7,115,4,4,6,14,4,15,31,83,6,5,7,1,8,295,3,12,45,55,4,46,13,21,18,1597,23,5,0,4,194,108,105,24,497,20,1,0,4,336,171,0,30,9,6,48,4,5,5,24,2,2,28,34,3,1,9,0,8
04/18/2020,46,9,13,5,11,4,7,27,13,2,2,13,9,21,16,9,10,6,5,95,11,1730,5,3,1,2,15,38,6,57,10,5,43,45,4,28,25,7,116,4,4,11,15,4,15,33,83,6,5,7,1,8,302,3,12,45,57,4,46,13,22,19,1680,23,5,0,4,194,113,105,24,503,20,1,0,4,342,173,3,30,9,6,62,4,5,5,25,4,2,28,34,3,2,9,0,9
04/19/2020,46,9,15,5,11,4,7,27,13,2,2,15,10,22,16,9,10,6,5,95,11,1778,6,3,1,2,16,37,8,57,10,5,45,45,4,31,25,8,116,4,7,6,15,4,15,33,86,6,5,7,2,8,309,3,13,45,56,5,46,13,22,20,1751,26,5,0,4,194,119,113,24,509,22,1,0,4,348,181,5,30,9,8,71,4,5,5,28,4,2,28,34,3,2,9,0,9
04/20/2020,46,9,15,5,11,4,7,27,13,2,2,16,10,23,16,9,11,6,5,96,11,1839,6,3,1,2,16,37,8,58,12,5,46,46,4,31,25,8,118,4,7,6,16,4,15,34,91,6,5,7,2,8,328,3,14,45,83,5,46,14,22,20,1751,27,5,0,4,193,122,116,26,518,22,1,0,4,358,185,6,35,9,8,76,4,5,5,28,4,2,28,34,3,2,9,0,10
04/21/2020,46,9,14,5,11,4,8,28,13,3,2,16,11,23,22,9,11,6,5,95,12,1873,6,3,1,2,21,37,9,59,12,5,46,48,4,32,26,13,124,4,6,6,16,4,16,34,94,6,5,7,3,8,338,3,14,45,83,4,46,14,22,21,1936,27,6,0,4,196,124,117,29,530,23,1,0,4,359,187,6,37,9,8,105,4,5,5,28,5,2,28,34,3,2,9,0,11
04/22/2020,47,11,14,5,13,4,8,28,14,10,2,16,11,23,24,10,11,8,6,100,11,1924,6,3,1,2,22,38,9,60,10,5,50,48,4,33,26,13,127,4,7,6,17,9,16,35,95,6,5,7,4,8,345,3,18,47,83,4,46,14,26,23,1962,28,6,0,4,199,128,123,33,550,27,1,0,4,365,194,6,37,11,9,117,4,5,5,29,5,2,28,34,5,3,10,0,162
04/23/2020,48,10,14,5,14,4,8,28,14,16,2,16,11,24,22,10,12,8,7,101,11,1953,7,3,1,2,23,38,10,61,10,4,56,48,4,32,27,14,129,4,7,6,16,20,16,35,96,6,5,7,4,8,352,3,18,47,87,4,46,13,28,25,2144,28,6,0,4,203,130,126,34,556,27,1,0,4,369,196,6,38,11,9,130,5,6,5,30,5,2,28,35,5,3,12,0,351
04/24/2020,49,10,14,5,14,4,9,28,15,20,2,17,11,25,22,11,12,8,7,101,11,2001,6,3,1,2,24,40,10,67,12,4,63,48,4,34,28,14,133,4,7,7,17,46,16,35,98,7,5,7,4,8,364,3,19,47,88,5,46,13,32,27,2176,29,6,0,4,207,132,125,35,573,29,1,0,4,377,197,6,41,11,10,138,5,7,5,30,5,2,28,36,5,3,12,0,585
04/25/2020,53,10,16,5,14,4,11,29,17,40,2,17,12,25,22,11,12,8,7,106,11,2086,6,3,2,2,24,41,10,67,12,4,64,51,4,35,28,14,140,4,9,7,17,48,16,37,99,10,6,7,4,8,387,4,19,48,91,5,49,13,36,31,2213,29,6,0,5,210,134,127,42,584,47,1,0,4,381,199,7,41,11,16,150,6,10,5,31,5,2,28,38,5,3,12,0,586
04/26/2020,53,10,16,5,14,4,11,29,18,41,2,18,12,27,22,11,13,8,7,109,11,2296,7,3,2,2,25,43,10,67,13,4,66,52,4,38,28,15,141,4,9,7,18,48,16,38,101,14,6,7,4,8,405,5,19,47,94,5,52,14,36,32,2370,29,6,0,5,210,136,136,45,593,48,1,0,4,397,233,7,41,11,19,159,6,12,5,31,6,2,28,40,6,3,12,0,588
04/27/2020,54,11,16,5,14,6,11,29,19,42,3,17,12,27,22,11,15,8,7,114,11,2327,7,3,2,2,24,45,10,68,14,4,70,52,4,41,28,16,146,4,10,7,18,49,17,39,104,65,6,8,4,8,423,5,19,47,95,7,54,14,39,33,2488,29,6,0,5,214,138,138,46,603,48,1,0,4,399,246,6,41,11,18,165,6,12,5,32,6,2,28,41,6,3,12,0,588
04/28/2020,55,11,18,5,16,5,11,30,19,43,3,17,12,28,22,11,14,8,8,115,11,2376,7,3,2,4,24,46,10,70,14,4,71,53,4,41,28,17,149,4,10,7,18,50,17,39,128,70,6,8,4,8,434,5,20,47,96,7,54,14,42,33,2588,32,6,0,5,214,139,139,46,608,50,1,0,5,399,249,7,42,11,18,167,6,12,5,33,6,2,28,40,6,3,12,0,589
04/29/2020,55,11,18,5,16,5,11,30,19,43,3,19,13,32,22,11,16,8,7,119,11,2432,7,3,2,4,27,48,10,74,14,4,72,53,4,44,28,17,152,5,10,7,18,53,17,39,131,89,6,8,4,8,448,5,20,48,98,7,54,14,42,35,2618,34,7,0,5,221,141,139,48,619,122,1,0,6,408,250,7,43,11,21,169,6,12,5,34,6,2,28,42,8,3,12,0,592
04/30/2020,56,12,18,5,16,5,14,30,20,44,3,21,13,33,22,11,20,9,8,121,11,2507,7,3,2,4,28,49,10,74,15,4,72,56,4,43,28,18,156,5,10,7,19,55,17,40,135,92,6,8,5,8,474,5,21,49,98,7,54,15,46,36,2669,36,8,0,5,228,146,148,49,623,123,1,0,7,411,253,7,44,13,23,173,6,12,5,34,7,2,29,42,8,3,13,0,594
05/01/2020,58,12,18,5,16,6,16,30,23,44,3,21,14,32,23,11,21,12,8,122,11,2599,7,3,2,4,28,52,10,74,17,4,74,59,4,45,28,18,160,5,11,7,20,55,17,41,136,94,6,8,5,8,502,5,22,49,98,8,55,16,48,36,2832,36,8,0,5,233,146,157,49,632,1020,2,0,7,416,259,7,44,13,23,184,5,13,5,36,7,2,29,44,9,3,14,0,595
05/02/2020,63,12,18,5,16,6,17,30,23,44,3,21,14,37,23,11,22,12,11,136,11,2672,7,3,2,4,28,52,10,74,18,4,77,59,4,48,28,18,168,5,11,7,22,55,17,44,138,97,6,9,5,8,547,5,22,49,99,8,57,16,48,38,2875,36,8,0,5,236,148,168,49,640,1344,2,0,7,419,268,7,43,13,23,193,6,14,5,36,9,2,29,44,9,3,15,0,596
05/03/2020,63,12,18,5,16,6,19,30,25,45,3,24,14,37,23,11,21,12,11,136,11,2815,7,3,2,4,28,53,10,80,21,4,80,63,4,50,28,19,172,5,11,7,24,57,17,50,140,100,6,9,5,8,579,5,22,51,146,8,57,16,53,41,3026,36,8,0,7,243,148,179,51,653,1346,2,0,14,427,273,7,43,13,23,200,6,14,5,36,9,2,29,44,9,3,15,0,598
05/04/2020,70,12,23,5,19,7,20,31,27,45,5,25,16,39,24,11,29,12,12,139,12,2878,8,3,2,4,30,56,10,84,25,4,82,68,5,53,28,22,180,5,11,7,28,58,17,53,142,103,6,9,5,8,603,5,24,57,148,8,57,17,56,44,3191,36,8,0,7,249,149,184,58,663,1348,2,0,15,431,276,9,43,13,24,200,6,14,5,39,9,2,29,49,10,3,17,0,598
05/05/2020,73,12,22,5,19,7,20,31,27,47,5,25,16,39,24,11,32,12,12,160,12,2922,7,3,2,4,29,59,10,84,25,4,84,69,5,53,28,23,184,6,11,7,27,58,17,53,140,106,6,10,6,8,620,5,23,59,149,8,58,17,57,45,3322,36,8,0,7,251,151,185,60,665,1352,2,0,15,439,281,9,43,13,25,201,6,16,6,40,10,2,29,49,10,3,16,0,601
05/06/2020,69,12,18,6,16,6,22,31,26,47,7,25,16,39,23,11,26,13,12,162,11,3010,7,3,2,4,29,61,10,85,25,4,84,73,5,50,28,19,196,6,11,7,26,59,17,54,144,107,6,10,6,8,655,7,23,52,155,10,59,16,58,45,3346,36,9,0,7,252,153,186,60,671,1355,2,0,15,436,287,7,43,13,24,212,7,16,6,38,10,2,29,51,11,3,15,0,601
05/07/2020,69,13,19,6,17,6,23,31,26,48,5,25,16,38,24,11,26,13,12,162,11,3066,7,3,2,4,31,64,10,84,25,4,85,73,5,52,30,20,211,6,11,8,26,59,19,55,145,108,6,11,6,8,661,7,23,52,158,10,59,16,58,47,3432,37,9,0,7,253,155,195,63,672,1356,2,147,16,434,288,7,43,14,24,217,7,18,7,39,10,2,29,52,17,3,15,0,602
05/08/2020,69,13,19,6,17,6,64,31,26,48,5,25,16,39,24,11,29,13,12,166,11,3113,7,3,2,4,31,68,12,84,26,4,85,75,5,52,30,21,229,6,11,8,26,59,19,57,148,113,6,11,6,8,685,6,24,54,158,10,60,16,59,48,3460,38,9,0,7,255,161,207,65,683,1355,2,71,16,441,290,7,43,14,24,222,7,18,7,41,10,2,29,52,18,3,16,0,604
05/09/2020,71,13,19,6,17,6,116,31,26,49,5,26,16,39,24,11,30,13,12,166,11,3189,7,3,2,4,31,69,12,85,27,4,85,77,6,53,30,21,232,6,11,8,26,59,20,58,150,116,10,11,6,8,720,6,24,54,158,12,61,16,61,52,3586,40,9,0,7,262,172,219,65,693,1357,2,75,16,441,297,9,44,15,24,231,7,18,7,41,10,2,29,55,22,3,16,0,604
05/10/2020,71,13,19,6,17,6,151,31,26,52,5,26,16,41,24,11,29,13,12,175,11,3260,7,3,2,4,31,69,12,85,27,4,86,79,6,54,30,21,233,6,12,10,26,59,20,58,151,117,12,11,6,8,725,6,24,54,159,12,61,17,63,53,3652,40,9,0,8,263,174,218,65,698,1357,3,230,16,443,300,9,46,15,24,237,7,18,7,41,10,2,29,55,22,3,16,1,604
05/11/2020,72,13,21,6,18,6,171,31,26,52,5,36,16,43,24,11,31,13,12,178,11,3372,7,3,2,3,33,72,12,84,28,4,86,80,6,56,30,21,240,6,12,10,26,61,21,59,156,122,12,14,6,8,745,6,24,54,373,12,65,17,66,54,3699,41,9,0,8,280,180,220,65,699,1363,3,78,16,445,302,12,46,15,24,238,6,18,7,43,10,2,29,55,22,3,16,1,604
05/12/2020,73,13,22,6,19,6,170,32,28,52,11,40,16,44,24,11,33,13,12,180,11,3429,7,3,2,3,34,74,12,86,28,4,88,82,6,57,30,23,258,6,12,10,26,99,21,69,157,122,12,14,6,8,764,6,24,54,395,13,65,17,76,54,3785,41,9,0,8,286,188,244,65,708,1364,3,80,17,447,306,12,46,15,24,239,6,18,7,43,10,2,29,57,22,3,16,1,604
05/13/2020,74,13,22,6,19,6,177,31,28,52,15,40,16,46,24,12,33,13,12,190,11,3475,7,4,2,3,35,75,12,87,28,4,88,85,6,57,30,25,286,6,12,10,26,300,21,71,156,123,12,14,6,8,780,7,24,54,400,13,64,17,78,56,3879,41,9,0,8,295,191,245,65,714,1381,3,81,17,453,309,12,47,15,24,246,6,18,7,44,10,2,29,58,22,3,16,1,603
05/14/2020,75,13,23,6,20,6,179,32,29,52,15,43,16,46,25,12,37,13,12,204,11,3542,7,4,2,3,35,80,12,87,28,5,88,86,6,57,30,25,319,6,12,10,26,401,21,74,157,123,12,14,6,8,796,10,24,56,402,14,66,17,85,57,3889,41,9,0,9,297,199,250,65,720,1382,3,85,17,456,312,13,46,16,24,248,6,19,7,44,11,2,30,60,22,3,17,1,603
05/15/2020,75,13,24,6,20,6,180,32,29,52,15,43,16,48,25,12,38,13,12,206,11,3595,7,4,3,61,36,81,12,88,28,5,90,88,6,57,30,24,332,6,12,10,26,401,21,75,160,123,12,14,7,8,814,10,24,57,402,14,66,17,88,60,4008,43,9,0,9,302,203,263,66,724,1382,3,85,17,462,316,13,46,17,24,248,6,19,7,44,11,2,30,60,22,3,17,1,605
05/16/2020,75,13,25,6,20,6,183,31,29,52,15,44,16,48,26,12,41,13,12,232,11,3681,7,4,3,63,36,81,12,88,29,5,91,88,6,58,30,24,354,6,12,11,26,401,21,81,162,123,12,14,7,8,847,10,24,57,403,15,66,17,88,60,4049,43,9,0,9,309,204,274,68,737,1382,3,86,18,471,318,13,46,17,24,251,6,19,7,44,12,2,31,61,22,3,17,1,607
05/17/2020,75,13,25,6,20,6,182,31,29,52,15,44,16,48,26,12,41,13,13,235,11,3726,7,4,3,63,36,82,12,89,29,5,92,90,6,58,30,25,368,6,12,11,26,404,21,81,163,123,12,14,7,8,847,10,24,57,403,15,66,17,88,60,4132,43,10,0,9,311,206,274,68,739,1383,3,104,18,471,318,13,46,17,24,252,6,19,7,44,12,2,32,63,22,3,19,1,607
05/18/2020,76,13,25,6,20,6,183,31,29,52,15,44,16,94,27,12,49,13,14,240,12,3846,7,4,4,63,37,83,12,93,30,5,93,94,6,59,30,25,376,6,12,11,26,404,21,90,163,123,12,16,10,9,884,10,25,57,405,16,66,17,92,61,4160,43,12,0,10,315,213,294,69,749,1383,3,106,19,480,327,13,46,19,26,254,7,19,8,44,12,2,33,68,22,3,19,2,607
05/19/2020,76,13,25,6,20,6,183,31,29,52,15,48,17,97,26,12,51,13,14,286,11,3936,8,4,4,63,37,84,12,94,32,5,93,95,9,59,31,24,404,7,12,13,26,403,21,93,162,125,17,18,15,9,906,9,29,57,407,16,70,17,93,63,4390,43,12,1,10,320,216,298,68,768,1384,3,109,21,492,338,14,46,20,27,257,7,19,8,45,12,2,34,71,22,3,19,2,607
05/20/2020,76,13,25,6,20,6,183,31,29,52,15,48,17,97,26,12,51,13,14,286,11,4005,8,4,4,63,37,84,12,94,32,5,93,95,9,59,31,24,447,7,12,13,26,403,21,93,162,125,17,18,15,9,906,9,29,57,407,16,70,17,93,63,4504,43,12,1,10,327,216,298,68,768,1384,3,109,21,492,338,14,46,20,27,257,7,19,8,45,12,2,34,71,22,3,19,2,607
05/21/2020,77,15,26,6,20,6,184,31,29,52,15,51,22,110,27,12,55,13,14,321,11,4034,8,4,4,63,37,89,12,96,32,5,97,98,9,59,31,24,487,7,12,13,27,403,22,93,162,124,17,18,188,9,930,10,29,60,409,16,68,17,97,63,4530,44,12,1,10,328,217,317,69,778,1385,3,107,22,491,344,14,46,28,26,262,7,19,8,45,12,2,35,74,22,3,20,2,607
05/22/2020,78,15,26,6,20,6,187,31,29,52,15,51,26,130,28,12,57,13,14,350,11,4127,8,4,4,63,37,90,12,97,32,5,101,100,9,60,31,25,531,7,12,14,27,406,23,97,163,124,17,18,193,10,950,10,29,61,423,16,68,17,100,64,4596,45,12,1,10,333,218,335,70,792,1390,3,110,22,500,343,14,47,29,26,263,7,19,8,46,12,3,35,78,22,3,21,2,607
05/23/2020,81,16,27,6,20,6,188,31,29,54,15,51,26,131,27,12,56,13,14,359,11,4225,8,4,4,63,39,91,12,107,33,5,101,104,9,61,31,25,566,7,12,16,27,408,24,97,164,133,17,20,194,13,977,10,29,61,426,19,72,17,103,65,4683,45,12,1,11,337,234,360,72,809,1388,3,114,24,503,343,14,48,29,26,264,7,19,8,48,12,3,36,78,25,3,24,3,607
05/24/2020,82,17,27,7,20,6,189,31,29,53,15,51,25,132,27,12,56,13,14,377,11,4336,9,4,4,63,39,93,12,109,33,5,101,107,10,60,31,26,640,7,12,17,27,409,24,100,165,134,17,20,195,15,998,10,30,61,421,19,73,17,104,65,4731,46,12,1,11,341,240,371,72,811,1393,3,119,27,512,355,15,47,29,26,265,7,19,8,48,12,3,36,78,25,3,24,3,607
05/25/2020,82,17,27,6,20,6,188,31,29,53,15,56,25,136,29,12,56,13,14,380,11,4451,9,4,4,63,39,98,12,109,34,5,104,107,11,60,32,26,694,7,13,17,27,410,24,101,173,135,17,21,197,15,1029,11,30,61,427,21,73,17,110,66,4821,46,12,1,11,352,248,389,72,827,1392,3,114,27,522,363,16,47,29,26,269,7,19,8,48,13,3,36,79,25,3,24,3,608
05/26/2020,84,17,27,6,20,6,189,31,29,53,15,56,25,136,29,12,58,13,14,410,11,4531,9,4,4,63,40,99,12,111,35,5,106,108,12,61,32,26,717,7,13,17,28,413,24,108,174,135,17,23,197,15,1063,12,30,62,427,21,75,17,112,66,4974,48,12,1,11,362,251,414,75,838,1392,3,114,27,527,371,16,47,29,26,269,7,19,8,48,13,3,37,80,25,3,27,3,608
05/27/2020,89,17,27,6,20,6,192,31,30,54,15,56,25,137,29,12,59,13,15,428,11,4615,10,4,4,63,40,105,13,111,37,5,107,110,12,60,32,30,772,8,13,17,28,413,24,119,174,136,17,25,197,16,1090,13,30,60,428,22,75,17,114,66,5068,49,12,1,11,376,258,426,75,843,1392,3,125,28,532,382,16,48,30,26,270,7,19,8,49,14,3,37,81,25,3,28,3,608
05/28/2020,89,17,27,6,20,6,194,31,30,57,16,56,25,137,30,12,61,16,15,461,11,4718,11,4,4,63,39,108,12,111,37,5,110,110,12,61,32,30,843,8,13,17,28,413,24,124,175,136,17,26,198,16,1116,15,30,60,430,22,75,17,118,68,5147,49,12,1,11,377,261,441,76,852,1393,4,133,30,533,387,16,48,30,26,274,7,19,9,50,14,3,38,81,26,3,28,3,608
05/29/2020,89,17,27,7,20,6,195,32,30,57,16,55,25,142,31,12,61,17,15,465,12,4823,11,4,4,63,39,113,12,111,37,5,109,112,12,62,32,34,939,8,13,17,28,413,29,130,175,136,17,26,209,16,1162,15,32,60,437,23,75,17,116,70,5210,51,12,1,12,386,262,449,80,858,1393,4,140,31,542,389,16,49,30,26,283,7,19,9,50,15,3,39,88,26,3,30,3,606
05/30/2020,91,21,27,7,20,8,196,33,31,58,16,56,25,143,31,12,62,21,16,479,12,4943,11,4,4,64,40,122,12,112,37,5,109,115,12,63,31,36,999,8,13,17,28,414,31,136,175,141,17,26,210,16,1196,15,34,60,442,23,75,18,123,73,5285,53,12,1,15,402,269,465,81,881,1392,4,143,33,552,407,16,50,30,26,283,7,19,9,50,15,3,40,89,26,3,30,3,607
05/31/2020,91,21,27,7,20,8,196,33,31,58,16,56,25,143,31,12,62,21,16,479,12,5003,11,4,4,64,40,122,12,112,37,5,109,115,12,63,31,36,1083,8,13,17,28,414,31,136,175,141,17,26,210,16,1196,15,34,60,442,23,75,18,123,73,5285,53,12,1,15,413,269,465,81,881,1392,4,144,33,552,407,16,50,30,26,283,7,19,9,50,15,3,40,89,26,3,30,3,607
06/01/2020,91,21,27,7,20,8,196,33,31,58,16,56,25,143,31,12,62,21,16,479,12,5124,11,4,4,64,40,122,12,112,37,5,109,115,12,63,31,36,1132,8,13,17,28,414,31,136,175,141,17,26,210,16,1196,15,34,60,442,23,75,18,123,73,5517,53,12,1,15,421,269,465,81,881,1392,4,144,33,552,407,16,50,30,26,283,7,19,9,50,15,3,40,89,26,3,30,3,607
06/02/2020,93,31,28,8,21,11,202,34,32,58,16,59,28,154,32,15,66,23,18,507,12,5314,13,5,4,64,41,157,12,118,40,5,116,121,12,62,31,43,1178,8,15,19,28,765,32,157,174,143,17,32,214,16,1278,19,36,60,455,26,75,18,134,73,5617,54,12,1,18,441,277,511,90,913,1396,41,160,34,567,430,16,52,31,26,295,7,19,12,55,15,3,42,102,27,4,40,3,609
06/03/2020,93,32,28,8,21,11,201,34,33,58,19,59,29,157,33,15,69,24,18,519,12,5428,13,4,4,64,41,161,12,119,38,5,118,125,12,63,31,43,1219,8,15,19,28,835,33,158,173,144,17,32,214,16,1321,19,37,60,459,26,75,18,135,74,5750,54,12,1,22,449,283,516,94,931,1394,48,160,34,577,442,16,52,31,26,295,7,19,12,57,15,3,42,105,27,5,43,3,610
06/04/2020,93,32,28,8,21,13,202,34,33,58,19,59,29,161,33,15,71,24,19,524,12,5546,13,4,4,64,42,166,12,120,38,5,120,136,12,63,31,42,1275,8,15,19,29,794,33,166,173,146,17,32,217,16,1343,20,36,60,461,26,75,18,135,78,5831,54,13,1,22,463,286,523,97,938,1394,48,158,33,589,449,16,52,32,26,297,7,19,12,57,15,3,44,107,27,5,45,3,610
06/05/2020,93,32,28,8,21,15,204,34,34,59,18,60,30,165,34,15,74,24,19,525,13,5669,14,4,4,64,42,174,12,120,39,5,121,144,12,63,32,44,1381,7,16,19,29,725,35,171,173,146,18,33,216,17,1398,20,36,60,467,27,76,18,140,81,5900,54,14,1,22,471,287,542,100,951,1394,49,159,34,595,459,16,52,31,26,302,7,19,12,59,15,3,44,108,27,5,48,3,613
06/06/2020,93,32,28,8,21,16,208,34,34,62,20,60,32,168,36,19,75,24,21,529,13,5812,15,4,4,64,45,184,12,124,39,6,124,152,12,63,32,45,1423,8,16,19,29,724,36,177,174,150,18,34,218,19,1443,20,36,62,475,28,86,18,141,81,6032,54,17,1,23,474,287,545,109,967,1394,52,167,38,606,469,16,52,32,26,314,8,19,12,60,15,3,45,115,27,5,52,4,614
06/07/2020,94,32,28,8,21,16,211,34,36,59,21,60,32,167,36,23,75,24,21,552,14,5908,15,4,4,64,47,199,12,125,39,8,125,151,12,63,32,45,1458,8,16,19,29,724,38,178,178,150,19,35,218,21,1479,20,36,62,479,28,86,18,143,81,6156,54,18,2,31,487,294,553,110,975,1394,52,170,41,621,475,16,52,32,26,325,8,19,14,61,15,4,45,115,27,5,56,4,614
06/08/2020,94,34,28,9,21,15,211,34,34,60,22,60,32,170,36,24,76,24,23,552,13,6005,15,4,4,64,48,219,12,125,40,7,125,155,12,64,32,58,1486,8,17,19,29,724,40,181,179,153,19,35,221,21,1522,21,37,62,480,31,86,18,144,82,6228,54,18,2,29,504,301,567,129,987,1397,52,175,43,630,477,16,52,32,26,332,8,19,14,67,15,4,45,116,27,5,53,4,613
06/09/2020,96,34,28,9,22,16,212,34,35,60,22,60,33,171,37,23,75,24,24,569,13,6125,14,5,4,64,50,233,12,126,41,6,127,159,13,64,32,62,1556,9,18,19,31,730,41,185,181,159,19,35,219,23,1568,21,37,66,487,32,86,18,146,84,6412,55,19,1,30,513,310,580,158,1011,1397,52,174,45,648,488,16,52,33,26,341,8,19,14,70,16,4,45,124,27,5,53,4,611
06/10/2020,96,34,29,9,22,16,213,34,35,60,23,60,34,174,40,24,75,24,24,571,14,6220,14,5,4,64,54,238,12,127,41,14,128,162,13,64,32,63,1645,9,17,19,31,712,48,186,183,159,19,36,220,23,1600,21,37,67,488,32,87,18,149,87,6571,55,19,1,31,529,309,584,178,1033,1397,52,182,44,654,499,16,52,33,26,346,8,19,15,71,16,4,46,128,27,5,53,4,613
06/11/2020,97,34,29,9,23,16,214,34,35,60,24,60,36,174,39,25,75,24,24,572,14,6365,14,6,4,64,55,241,12,129,41,14,129,163,13,64,32,65,1692,9,17,19,36,688,52,191,182,161,18,36,220,23,1620,21,37,67,491,32,88,18,151,88,6627,55,19,1,30,537,312,594,184,1049,1399,52,186,44,662,501,16,52,34,27,372,8,19,15,73,17,5,47,139,28,5,53,4,614
06/12/2020,104,34,34,9,26,18,215,34,36,61,24,61,42,188,40,26,85,25,28,588,14,6451,14,7,4,64,59,266,12,130,41,14,131,167,14,68,32,75,1751,9,18,19,42,691,57,189,182,162,18,37,222,33,1653,21,39,70,497,32,88,22,152,92,6734,59,21,1,30,559,319,597,206,1059,1458,52,0,46,670,511,18,53,34,28,376,8,20,15,82,17,5,48,147,29,5,56,4,614
06/13/2020,103,34,35,10,26,19,215,34,36,61,24,61,44,196,40,27,86,27,29,588,14,6556,14,8,4,64,60,272,12,131,41,14,133,169,14,68,32,74,1788,10,18,20,43,690,60,190,182,165,19,37,228,32,1675,22,40,69,501,32,90,24,153,94,6818,62,22,1,31,574,324,609,229,1075,1456,53,0,46,675,512,18,53,34,30,379,8,20,15,86,18,5,49,149,29,5,56,4,614
06/14/2020,104,34,36,11,26,19,217,34,37,61,24,63,47,198,41,27,86,27,29,601,14,6773,16,8,4,64,59,281,12,131,41,14,135,172,14,68,33,75,1842,10,18,20,45,690,64,204,184,165,19,37,232,33,1719,22,40,70,510,33,90,24,153,94,6885,62,22,1,33,587,332,633,233,1088,1456,53,0,48,686,515,18,53,35,30,378,8,20,15,91,18,6,49,152,29,5,61,4,614
06/15/2020,106,34,36,11,26,20,220,34,37,62,25,65,47,199,41,31,86,27,29,610,14,6954,16,8,5,64,60,288,12,133,41,14,138,177,14,69,36,75,1889,10,18,20,45,690,65,207,183,168,20,38,239,33,1775,22,41,70,520,33,90,24,155,94,7185,63,23,1,37,593,339,649,248,1105,1458,53,0,48,703,518,18,53,35,30,379,8,20,15,99,19,6,49,163,29,5,63,4,614
06/16/2020,110,34,36,11,27,22,225,35,37,62,25,68,47,210,43,31,91,28,29,613,14,7104,16,9,5,64,65,302,12,137,41,14,138,183,15,69,36,88,1941,10,18,20,46,689,70,209,183,169,21,38,239,32,1820,22,43,70,525,35,91,25,158,96,7357,63,22,1,40,610,341,657,285,1112,1460,52,0,49,723,537,19,55,35,32,392,8,22,15,106,19,5,49,171,30,5,67,4,614
06/17/2020,115,34,36,11,27,22,226,37,39,62,25,71,48,214,44,33,93,28,32,612,14,7244,16,9,5,64,66,303,14,137,41,14,140,186,15,69,37,92,1988,10,18,20,48,689,72,209,188,170,21,38,243,32,1851,23,43,71,534,35,93,25,159,97,7483,64,23,1,44,617,341,658,297,1119,1460,52,0,50,730,544,19,55,35,35,403,8,22,15,116,19,5,49,177,29,5,67,4,614
06/18/2020,118,34,36,11,27,22,226,37,39,62,26,71,48,221,45,35,97,28,32,630,15,7290,17,9,5,64,69,305,14,138,41,15,140,189,15,70,37,91,2065,10,18,21,51,689,76,216,188,171,22,38,243,32,1888,23,46,71,541,36,99,26,161,97,7550,64,24,1,46,637,356,670,342,1130,1464,52,0,51,742,565,21,56,35,36,404,8,23,16,122,19,5,49,198,30,5,68,4,614
06/19/2020,119,34,36,13,27,25,252,38,40,63,26,71,48,226,44,38,108,28,32,643,15,7623,17,9,5,64,74,314,14,137,41,15,145,193,15,74,39,96,2102,10,18,21,59,689,78,217,190,172,22,40,247,34,1990,22,48,72,551,36,101,26,164,99,7707,65,24,2,51,658,363,703,387,1155,1464,52,0,52,767,580,25,55,36,39,416,8,27,16,141,19,5,48,205,30,5,71,4,614
06/20/2020,127,23,36,13,29,25,253,38,41,64,26,71,49,230,46,38,107,28,32,655,14,7737,17,9,5,64,74,328,14,137,42,15,145,193,15,75,46,109,2121,10,18,21,61,689,81,219,192,172,22,41,253,34,2019,22,49,72,554,33,101,26,164,99,7986,65,24,3,53,666,368,701,411,1165,1466,52,0,53,775,595,25,55,36,41,428,8,28,16,145,20,5,49,218,30,5,71,4,613
06/21/2020,127,23,36,13,29,25,255,39,45,64,26,72,49,232,46,40,108,28,32,663,14,7916,17,10,5,64,74,338,14,142,43,15,147,195,15,77,46,117,2138,10,18,21,61,689,81,222,193,173,22,42,256,34,2060,24,50,72,562,34,102,26,165,99,8052,67,24,3,57,681,384,705,420,1181,1466,52,0,54,782,616,25,55,36,42,430,8,30,16,158,21,5,50,220,31,5,71,4,613
06/22/2020,130,23,36,13,31,25,257,40,48,64,26,75,49,234,46,42,109,28,36,673,14,8064,17,10,5,65,75,349,14,145,42,15,146,203,15,77,48,121,2174,10,18,22,64,689,81,223,196,175,22,43,255,34,2100,24,50,73,563,34,103,26,167,99,8191,69,24,3,69,706,385,708,422,1196,1466,53,0,54,793,625,25,56,36,43,432,8,30,16,164,22,5,50,224,31,5,71,5,613
06/23/2020,139,23,36,14,31,25,257,42,54,65,26,82,49,239,48,45,110,28,36,676,14,8268,19,9,6,67,78,393,16,148,43,15,150,213,15,80,51,134,2209,10,18,22,64,689,95,230,202,183,22,44,256,35,2150,24,51,75,565,39,107,27,175,99,8258,69,38,3,71,741,392,715,464,1212,1468,53,0,55,813,649,26,56,37,44,436,8,32,18,174,25,5,53,241,31,5,73,5,613
06/24/2020,142,23,36,12,32,25,260,42,57,66,27,84,51,243,49,47,115,28,36,675,14,8490,19,9,6,69,79,406,16,152,44,16,150,224,15,80,55,156,2277,10,18,22,73,690,97,235,201,192,22,45,257,41,2211,24,53,77,571,46,109,27,177,102,8405,69,42,3,76,758,407,722,489,1231,1469,53,0,55,840,658,28,58,37,44,445,9,34,18,181,26,5,54,248,31,5,74,5,616
06/25/2020,150,23,36,12,36,25,269,43,59,67,28,86,51,244,49,48,116,28,36,706,14,8643,19,10,6,71,81,421,16,155,44,17,151,229,15,83,58,162,2322,10,18,22,80,690,101,241,206,194,22,46,258,42,2266,24,58,77,580,47,112,28,187,102,8644,69,43,3,80,798,413,729,516,1260,1471,53,0,58,874,683,28,66,37,45,451,12,42,19,181,27,5,56,259,31,5,75,6,616
06/26/2020,152,25,36,13,42,27,273,46,59,69,30,87,52,244,54,50,116,28,36,726,14,8988,19,11,6,71,89,430,16,159,47,17,156,233,15,84,59,170,2356,10,19,22,85,691,104,280,210,201,23,50,259,42,2337,24,62,79,584,50,118,29,190,103,8876,70,45,3,82,834,434,742,536,1296,1473,53,0,60,912,708,27,68,38,48,463,12,48,19,184,28,5,56,267,32,5,79,6,616
06/27/2020,156,25,38,13,48,28,276,45,62,69,34,99,52,248,60,52,118,29,38,735,14,9139,19,11,6,74,90,444,19,159,47,18,159,244,16,90,59,181,2423,10,20,22,91,691,113,293,228,203,23,51,262,43,2362,24,67,83,593,55,121,31,194,103,9226,73,45,3,89,878,438,751,549,1318,1476,53,0,61,945,725,28,74,40,49,482,12,49,21,192,31,5,57,276,32,6,87,6,616
06/28/2020,156,25,38,13,48,28,276,45,62,69,34,99,52,248,60,52,118,29,38,735,14,9139,19,11,6,74,90,444,19,159,47,18,159,244,16,90,59,181,2423,10,20,22,91,691,113,293,228,203,23,51,262,43,2362,24,67,83,593,55,121,31,194,103,9348,73,45,3,89,888,438,751,549,1318,1476,53,0,61,945,725,28,74,40,49,482,12,49,21,192,31,5,57,276,32,6,87,6,616
06/29/2020,162,26,39,14,51,32,287,49,67,70,35,111,53,254,67,56,118,30,41,773,14,9671,20,12,7,75,97,493,21,165,50,19,168,263,17,97,59,204,2469,12,20,23,99,691,116,361,233,212,23,55,266,43,2450,24,79,87,605,58,128,31,195,105,9348,73,50,3,89,947,464,768,588,1371,1482,53,17,63,1001,762,30,81,42,56,502,12,52,24,206,31,5,61,282,32,6,93,6,616
06/30/2020,173,27,39,16,58,35,299,51,71,70,36,119,56,261,71,58,132,31,41,783,14,10028,21,12,7,77,102,550,23,168,52,21,175,273,17,100,58,220,2525,12,22,26,102,690,124,394,247,210,24,56,269,44,2528,24,90,89,607,62,131,36,202,108,9805,75,50,3,93,967,479,776,608,1417,1485,54,0,63,1013,779,31,85,42,60,513,12,54,25,214,32,6,64,287,32,7,94,6,617
07/01/2020,188,31,39,16,70,37,304,51,74,72,37,120,59,265,73,62,135,32,41,805,15,10344,21,13,7,77,104,580,23,173,54,21,180,292,18,106,58,263,2643,12,23,26,107,690,133,409,255,216,24,57,272,46,2648,28,96,91,611,65,134,39,214,109,10148,80,50,3,100,1006,493,792,657,1469,1489,54,0,64,1090,829,31,85,42,61,520,12,56,28,225,35,7,67,297,32,8,98,6,618
07/02/2020,205,34,40,16,76,39,314,55,81,73,38,136,58,271,74,64,136,31,41,814,15,10765,21,15,7,80,105,604,26,174,57,21,194,301,19,110,58,296,2704,13,26,26,121,690,143,421,264,218,24,58,274,50,2733,29,103,101,620,69,134,41,220,115,10756,82,55,3,103,1075,513,801,733,1507,1490,55,0,65,1148,859,32,86,42,62,520,12,56,32,232,39,7,67,311,32,10,106,6,618
07/03/2020,212,36,44,16,90,40,325,57,92,80,39,139,61,277,81,68,137,33,44,853,18,11145,23,16,8,82,116,662,30,178,60,22,201,310,22,121,59,314,2782,14,27,26,125,691,152,436,280,227,25,59,276,59,2854,33,111,108,633,72,142,44,225,117,11114,82,56,3,104,1121,534,815,768,1559,1494,55,0,70,1226,891,34,95,45,63,545,13,56,41,240,44,6,71,326,33,12,113,6,618
07/04/2020,218,36,48,16,91,42,329,56,91,80,44,143,63,280,89,69,138,34,45,882,17,11560,23,18,8,82,134,674,34,180,66,22,206,312,22,128,59,317,2818,15,27,26,127,691,157,452,291,232,25,61,278,61,2919,38,116,116,637,73,149,48,225,117,11441,84,58,4,109,1216,549,826,790,1593,1496,55,0,70,1268,910,35,101,44,63,559,13,57,44,248,45,6,70,342,32,12,112,6,619
07/05/2020,227,37,47,17,94,42,343,57,92,80,44,145,64,287,91,73,140,34,45,883,17,11829,23,18,8,86,142,707,34,181,67,22,209,317,22,129,62,340,2871,15,28,27,136,692,163,465,299,237,27,62,286,62,2987,42,120,117,645,76,165,48,230,119,11769,87,60,6,108,1234,554,834,804,1610,1498,55,0,70,1313,941,38,103,44,64,570,13,59,45,251,46,6,73,354,32,12,112,6,620
07/06/2020,229,37,48,18,94,41,352,62,93,80,44,151,65,288,92,76,141,34,46,906,17,12019,23,19,7,88,144,745,35,183,68,22,212,323,23,129,61,343,2909,15,29,29,137,694,164,487,305,239,27,63,285,62,3040,41,122,121,649,78,174,51,232,120,12203,88,62,6,109,1326,567,839,830,1636,1498,55,0,73,1340,963,40,114,45,64,570,13,65,48,254,48,6,74,357,32,13,113,6,621
07/07/2020,262,37,49,19,105,47,357,64,96,88,45,154,68,293,98,76,140,35,46,919,18,12176,24,19,7,89,143,773,37,188,70,22,219,328,24,133,63,374,2982,15,35,30,147,694,172,500,318,243,28,65,289,64,3111,42,124,141,653,81,182,54,236,125,12352,90,70,8,115,1396,587,855,857,1670,1503,55,0,76,1420,999,40,117,45,66,584,13,70,53,261,48,6,79,379,32,15,117,6,623
07/08/2020,272,41,49,18,116,48,374,66,108,95,44,164,78,302,101,84,141,35,48,926,21,12549,25,19,7,90,166,874,48,193,70,24,231,344,25,147,65,397,3076,16,35,33,148,696,192,511,339,255,29,67,293,71,3234,42,136,159,662,100,197,62,243,132,12752,101,77,9,119,1450,620,875,857,1727,1503,56,185,77,1515,1060,44,122,47,67,589,13,75,59,270,56,7,87,406,34,17,117,6,624
07/09/2020,280,45,51,18,126,50,381,79,111,98,44,172,80,308,104,91,146,35,51,989,22,12842,26,20,7,99,178,889,53,196,76,28,243,346,25,158,65,422,3180,19,38,41,157,697,202,546,340,257,29,68,294,75,3326,43,139,178,674,106,212,65,252,134,13440,104,80,10,120,1521,658,882,863,1802,1505,56,0,80,1591,1099,48,123,48,69,595,15,77,61,274,62,10,90,420,35,17,118,7,625
07/10/2020,306,46,52,18,130,55,400,83,113,101,45,175,84,320,108,100,152,37,55,1002,26,13135,27,22,9,110,189,925,59,200,82,28,251,357,27,166,65,447,3255,20,39,46,164,696,227,568,347,270,30,70,303,80,3428,45,148,189,692,120,235,67,264,137,13802,110,89,11,125,1569,712,901,884,1874,1506,56,0,81,1670,1130,49,138,50,69,598,15,87,68,280,65,10,91,431,37,17,118,7,627
